user_id,Unable to Turn to Friends or Family,Illness,Food Insecurity,Energy Insecurity,Income,Worry About Energy Payment,Distance to Railway Access,Population Density,Uses Foodbank,Distance to Greenspace,Living Environment Score,Distance to Bus Stop,Distance to Underground Access,Worry About Housing Payment,IMD Score,Unemployed,Age,Not Working Sick or Disabled,Living On my Own With Children Under 18,Gender,Not Working (Looking After Child or House),new_loneliness_binary
85575,1,0,2,2,3,1,966.5635213,2182.914256,0,719.294256,23.049,147.166393,1245.08353,0,15.61,0,2,0,0,1,0,0
12054,2,1,2,1,0,1,716.0704512,8875.601328,0,110.832569,41.933,312.4657408,1101.453158,1,16.47,1,2,1,0,0,0,1
1108729,1,1,3,3,0,1,431.0179827,8472.709381,0,298.804349,42.259,43.11494364,35.40188727,1,34.37,0,4,1,0,0,0,0
1261411,1,0,2,1,3,0,442.9991058,21955.47306,0,633.580582,37.917,167.200854,490.2739991,1,16.762,0,4,0,0,0,0,0
1633334,0,0,0,1,2,0,106.6601468,17056.56889,0,53.887403,49.58,62.7334183,155.9918452,1,25.93,0,1,0,0,0,0,0
179304,0,0,0,0,4,0,1609.938213,3590.291668,0,148.29823,30.335,173.959473,1139.472714,0,8.6,0,2,0,0,0,0,1
216016,0,0,2,1,0,0,1038.539026,7081.50832,1,997.962002,30.185,20.32602285,187.4045655,1,19.334,0,3,0,0,0,0,0
1983972,2,1,0,0,0,1,4334.584216,3856.451116,0,108.961055,14.579,192.7926297,715.6012985,0,13.898,0,4,0,0,0,0,0
12899,0,0,2,0,4,0,1323.383776,7791.640058,0,310.594429,31.034,104.0650431,175.9986309,1,5.985,0,2,0,0,0,1,0
2040847,1,0,2,1,4,1,515.042407,8954.127305,0,329.029752,51.95,57.88101745,934.4710268,0,31.45,0,1,0,0,1,0,0
2109004,1,1,0,0,1,1,1330.538492,6004.157128,0,556.170997,21.211,146.5420735,1310.389302,0,15.103,0,4,0,0,0,1,0
17383,0,0,0,0,4,0,813.2463622,15412.69587,0,255.156881,35.297,134.927751,852.7287589,0,18.245,0,1,0,0,0,0,0
241591,0,0,3,2,0,0,314.5850141,10150.51159,0,212.469856,25.188,121.4687489,1336.051109,1,11.93,0,1,0,0,0,0,0
257906,1,0,2,1,3,0,559.54992,11131.97235,0,643.615522,28.94,156.5800018,672.8772661,1,28.921,0,1,0,0,0,0,1
311900,2,0,2,2,3,0,119.1100404,3354.570568,0,153.489981,49.165,73.43485217,92.32764544,1,13.584,0,3,0,0,0,0,0
2135077,0,0,3,1,1,1,1172.969542,7114.771968,0,30.8798152,20.612,107.1806658,1519.221876,0,23.892,0,0,0,0,0,0,0
32450,0,0,0,0,4,0,1216.172567,18040.94673,0,57.9445285,35.71,30.10155987,887.8742702,0,29.332,0,2,0,0,0,0,0
2142355,1,0,0,1,4,1,281.4651521,5020.3057,0,143.002638,25.002,145.1297347,4330.995091,1,21.984,0,2,0,0,0,0,0
12644,2,1,3,2,2,1,2602.056357,5863.624478,0,272.827118,19.586,22.97486688,19.665797,1,15.206,0,3,1,0,0,0,0
2147085,1,0,3,3,4,1,2088.518574,13629.51323,1,321.915957,49.327,152.5172422,517.5823538,1,40.084,0,3,0,0,0,0,1
344114,1,1,1,0,0,0,637.4551227,16831.2794,0,39.1450146,33.794,261.2900987,1091.89019,0,30.077,0,2,0,0,2,0,0
345697,1,0,0,0,4,0,418.4028575,5892.03671,0,154.47111,23.168,218.9345574,741.4130931,0,8.331,0,2,0,0,0,0,0
350934,0,0,1,0,0,0,1052.939,18969.74134,0,139.500769,21.203,112.6429602,301.5790661,1,39.575,0,1,0,0,0,0,0
363795,1,1,0,1,4,0,206.1629812,1291.060736,0,255.868529,13.211,122.3814702,4667.653671,0,17.303,0,3,0,0,0,0,0
2154124,1,0,0,0,2,0,628.0053983,12087.15488,0,326.401838,44.184,94.06843115,408.4011072,0,38.967,0,3,0,0,0,0,1
414510,1,1,2,1,0,0,2496.928048,4124.682804,1,21.075407,18.274,101.7101337,967.0037657,0,7.828,0,5,0,0,0,0,0
420698,1,0,1,1,2,0,635.5428121,8488.616533,0,281.187035,25.654,168.0721547,4026.052937,1,9.611,0,2,0,0,0,0,1
425893,0,0,2,2,0,0,834.624761,17455.93561,0,548.460402,37.759,77.90615083,805.8720228,0,18.843,1,3,0,0,1,0,0
2155141,1,0,0,0,3,0,1837.382802,9179.768172,0,255.552861,37.983,133.3671173,273.7544479,1,13.41,0,0,0,0,0,1,0
16352,1,0,0,1,4,0,576.7169462,3245.117822,0,651.763284,24.156,159.8514415,178.2754256,1,9.773,0,1,0,0,0,0,0
465397,1,0,1,1,0,0,715.4301281,14234.30532,0,582.454807,22.127,206.8874988,376.4325838,0,16.959,0,5,0,0,0,0,0
478399,0,0,2,0,0,1,632.1147358,19917.38943,0,329.541345,31.804,128.5691957,2687.942212,1,35.185,0,0,0,0,1,0,0
320947,2,0,3,1,1,0,1317.540243,9656.80364,0,243.722399,30.655,234.7736631,1075.382241,1,21.555,0,1,0,0,0,0,1
2170782,1,1,3,3,1,1,867.0427407,16831.2794,1,151.769585,44.211,91.23435234,1323.731238,1,23.702,0,0,1,0,0,0,0
522517,0,0,3,2,0,0,1147.460813,8361.34581,1,703.680389,19.469,54.25227624,4775.222355,1,38.58,1,1,0,0,1,0,0
2171445,1,1,3,3,0,1,682.5469095,16772.60693,1,80.0213263,32.628,56.69199928,1158.462938,1,39.266,0,0,1,0,1,0,0
2177761,1,1,2,1,1,0,3572.912541,6050.56449,0,160.565556,31.496,206.2492952,768.3979319,0,17.141,1,1,0,0,0,0,0
658302,1,0,2,0,2,1,1577.842932,3110.457914,0,437.167345,15.091,230.4275551,5332.254894,1,37.586,0,2,0,0,0,0,1
670364,0,0,0,0,4,0,961.3097006,12330.27174,0,412.685202,38.498,44.94930163,393.491194,0,11.093,0,0,0,0,0,0,0
2181586,1,0,0,0,4,0,1162.330136,15667.46341,0,112.547865,33.585,419.2725512,506.7503529,0,29.949,0,2,0,0,0,0,0
680615,1,0,1,0,2,1,507.4726008,8377.211846,0,224.609655,23.038,52.84778521,2331.42733,1,16.373,0,2,0,0,0,0,0
701171,1,1,3,0,0,0,549.1911188,9098.707105,0,136.73425,28.798,273.0095571,577.4214463,0,10.995,0,2,0,1,0,0,0
813869,0,0,0,0,0,1,2405.016859,2945.679557,0,368.490256,19.701,95.67599537,1001.28925,0,7.296,0,3,0,0,1,0,0
2223107,1,1,3,2,0,1,1636.110128,4276.592356,0,40.6931152,16.516,46.05842341,3360.714307,0,35.261,0,2,0,1,0,0,0
822062,1,1,2,1,2,1,579.9127427,12799.8378,0,297.964044,52.45,131.0643367,805.5661964,1,26.797,0,2,0,0,2,0,0
34975,1,1,3,2,0,1,1709.766602,12499.52782,1,447.079926,19.173,30.79147238,676.6959228,1,26.263,0,2,1,0,0,0,0
2224061,1,0,0,0,4,0,3779.05695,10949.20375,0,625.121913,19.421,34.79654182,434.8357224,0,14.555,0,1,0,0,1,0,0
2229015,1,0,0,0,4,0,1741.578226,1999.530796,0,621.364998,47.623,439.4740322,501.315332,0,27.209,0,2,0,0,1,0,0
2235968,1,1,1,2,0,0,525.9725544,18240.64627,1,316.832553,31.576,16.12258223,544.4144043,1,14.584,0,2,1,0,0,0,1
40273,1,1,3,3,0,1,1207.902326,18456.11024,1,416.014826,26.784,66.75006093,1129.916662,1,30.192,0,3,0,1,0,0,0
2242406,0,1,1,2,3,1,275.6856074,8023.109657,0,128.763992,27.375,130.4597921,987.9318501,1,8.595,0,3,0,0,0,0,0
40118,0,1,2,1,2,1,977.764359,10735.92148,0,582.463606,54.718,28.37605051,1641.195267,1,15.635,0,2,0,0,0,0,0
2257589,1,0,3,2,0,0,171.9181726,14877.00236,1,117.457628,26.411,58.93110635,198.6383484,1,36.797,1,1,0,0,1,0,0
2262433,0,0,1,2,2,0,1191.797132,18690.3203,0,208.308638,37.333,52.70857192,1049.627433,0,19.542,0,1,0,0,0,0,1
2262985,2,0,3,3,1,1,552.45784,10474.95621,0,182.087495,36.319,112.0841344,1665.22541,1,24.98,0,1,0,0,0,0,0
2269354,0,0,0,0,4,0,447.8462464,18240.64627,0,109.208215,31.576,230.2674169,680.450986,0,14.584,0,2,0,0,1,0,0
929221,0,0,2,0,4,0,371.5711829,8676.588652,0,153.307735,35.964,259.7363759,865.365296,1,21.837,0,2,0,0,1,0,0
934932,1,0,1,1,2,0,940.7726274,11647.56237,0,273.374015,25.296,137.1170576,991.6159282,1,20.236,0,1,0,0,0,0,0
969199,1,0,2,0,4,0,211.1689024,11747.95284,0,536.064978,34.242,111.2494302,267.2856988,1,17.721,0,2,0,0,1,0,0
44147,1,0,0,0,4,0,538.9852459,5572.392265,0,230.628113,30.821,51.40204993,3548.666026,0,12.483,0,1,0,0,0,0,0
974882,0,0,1,0,3,1,914.623183,20127.95085,0,29.5338187,37.02,10.90641614,76.64365167,1,43.654,0,1,0,0,0,0,0
987882,0,0,0,1,3,1,984.9010214,19180.45933,0,90.0435975,26.515,377.7311605,256.3375166,0,3.915,0,1,0,0,0,0,0
988477,1,0,3,2,0,1,1688.363172,8426.607081,1,62.8620481,16.37,181.9270483,2411.046844,1,25.032,0,1,0,0,0,0,1
59265,1,0,0,0,0,1,525.4142362,9332.258387,0,390.34988,49.992,107.5149019,1612.394324,1,12.511,0,1,0,0,0,0,1
1008723,1,0,2,1,0,1,1167.897441,15802.25952,0,214.575271,36.365,181.8202077,1137.87567,1,33.319,0,2,0,0,0,0,1
2309853,1,1,0,1,3,0,810.9620984,3611.155799,0,218.107747,31.647,187.2951292,6489.929782,0,28.889,0,3,0,0,0,0,0
1022877,0,0,1,0,3,1,1149.926789,2682.366411,0,302.295832,19.057,140.8601307,1995.139439,1,17.988,0,2,0,1,0,0,0
2329510,1,0,3,2,2,0,788.7858392,14031.35548,0,479.790853,35.903,33.19175572,448.9619538,1,44.248,1,2,0,0,1,0,0
2324,1,0,0,0,0,0,811.3071886,5229.977457,0,400.00804,33.354,221.2970756,7199.064313,0,21.859,0,3,0,0,0,0,0
2340213,0,0,0,0,4,1,1160.687592,6286.731249,0,494.949136,17.908,214.6168107,2024.661783,0,20.973,0,3,0,0,0,0,0
48731,1,1,0,1,1,0,333.4605193,14970.86127,0,237.968673,22.962,72.58713886,529.2329054,1,26.077,0,4,0,0,0,0,1
2340976,2,0,0,0,0,0,509.4557854,8023.109657,0,412.960407,27.375,128.8657277,896.6753193,0,8.595,0,4,0,0,0,0,0
1075782,2,0,1,2,3,1,469.1810705,12100.34106,0,991.82034,46.48,77.39289201,703.3132159,0,32.007,0,2,0,0,0,0,1
1082885,1,0,3,2,1,1,2693.306534,5191.770776,0,391.115985,35.661,116.4237096,1524.199839,1,31.921,0,2,0,0,0,0,0
56260,1,0,0,1,3,0,333.0624045,15087.1941,0,850.721344,32.613,57.67917334,1414.956126,0,33.636,0,2,0,0,0,0,0
61802,0,0,0,0,4,0,474.4125138,7983.366768,0,173.031347,28.272,190.1424134,512.3237538,0,20.128,0,2,0,0,0,0,0
2352875,1,1,3,3,0,0,875.3389155,6071.068401,0,240.181248,31.663,111.1822373,2999.583709,1,18.169,1,3,0,1,0,0,1
2353448,1,1,2,2,0,0,199.0788769,9125.661789,1,423.855574,28.869,59.56540817,641.0384912,0,20.094,0,3,0,1,0,0,0
2358464,0,0,2,1,0,0,530.3738473,15242.7494,0,268.56407,35.223,99.38200775,1105.096462,1,29.027,0,1,0,0,0,0,0
2364941,0,0,0,1,3,0,304.3034687,10937.12289,0,78.8814708,39.464,42.45638041,1340.343377,1,19.337,0,2,0,0,0,0,0
1122064,0,0,0,0,4,0,674.766482,7791.640058,0,460.109827,27.93,247.7577137,423.8334903,0,5.46,0,2,0,0,0,0,0
72195,1,0,0,0,3,0,2937.005952,6050.56449,0,641.543138,23.303,119.385325,1152.795004,0,10.113,0,4,0,0,1,0,1
2381974,0,0,2,0,1,0,77.9043737,14329.53119,0,475.272067,38.683,161.4151515,837.4412201,1,18.446,0,1,0,0,0,0,0
1154238,0,0,2,2,2,1,229.1053896,14769.23571,1,165.274689,38.39,46.88340279,324.9540424,1,39.632,0,0,0,0,1,0,0
1175478,0,0,0,0,1,0,402.8512499,13695.51118,0,258.243918,37.668,317.3194842,406.8934137,0,27.243,0,4,0,0,1,0,0
2413397,1,0,3,2,0,0,701.8169987,5937.199533,1,181.424681,30.229,717.3757923,2034.651714,0,22.668,1,2,0,1,0,0,0
84310,1,1,0,0,0,1,680.3585584,7791.640058,0,194.688029,33.793,178.6794738,194.3396537,1,8.033,0,1,0,0,2,0,0
332197,0,0,0,0,3,0,1165.538264,10827.98276,0,113.305424,26.801,143.7034817,863.9271059,0,11.858,0,1,0,0,0,0,0
1189304,2,0,2,1,0,0,242.0687741,17056.56889,1,288.980064,76.757,121.0053842,129.4499379,1,18.819,0,5,0,0,0,0,0
83124,0,0,0,0,2,0,605.7001683,6655.423296,0,354.20261,40.974,258.7902016,434.062428,0,24.369,0,3,0,0,0,0,1
107875,0,1,0,0,4,0,360.9512634,12755.95845,0,385.135731,22.887,205.9498148,2307.408818,0,14.846,0,3,0,0,0,0,0
2429182,0,0,0,0,4,0,250.7932178,11359.77054,0,234.420269,43.505,232.1767574,2025.3343,0,21.817,0,3,0,0,0,0,0
2451792,1,0,2,0,0,0,282.6750627,5595.56424,0,467.298751,27.764,155.6159944,5743.890065,1,7.351,0,1,0,0,0,0,1
2457442,0,0,0,0,0,1,1388.543653,16497.29862,0,143.440891,34.293,131.1000059,196.5744621,0,32.249,0,0,0,0,2,0,0
2459988,1,0,3,1,3,0,2362.140003,6567.825819,0,197.264857,27.295,162.4904264,3661.155666,0,24.386,0,2,0,0,0,0,0
92781,0,1,1,1,3,1,353.594389,13354.40242,0,231.571845,27.24,256.7663175,1363.82099,1,8.261,0,2,0,0,0,0,0
2467741,0,0,0,1,3,0,450.8471199,7800.277592,0,559.449954,33.447,35.32412214,1017.555537,1,27.328,0,1,0,0,1,0,0
1245487,2,1,3,0,0,0,1071.326239,5809.764964,0,360.296427,25.08,253.9771872,685.6633574,1,26.465,0,3,0,0,1,0,0
2481630,1,0,3,0,0,0,528.0899778,21955.47306,0,293.173006,37.836,73.41456823,346.3786223,1,19.308,0,1,0,0,0,0,0
2483748,1,0,3,0,0,0,232.3667764,10384.81142,0,67.8044427,25.03,84.9839753,1165.71173,1,44.99,0,2,0,0,1,0,0
2484210,0,0,0,0,2,0,638.0946019,13259.94682,0,256.05472,31.865,29.90087094,1563.298999,0,15.596,0,1,0,0,0,0,0
2485349,2,0,0,1,0,0,1449.222242,2842.566739,0,86.5278618,23.759,289.4637889,296.7451649,0,10.721,0,3,0,1,0,1,1
2487173,1,1,3,2,1,1,1386.131273,6993.395968,1,181.58776,17.659,74.92202565,758.4951455,1,15.477,0,3,1,0,0,0,1
93362,0,0,3,2,3,1,1293.117516,6179.824377,0,384.3442,14.408,331.7550966,3662.186599,0,5.776,0,2,0,0,0,0,0
2492467,0,0,1,2,1,1,670.5044343,7657.778564,0,112.705881,53.31,70.00959278,1172.557432,1,17.433,0,3,0,0,1,0,0
2501178,1,0,2,2,2,0,290.4828335,8299.245255,0,372.355388,33.803,204.5970086,1947.262279,1,25.172,0,2,0,0,0,0,0
2521450,0,1,0,1,1,0,1076.032606,8022.5848,0,99.530545,52.395,70.7656795,207.9074757,0,20.684,0,4,0,0,1,0,0
1381231,1,0,0,1,2,0,524.6048959,20929.22768,0,6.00128543,42.017,156.7651648,902.0787648,0,13.236,0,2,0,0,1,0,1
2523683,0,0,0,0,3,0,2255.153768,3771.582545,0,401.07405,36.312,83.23598513,1279.498759,0,27.314,0,2,0,0,0,0,0
2524073,2,1,3,3,0,1,734.4110342,14560.31422,0,298.66755,31.774,79.57967538,809.7185809,1,35.666,0,3,1,1,0,0,1
1396759,2,1,3,2,0,1,1155.077379,26846.69332,1,271.636238,32.767,55.78989778,398.5925265,0,33.045,1,3,0,0,1,0,0
2524141,1,1,0,2,2,1,1562.07757,20739.86385,0,122.514255,26.551,96.88962892,416.0955648,1,36.941,0,3,0,0,0,1,0
1433690,2,0,2,2,2,0,1125.772016,3905.887803,0,363.202419,29.323,158.0419144,644.8826381,0,34.608,0,3,0,0,1,0,1
2526745,0,0,0,0,4,0,48.34173255,9125.661789,0,328.992136,41.447,65.74268291,752.5724836,0,21.296,0,1,0,0,0,0,0
2528901,1,0,2,2,0,1,1803.681172,6255.728296,0,123.499951,36.227,109.9618206,367.8055706,0,9.642,0,3,0,0,0,0,0
101733,0,0,0,0,4,0,964.7145319,4317.240322,0,239.072634,30.434,145.5381467,298.3501091,0,3.806,0,2,0,0,1,0,0
1437845,2,0,2,1,3,0,647.671338,3649.654429,0,336.654135,28.719,94.45337195,405.9187674,1,21.278,0,3,0,0,0,0,1
2536443,0,0,0,0,2,1,188.9940331,12087.15488,0,283.741793,58.94,75.91925355,69.01125218,0,33.607,0,0,0,0,0,0,0
2543882,0,0,0,0,3,0,621.3327561,10278.41835,0,569.433339,35.955,172.9578245,187.2015239,0,18.546,0,1,0,0,1,0,0
2547353,2,0,1,1,0,0,759.3044312,9541.46885,0,226.592653,36.831,131.8850936,224.3353219,0,25.101,0,5,0,0,1,0,0
1482131,0,0,2,0,0,0,274.6163855,11432.8297,0,152.781964,50.863,22.16733181,904.0490793,1,24.827,0,0,0,0,0,0,0
2552270,0,0,0,0,4,0,456.877289,8986.239604,0,540.10379,42.624,147.8080917,3266.040806,0,22.312,0,1,0,0,1,0,0
1534041,0,0,0,2,3,0,80.6906086,8044.366391,0,200.108742,28.51,98.88575826,1080.14004,1,11.991,0,0,0,0,0,0,0
2556669,0,0,1,2,2,1,531.674221,5902.179657,0,301.627075,36.927,50.06389159,3518.466318,1,8.016,0,3,0,0,0,0,0
2556960,1,0,0,0,0,1,593.8648959,18787.59912,0,723.374799,44.052,185.8766529,284.3732493,0,37.267,0,2,0,0,1,0,0
2559534,1,0,3,2,0,1,1620.083954,12499.52782,1,398.755071,28.338,4.727671414,726.0755011,1,20.805,1,2,0,0,0,0,0
1581355,0,0,0,1,0,1,525.9258355,8022.5848,0,171.044455,49.784,31.83580376,22.88397777,0,13.106,0,0,0,0,0,0,0
2562732,0,0,0,0,3,0,292.9816504,10827.98276,0,124.373837,35.599,204.5282381,1291.931758,0,14.033,0,2,0,0,0,0,0
2568049,2,0,3,1,2,1,774.862268,5344.928751,1,159.448086,20.253,158.0355119,2746.279669,1,28.028,0,1,0,0,0,1,0
2569674,1,0,2,2,3,1,477.3134229,6892.788945,0,467.796979,33.745,58.97136034,1022.102668,1,32.606,0,2,0,0,0,0,0
2580230,1,0,0,0,0,0,1730.645169,1999.530796,0,548.320685,47.623,347.2445702,432.5618582,0,27.209,0,3,0,0,0,0,0
2582942,2,0,3,2,1,0,710.9210804,10211.41644,1,1004.24317,18.701,148.1020036,2473.61674,1,36.347,0,3,0,1,0,1,0
2592060,1,0,3,2,0,1,1140.593118,15802.25952,0,247.491579,36.365,125.1129856,1118.502124,0,33.319,1,4,0,0,0,0,0
2592743,1,0,2,1,0,0,1433.670347,7665.334561,1,335.870508,33.417,243.2416989,2037.140119,1,19.27,0,2,0,0,0,1,0
2592808,1,0,0,0,2,0,906.061535,8488.616533,0,82.2520254,19.321,143.7953236,3304.714038,0,4.687,0,4,0,0,1,0,0
2594052,0,0,0,0,0,0,670.8146572,8865.754399,0,145.241501,41.369,46.04738731,3274.551303,0,32.198,0,2,0,0,1,0,0
2595533,1,0,0,0,0,0,1099.094148,6920.966754,0,126.253836,31.157,220.1199715,744.1220731,0,5.764,0,4,0,0,1,0,0
2597354,0,0,1,2,0,1,3007.458313,8326.261137,0,356.045948,15.442,107.2800204,1037.141798,1,9.01,0,3,0,0,0,0,0
2598098,0,0,1,0,0,0,1080.955781,9031.885262,0,206.584753,15.948,184.0892156,2584.595596,0,22.427,0,2,0,0,0,0,0
2598698,1,1,0,1,1,0,807.4641058,8488.616533,0,162.261613,25.654,144.0430027,4006.129301,0,9.611,0,2,1,1,0,0,1
176261,2,0,2,2,4,1,297.6630763,9923.038077,0,490.120704,45.087,119.0991107,2503.557198,1,24.483,0,2,0,0,0,0,0
179124,1,1,0,0,0,0,506.2163876,9712.612706,0,469.361742,37.337,193.6700226,2458.135341,0,23.381,0,4,1,0,0,0,0
1571539,1,0,0,0,4,1,1623.645699,9880.479106,0,85.8607323,29.731,165.6725613,3696.429003,0,15.495,0,1,0,0,1,0,0
182817,1,0,3,0,0,1,341.2240553,5783.629785,0,191.629071,34.051,144.9180139,848.8219912,1,34.104,0,0,0,0,2,0,0
2609192,1,1,0,2,0,0,1878.339117,6038.98984,0,99.7779827,29.261,288.5767321,697.4281398,1,10.826,0,2,0,0,0,1,0
115687,0,0,0,2,4,0,1101.896461,8788.313314,0,138.821673,30.666,144.5702598,2820.485869,1,34.114,0,1,0,0,0,0,0
1827054,1,0,3,2,0,1,441.1843902,8605.106347,0,402.975085,21.19,230.9041018,4769.469674,1,9.004,0,2,0,0,1,0,0
2612394,0,0,0,0,4,0,393.3623151,16309.74734,0,201.276971,26.174,112.8106303,1382.342418,0,26.303,0,2,0,0,1,0,0
1838433,0,0,0,0,4,0,796.5428197,4019.92398,0,425.046675,19.486,172.9981734,4759.961609,0,19.716,0,2,0,0,0,0,0
1850900,0,1,0,0,4,0,2779.090914,8924.693086,0,159.091602,8.763,66.68144916,614.8862521,0,39.057,0,2,0,0,0,0,0
2616820,0,0,2,2,0,1,714.0637214,12100.34106,0,1106.13497,26.954,18.33982654,465.520103,1,23.465,0,3,0,0,0,0,0
2618255,0,0,1,0,0,0,1097.941481,2182.914256,0,325.184198,19.457,109.4815391,1675.66932,0,13.521,0,2,0,0,0,0,0
216021,1,0,0,0,4,0,848.7545003,8676.588652,0,126.165243,35.437,242.8655533,1287.763849,0,19.357,0,2,0,0,0,0,0
2619012,1,0,1,0,1,0,1764.293345,5802.619249,0,346.855369,39.008,46.64448897,2572.553229,0,22.674,0,1,0,0,0,1,0
2624739,2,0,1,2,0,1,365.5909268,6095.688413,0,269.930747,24.028,70.54184131,3904.112941,1,11.051,1,4,0,0,0,0,1
2634025,0,1,1,0,2,0,235.523361,18539.87924,0,558.789634,31.657,84.18430153,945.26727,1,21.717,0,1,0,0,1,0,0
2638189,1,1,2,3,0,1,957.9507673,6651.675366,0,209.873805,23.138,48.91924035,2149.552904,1,20.952,0,0,0,0,0,0,1
236242,1,1,3,1,0,1,566.2726033,6286.731249,0,172.855748,38.304,110.0602723,2105.31189,0,12.068,0,2,0,0,0,1,1
2641139,1,0,3,2,1,0,134.5046394,6049.43411,0,243.533665,30.759,93.18783134,1505.429122,0,23.251,0,1,0,0,0,1,0
1964918,2,0,2,0,3,1,326.5916062,18240.64627,0,292.276213,31.576,30.91098204,1090.577897,1,14.584,0,4,0,0,1,0,1
238154,1,0,1,2,1,1,669.9940703,16046.72674,1,336.286523,59.744,79.85916163,1822.825171,0,18.737,0,4,0,0,2,0,0
2645177,1,1,0,0,0,1,671.2650419,14771.1909,0,176.840164,26.11,74.44727414,467.2764176,1,13.678,0,3,0,0,0,0,0
2651549,1,0,3,2,0,1,908.2898164,6968.7867,0,353.13541,16.659,133.5592071,187.0437453,1,19.767,1,2,0,0,1,0,0
1987555,1,1,3,1,0,0,1005.261585,9031.885262,1,490.548942,15.948,9.140283076,2350.403478,1,22.427,1,0,0,0,0,0,1
238210,1,1,3,2,0,1,502.8920276,14877.00236,0,391.595015,27.524,16.53765292,526.8756211,0,33.943,0,1,0,0,0,0,1
238728,0,0,0,0,3,0,788.6481922,15448.31668,0,262.147927,24.749,92.40907267,801.99873,0,31.408,0,2,0,0,0,0,0
2040948,0,1,0,0,2,0,3411.642176,5585.243623,0,409.003934,21.104,391.5486181,591.8485658,1,5.525,0,5,0,0,0,0,0
2671019,1,0,1,1,3,0,736.6130757,6793.09302,0,207.996369,26.646,133.4336027,4694.221596,0,6.07,0,1,0,0,0,1,0
2064837,1,1,0,0,0,0,902.5914707,14963.7193,1,546.802252,29.836,188.3423487,959.6992996,0,36.106,0,4,0,0,0,0,1
2671414,0,1,0,0,0,1,145.0685522,14329.53119,0,493.881082,38.683,245.4627817,909.2292065,0,18.446,0,0,0,0,0,0,1
2069280,1,0,1,2,4,0,738.2926959,3842.190432,0,291.318065,24.03,114.5949803,1257.199134,1,32.702,0,2,0,0,0,0,0
2095604,1,0,3,2,0,0,808.0260927,8657.310641,0,196.578715,31.227,91.72473991,364.1587154,1,32.149,1,3,0,1,0,0,1
2677793,2,0,3,2,0,1,263.0746113,5503.314574,0,228.723739,17.078,241.7779255,5795.120419,1,14.161,0,3,0,0,0,1,1
269266,1,0,2,2,2,1,646.6329344,14389.57353,0,36.7411627,42.707,51.3180094,553.9614378,1,35.216,0,2,0,0,0,0,0
2119978,1,0,0,0,4,1,654.9104971,6482.866534,0,340.773423,35.318,194.1491472,1684.302238,0,14.801,0,2,0,0,0,0,0
2693192,1,0,1,0,1,0,937.4158594,6460.884933,0,259.460534,37.469,178.1499426,2899.054569,0,20.602,0,2,0,0,0,0,0
2699566,0,1,2,2,0,1,1559.479051,2954.811762,1,113.315827,24.358,43.54534475,3666.839328,1,17.155,0,5,0,0,1,0,0
2699772,2,0,2,3,1,1,1222.887479,4680.851103,0,443.262858,20.281,127.0971348,9825.058499,1,20.161,0,2,0,0,1,0,0
2712692,1,0,3,2,1,1,146.8775687,19631.05917,1,52.2824198,29.454,56.55429408,275.4199397,1,23.954,0,1,0,0,1,0,1
295139,0,0,0,0,0,0,1246.422733,3110.457914,0,215.678211,12.081,78.10357046,6941.07577,0,19.015,0,2,0,0,0,1,0
2724512,2,0,3,0,0,0,359.370699,13342.86873,0,545.330655,37.09,109.7181775,2766.267701,1,26.872,0,2,0,0,0,0,1
2726548,1,0,2,2,0,1,1109.592504,7983.493777,0,240.189129,20.786,243.6562668,490.312923,0,13.132,0,5,0,0,0,0,0
317113,0,0,0,0,4,0,1074.315311,6927.039869,0,474.91961,23.738,172.7426834,1041.05437,0,5.821,0,0,0,0,0,0,0
2223728,0,0,0,0,2,0,1452.507759,2842.566739,0,389.866589,16.047,257.4023475,484.3288676,0,4.163,0,4,0,0,0,0,0
227762,0,0,0,0,4,0,630.5845744,12504.9203,0,418.216378,31.413,115.8082465,393.688472,0,27.333,0,1,0,0,0,0,0
321534,1,0,0,1,3,0,1320.479512,11498.79078,0,164.225444,29.857,193.2419965,557.1738859,0,5.093,0,0,0,0,1,0,1
322696,0,0,3,3,0,1,2461.7623,7974.540136,1,340.44818,40.547,57.43377942,405.7590352,1,31.007,0,1,0,1,0,1,0
2750355,0,0,2,2,2,1,525.1924701,6655.423296,0,520.6296,40.974,293.9167575,398.1442739,1,24.369,0,0,0,0,2,0,0
2750946,1,0,3,2,3,1,508.3083544,6822.979713,0,328.342063,23.044,102.0657396,4607.969689,1,26.433,0,2,0,0,0,0,0
323696,1,0,1,0,3,0,906.9765381,21046.69205,0,12.9525088,35.067,236.1046936,247.3145492,0,29.565,0,1,0,0,0,0,0
328960,1,0,0,0,2,0,334.6416439,16276.70462,0,336.860075,26.675,193.1166105,750.5562184,0,26.314,0,3,0,0,1,0,1
2315000,2,0,3,1,2,0,695.9893632,10534.66305,0,141.999936,32.725,256.344066,501.8965148,1,31.663,0,1,0,0,1,0,1
2754952,0,0,0,0,4,0,77.72264822,17976.74884,0,321.765607,71.207,590.3405987,500.6958138,0,30.044,0,2,0,0,2,0,0
2760383,0,0,0,0,4,0,1305.798484,633.8708221,0,79.9829327,15.478,238.8170105,406.0679858,0,3.958,0,3,0,0,0,0,0
2341833,0,0,0,0,0,0,2995.635798,6222.93196,0,713.270331,17.925,120.1788733,2286.37064,0,26.837,0,4,0,0,2,0,0
860433,1,0,0,0,4,0,3976.980502,6815.710674,0,203.724281,22.92,53.92467234,282.8633238,1,12.284,0,1,0,0,1,0,1
2355457,0,0,1,2,0,0,591.1127243,14560.31422,1,62.570086,61.335,40.66508432,960.1834241,1,36.878,0,1,0,0,0,0,0
648528,1,1,3,3,0,1,2480.52828,6222.93196,1,178.385613,26.73,172.7626864,3034.661189,1,22.359,0,4,1,1,1,0,0
346132,0,0,0,0,4,0,180.707152,22484.68524,0,395.143675,27.595,232.3682369,150.8738232,0,17.399,0,2,0,0,1,0,0
222320,1,0,0,0,4,0,646.1125325,11516.61282,0,312.318213,33.959,115.2073913,2730.812254,0,25.724,0,2,0,0,1,0,0
2785322,1,1,3,2,2,0,194.603288,13747.68423,1,559.041103,45.696,31.96290043,2667.085041,1,17.362,0,3,0,1,0,0,0
2790091,0,0,0,0,4,0,1155.62631,12997.83746,0,414.518144,33.346,128.3803146,900.9163865,0,19.197,0,2,0,0,0,0,0
2790316,1,0,3,0,2,1,135.309889,11077.24846,1,819.000824,46.607,53.44393819,3533.540732,1,27.35,0,2,0,1,0,0,1
2800620,1,0,0,0,4,0,1163.167247,10363.94058,0,99.0353834,24.309,237.9596732,746.1437307,0,25.671,0,3,0,0,1,0,0
358053,0,0,0,1,4,0,696.9188904,12150.01553,0,110.65347,28.872,89.85256651,293.0223192,0,25.711,0,1,0,0,0,0,0
2816092,0,0,1,0,4,1,508.3560455,11372.15016,0,588.509928,31.202,97.9856866,179.7554508,1,16.477,0,2,0,0,0,0,0
2818788,1,0,3,2,1,0,1116.571322,26846.69332,0,172.422671,44.142,68.77002994,381.6285142,1,32.133,0,1,0,0,0,0,1
2821758,0,0,0,0,4,0,579.459697,17976.74884,0,189.726416,37.266,64.05540015,334.8276952,0,37.609,0,2,0,1,0,0,0
2823400,1,0,3,1,0,1,959.3189648,6179.824377,0,417.785123,16.826,80.52145656,4122.535571,1,5.319,0,5,0,0,0,0,1
2824089,1,1,2,2,0,1,1050.103192,5603.63086,0,196.078433,33.946,270.2388865,2327.276901,1,37.246,0,2,1,0,0,1,0
2499707,2,1,3,2,3,1,685.4299593,8954.127305,0,429.176608,41.051,319.2052941,915.6969102,0,27.089,0,1,0,0,0,0,1
2851006,2,0,0,0,0,0,597.4352354,11077.24846,0,310.171072,41.216,88.40492752,2973.953211,1,23.433,1,3,0,0,0,0,0
2858761,0,0,0,0,4,1,1191.757819,4823.860341,0,97.2617863,21.486,791.4025371,2223.626189,1,18.739,0,2,0,0,0,0,0
2525654,2,1,3,2,2,1,660.9856812,26295.25197,1,182.416328,23.928,172.9538268,805.8632354,1,48.003,0,1,0,0,0,0,1
2536054,1,0,2,0,3,0,198.2944321,22035.04657,0,389.272747,45.063,94.24807819,267.04621,1,12.054,0,0,0,0,0,0,0
2870815,1,0,3,2,0,1,530.0634626,14004.00826,1,557.557454,25.045,217.0325473,2275.47777,0,25.262,1,2,1,0,0,0,0
2875620,0,0,0,0,0,0,319.6319224,14826.87413,0,218.199291,27.054,344.3247324,1931.270819,0,18.936,0,4,0,0,0,0,0
2888684,0,0,0,0,3,0,685.1591347,3955.754995,0,307.565277,32.3,53.82799751,1551.947902,0,13.134,0,4,0,0,0,0,0
2559337,1,0,0,0,0,0,1030.543803,1960.343355,0,156.164539,11.012,201.4370223,1881.410659,0,17.077,0,2,0,0,1,0,0
2899514,1,0,3,2,0,0,4525.496506,3821.78417,0,227.266966,10.391,77.38469468,338.4776515,1,8.241,0,4,0,0,0,0,0
2903911,2,0,0,1,2,1,1121.701433,3953.230127,0,396.830788,23.868,129.0218643,1316.223253,0,23.875,1,2,0,0,1,0,0
2908580,2,0,3,2,4,1,1310.586242,7983.493777,0,447.296619,16.859,95.55643374,406.7175796,1,12.955,0,2,0,0,1,0,0
2913065,1,0,0,0,0,0,1949.215006,10763.84721,0,169.359558,47.35,102.4879008,142.2690975,0,20.797,0,1,0,0,0,1,0
2915521,0,0,2,0,0,0,391.2275395,10949.43252,0,298.482618,49.593,49.95687746,271.8637504,0,22.973,0,1,0,0,0,0,1
2937652,2,1,3,2,0,1,513.1546507,12369.03102,0,304.504517,31.968,58.1212331,1679.112855,1,46.599,0,3,0,0,1,0,0
2944220,0,1,3,2,2,1,1303.838688,9880.479106,1,109.815066,31.994,256.1675912,3414.946862,1,22.387,0,1,0,0,0,0,0
2597805,1,0,1,0,3,1,387.4716455,5206.745461,0,275.203005,17.754,284.3703757,4992.077746,1,18.446,0,2,0,0,0,0,0
2608661,1,0,3,1,2,1,603.7951692,13539.42283,1,233.146566,36.854,158.828899,1380.891865,0,10.655,0,2,0,0,1,0,0
364134,0,1,0,1,3,1,488.5668198,14560.31422,0,19.2018336,61.335,161.8073053,789.3346591,1,36.878,0,2,1,0,0,0,0
2988862,0,0,0,0,0,1,1136.821352,4498.048674,0,283.381643,13.626,401.2344449,831.6072124,0,14.861,0,1,0,0,0,0,0
3008936,1,1,2,0,0,0,409.7635877,7351.434123,0,460.257651,25.429,264.0599895,3698.449942,1,21.111,0,2,0,0,0,0,0
373868,0,0,0,0,4,1,997.6543755,20277.09162,0,296.714025,31.077,79.99738428,102.1434932,0,10.911,0,1,0,0,0,0,0
3035511,1,0,0,0,0,0,572.2641412,8969.946753,0,184.484788,39.972,161.7148545,712.4114331,1,25.375,0,1,0,1,0,0,0
2626051,0,0,0,1,3,0,954.9691215,6738.976905,0,289.442736,26.13,87.25045212,3528.650036,0,9.711,0,2,0,0,1,0,0
2629607,2,1,3,2,0,1,897.3428942,20597.95032,1,92.6494522,39.478,53.18108596,1613.842365,0,21.076,0,3,1,0,0,0,1
2632546,0,0,1,2,3,1,892.1623501,5643.741236,0,425.234977,23.776,269.0044692,1722.934277,0,14.808,0,2,0,0,0,0,0
3074793,1,0,0,0,2,0,530.4319581,16609.09682,0,178.882365,23.633,163.0390882,686.3255924,1,38.826,0,1,0,0,0,0,0
3086857,1,0,3,2,0,0,1762.780013,8580.489868,1,630.012527,39.686,51.33130986,323.7749627,1,26.984,0,4,0,0,1,0,1
385091,1,0,3,1,0,1,697.9955765,12640.33977,0,143.676102,30.131,67.12988276,1295.046899,0,25.682,0,4,0,0,0,0,1
3091343,1,1,3,2,2,1,528.9874894,13429.18637,0,110.748576,31.812,33.94383526,1032.792259,0,32.124,1,1,1,0,0,0,0
3098610,1,1,2,2,1,1,355.7140476,11424.44211,0,332.039505,40.992,158.7535588,247.4209654,0,27.623,1,4,1,0,1,0,0
3129798,1,1,0,0,0,1,272.2683487,10827.98276,0,38.6616875,33.272,24.78838934,1230.373279,0,16.576,0,2,0,0,0,0,1
3158689,1,0,3,3,0,1,714.7100227,10689.41278,1,265.919198,38.391,77.22555082,2205.649933,1,31.239,0,3,0,0,0,0,0
3205662,1,0,0,0,2,0,719.351298,7349.727258,0,273.333479,30.279,67.28428485,9984.462067,1,10.174,0,1,0,0,1,0,0
3215368,0,0,0,0,3,0,529.5200792,8788.313314,0,432.529694,19.098,178.1232105,2311.823987,0,27.507,0,2,0,0,0,0,1
3249649,1,1,3,2,0,1,1131.213708,7303.140518,1,670.668233,47.76,273.8294167,429.3317396,1,29.861,0,3,1,0,1,0,1
3272652,0,0,0,1,4,0,1511.93043,8024.301682,0,506.141449,16.332,197.204304,1883.180199,0,10.429,0,3,0,0,1,0,1
3273654,1,1,0,0,0,0,3676.50825,5633.205071,0,595.105912,22.123,83.71696308,1752.263472,1,9.012,0,2,0,0,0,0,0
3322524,0,0,2,0,0,0,1606.102142,14661.87745,0,141.498371,27.199,47.10682975,773.6118823,1,23.246,0,0,0,0,0,0,0
2683815,1,0,3,2,0,1,658.9929806,19927.47432,1,345.336294,32.972,101.5870272,1245.480947,1,39.603,1,2,0,0,0,0,1
3340944,0,0,0,0,4,0,877.2107164,5572.392265,0,73.0192843,15.85,175.7959889,2852.982919,0,9.428,0,2,0,0,0,0,0
3359688,1,1,1,0,0,0,813.3630519,5412.914164,1,90.8598497,21.426,214.2442498,1550.499674,0,24.927,0,0,0,0,0,0,1
3382907,1,1,3,2,1,0,603.5594442,7209.42525,1,650.921328,40.331,24.01735667,2968.5514,0,31.619,0,2,0,0,1,0,0
3421744,1,0,0,0,2,0,1705.04091,1999.530796,0,536.625667,47.623,359.2133494,431.3489732,1,27.209,0,2,0,0,0,0,0
403871,0,0,0,0,2,0,438.7299994,10630.80933,0,63.8476261,84.098,184.8566805,217.7267861,0,19.826,0,1,0,0,0,0,1
3478144,2,1,3,2,0,1,438.0066923,5877.824333,0,171.465263,32.973,390.3420342,1491.966935,0,12.671,0,3,0,0,0,0,1
2739730,2,0,3,2,0,1,143.7921237,10797.26624,0,490.331038,41.14,110.4542956,761.939986,0,39.931,0,3,0,0,0,0,1
3510836,0,0,1,0,3,0,1709.288411,7427.106538,0,231.039221,40.349,37.98666348,142.8491691,1,41.668,0,1,0,0,0,0,0
2809758,1,1,3,2,0,1,2358.220946,7974.540136,0,722.10427,36.536,63.33731054,323.777556,1,33.655,0,2,1,0,1,0,1
3568418,2,0,3,2,1,0,543.3558912,5783.629785,0,33.1821745,32.984,21.42179333,2702.532509,1,56.261,0,2,0,0,1,0,0
3573124,0,0,3,1,0,0,560.8518998,8748.691759,0,650.098538,79.648,400.7738479,339.6176457,1,23.381,0,1,0,0,0,0,0
3607391,1,0,2,3,2,1,1021.467609,15536.23889,1,139.085862,46.569,84.31723818,839.0158518,1,35.754,0,1,0,0,0,0,0
3624738,1,1,2,2,0,0,755.2701962,5279.33638,0,620.708901,30.393,289.3237571,3308.088658,0,18.934,1,3,0,0,0,0,0
2825780,0,0,2,0,2,1,950.0663766,3898.965998,0,98.1337597,25.364,259.9598381,3621.8282,1,19.955,0,2,0,1,0,0,0
2835304,1,0,0,0,4,0,227.920066,10521.5496,0,373.19308,53.895,4.816986229,1000.28768,0,21.316,0,1,0,0,0,0,0
3634214,2,1,3,2,0,1,931.5907493,18384.89465,1,145.558093,25.494,141.9708474,1922.291757,1,21.541,1,2,1,0,1,0,1
403900,1,0,0,0,2,1,264.443473,13342.86873,0,489.659005,33.984,173.4602056,2988.700481,0,34.282,0,1,0,0,0,0,0
3673474,1,0,1,0,0,0,1119.751993,6179.824377,1,437.096342,16.826,33.66746801,4143.493409,0,5.319,0,1,0,0,0,0,0
3681804,1,0,3,2,0,1,1113.798504,4061.003389,0,159.640961,16.199,38.89674279,2874.859364,1,11.683,0,3,0,0,0,1,0
2863881,1,0,1,0,3,0,1663.662067,6993.395968,0,61.954395,17.659,192.752196,609.9928425,0,15.477,0,4,0,0,1,0,0
3719401,0,0,0,1,2,1,346.0281747,10384.81142,0,196.396447,62.106,120.4631255,773.3324596,0,33.686,0,1,0,0,0,0,0
2870187,1,0,2,0,0,0,1043.367579,14963.7193,0,251.085317,40.609,107.157333,540.4186484,0,30.946,0,1,0,0,1,0,0
2883493,0,0,0,0,3,1,756.8603539,2828.160203,0,454.488923,21.252,15.95988187,1141.110984,0,7.717,0,0,0,0,0,0,0
3726719,0,0,0,1,0,0,900.6465013,14418.45196,0,216.388528,25.393,1.311190561,1437.043999,1,31.696,0,2,0,0,2,0,0
3726804,0,0,0,0,3,1,1966.626672,8817.100144,0,357.143363,23.821,66.31880595,817.9003654,0,12.856,0,1,0,0,0,0,0
3729255,2,0,0,0,0,1,1624.866535,4862.037107,0,310.408139,18.997,187.3711226,823.7445393,0,24.091,1,4,0,0,0,0,0
2897907,1,0,0,0,4,1,763.7473963,8748.691759,0,329.613446,37.274,206.8120453,208.3883756,0,15.84,0,4,0,0,1,0,0
3746541,0,0,0,0,0,0,780.671876,8037.919068,0,338.066544,20.371,47.05696923,2309.990078,0,14.602,0,3,0,0,0,0,0
3782021,1,0,0,0,0,0,1073.397354,8839.80051,0,239.844449,29.039,53.04807272,581.4174812,0,9.84,0,3,0,0,0,0,0
2916843,2,1,3,3,0,1,706.8810859,7349.727258,1,380.909424,22.803,244.3213057,6737.363029,1,30.061,0,2,0,1,0,0,0
3782853,1,0,0,0,0,1,933.7263661,12180.73773,0,236.927856,42.642,250.3710138,1287.985693,0,7.633,0,3,0,0,0,1,0
291533,1,0,0,0,4,0,659.982825,12364.10659,0,261.080075,36.312,155.8592464,3572.904236,0,21.531,0,1,0,0,0,0,0
3828775,1,1,3,3,0,0,1112.084494,5039.871123,1,265.454054,44.82,248.2027192,3018.3292,1,32.696,0,3,0,0,0,0,1
3838778,1,1,3,2,1,0,1526.327592,2845.384582,1,469.501104,28.286,29.74832436,564.5018185,0,23.89,0,1,1,0,1,0,0
433078,1,0,0,1,0,0,565.4494574,18969.74134,0,114.579456,29.933,46.67653868,160.4075735,0,43.233,0,5,0,0,0,0,0
2930040,1,1,2,2,1,1,4997.175885,1603.523015,1,489.228938,14.729,163.3600411,1578.925306,1,24.506,0,4,1,0,0,0,1
3847255,2,1,2,2,1,1,615.3976118,14234.30532,0,470.02328,36.205,81.56167263,433.9237249,1,20.295,0,1,0,0,0,0,0
438072,1,0,1,0,4,1,899.6859259,17056.56889,0,525.459915,63.813,62.0091055,540.7111877,0,24.33,0,1,0,0,1,0,0
2987394,1,1,2,2,1,0,194.603288,13747.68423,1,559.041103,45.696,31.96290043,2667.085041,1,17.362,0,0,0,0,0,0,1
3847256,1,0,1,1,0,0,198.3507356,12369.03102,0,394.863392,42.882,35.47835398,2443.882108,1,51.421,0,2,0,0,1,0,0
3861102,1,0,0,0,1,0,373.5327357,10125.07357,0,288.024223,28.193,124.5129093,244.007496,0,36.046,0,1,0,0,0,0,0
3864038,1,0,2,0,0,1,462.6633074,808.6555717,0,237.23577,21.126,112.0555712,11135.39526,1,25.428,0,2,0,1,0,0,0
3909028,2,0,2,1,0,0,452.1377195,17723.6284,0,35.5524307,24.564,101.530653,442.8268313,1,41.111,0,4,0,0,0,0,1
3914872,2,0,3,2,3,1,3315.562209,2977.602937,0,115.291022,27.164,104.4497574,1126.068528,1,6.585,0,2,0,0,0,0,0
3916527,0,0,2,0,3,1,1382.133207,5473.607369,1,205.911867,9.212,85.8050551,2829.797009,0,35.547,0,2,0,0,0,0,0
456677,0,0,0,0,4,0,490.3201767,18024.17272,0,155.298785,42.077,118.9193223,1542.905524,0,21.195,0,3,0,0,0,0,0
3927569,0,0,0,0,4,1,1084.013439,18690.3203,0,202.504972,47.125,69.62715142,940.3694148,0,10.025,0,2,0,0,0,0,0
3183216,0,0,0,2,4,1,958.7970358,9846.049064,0,140.279407,40.286,284.8728246,1923.275579,0,16.179,0,1,0,0,1,0,0
3195746,0,0,0,0,0,0,7574.436758,1232.273359,0,1049.49421,5.45,63.89872159,4729.787458,0,7.687,0,5,0,0,0,0,0
3954350,0,0,2,2,0,0,1699.888305,2945.679557,0,334.293795,20.775,117.6834159,289.2477889,1,13.03,0,2,0,0,1,0,0
3992382,1,0,2,1,0,1,136.4196741,9125.661789,0,226.232762,41.447,47.26282994,884.8799569,1,21.296,0,3,0,0,0,0,0
4012615,1,0,1,0,3,1,755.0075128,16622.35305,0,237.618679,39.512,48.12935412,735.5644195,0,29.912,0,1,0,0,0,0,0
418383,0,1,0,0,4,0,162.6859437,8686.46086,0,68.7834691,50.088,71.23474887,3386.400561,0,29.721,1,1,0,0,2,0,0
3295188,0,0,0,0,0,0,665.4742308,15182.12813,0,77.8155879,37.903,122.2272945,812.7325593,0,27.037,0,2,0,0,0,0,0
3361001,1,0,0,0,4,0,991.8574464,8010.088314,0,50.0704121,49.851,19.1367867,2124.031858,0,28.156,0,2,0,0,1,0,0
504210,1,0,0,0,4,0,488.9194963,18240.64627,0,294.965924,31.576,56.38901858,593.0512764,0,14.584,0,2,0,0,1,0,0
4035133,1,0,3,2,2,1,1649.737295,5802.619249,0,294.83576,39.008,8.619913063,2511.828443,0,22.674,0,1,0,0,0,0,1
629611,1,0,0,1,0,0,1055.586986,6215.117464,0,421.858191,47.287,248.463705,549.0122816,0,26.601,0,3,0,0,0,0,0
3413814,1,0,0,1,2,1,1435.924608,13859.66817,0,352.779145,35.864,60.65506651,1168.163006,0,36.226,0,3,0,0,0,0,0
523273,2,1,3,3,0,1,924.6118323,10928.98575,1,293.177498,43.024,242.0030066,2566.300965,1,35.019,0,2,1,1,0,0,1
4049294,0,0,0,0,4,0,921.9476311,12133.50146,0,29.6368479,38.059,38.99583792,113.1926904,0,31.102,0,2,0,0,0,0,0
4049467,0,0,0,0,0,0,345.6120061,7317.193892,0,379.883231,20.866,61.94905779,4469.588768,0,7.792,0,4,0,0,0,0,0
3450053,1,0,3,3,1,0,546.3085352,13354.04358,0,26.1634434,40.311,34.60026279,65.47724235,1,33.685,0,0,0,1,0,0,0
4052447,1,0,2,1,0,0,1765.707929,9105.331262,0,127.252431,28.335,82.9179843,797.6255341,1,11.874,0,2,0,0,0,0,0
528417,1,0,2,1,0,0,275.2771436,12087.15488,0,361.023121,44.184,44.05785414,53.71150112,1,38.967,0,0,0,0,0,0,0
3559049,1,0,3,2,3,0,414.0822815,11033.26484,0,365.463347,20.864,81.58853112,5662.556326,1,40.913,0,2,0,1,0,0,0
4085053,1,1,3,2,0,1,260.9331311,10521.5496,1,65.319752,53.895,177.616915,677.1663262,1,21.316,1,2,0,0,2,1,1
4103733,1,0,2,2,0,0,176.0803646,9239.903644,1,240.362392,28.513,116.4590042,1466.297119,0,25.697,0,2,0,1,0,0,0
3710214,1,0,3,3,1,1,2570.749464,5886.712458,1,41.8003629,21.11,299.3256292,409.8092287,0,13.525,0,5,0,0,0,0,1
4115756,1,0,0,0,0,0,544.9725125,17487.03123,0,174.997533,30.582,65.3713737,1676.169354,0,34.594,0,2,0,0,0,0,0
4115875,0,0,2,1,0,1,332.4576106,13642.22145,0,123.674856,27.058,103.3168284,691.839309,0,15.807,0,2,0,1,0,0,0
4129553,0,0,0,0,4,0,559.5269911,10827.98276,0,335.196794,33.272,63.0601555,786.9977706,0,16.576,0,2,0,0,0,0,0
4129812,1,1,0,0,0,0,2131.1514,4005.500681,1,597.643291,9.263,330.3936678,686.1978537,0,5.332,0,5,0,0,0,0,0
4166065,0,0,3,1,0,0,334.9288326,13342.86873,0,423.712654,47.562,81.12735675,3452.328843,0,26.237,0,1,0,1,0,1,1
3139959,1,0,0,0,4,0,7596.437401,1232.273359,0,1061.11514,5.45,55.60709439,4747.12787,0,7.687,0,5,0,0,1,0,0
534965,1,1,3,2,0,1,220.0836201,16276.70462,1,332.576119,26.675,133.1632254,534.2045341,1,26.314,1,4,1,0,0,0,1
4167262,1,0,1,1,1,0,2104.983921,15023.1577,0,594.688216,44.36,68.95885233,132.3090206,1,10.933,0,1,0,0,0,0,0
555336,0,1,0,0,4,0,523.5908309,4982.273931,0,588.433108,28.772,93.53657258,1311.600933,0,10.115,0,3,1,0,0,0,0
4212371,0,0,1,0,1,1,1384.826692,2807.256554,1,152.973462,27.645,332.6762674,1331.082062,0,25.75,0,3,0,0,0,0,0
4276025,1,1,0,0,1,0,1172.532152,808.6555717,0,117.54381,23.439,317.2910793,11117.55459,0,43.281,0,3,1,0,0,0,0
3895428,1,1,0,0,3,1,886.21275,14682.553,0,218.62722,43.563,418.5619477,190.0860091,1,18.415,0,4,0,0,1,0,0
4276437,0,0,1,0,0,0,1040.80481,15063.78149,0,117.124313,40.759,373.696027,1173.041371,1,27.729,0,0,0,0,1,0,0
4297937,1,0,0,0,3,1,322.0537971,6095.688413,0,513.98001,24.028,233.7928109,4046.474035,1,11.051,0,2,0,0,1,0,0
3925673,0,0,0,1,0,0,578.9488158,8377.211846,0,255.677959,23.038,70.28996776,2278.162661,0,16.373,0,2,0,0,0,1,0
4311071,0,0,3,2,0,1,296.011484,9939.073269,1,384.23084,28.871,33.95171604,3167.621698,1,30.358,0,3,0,0,0,0,0
4320039,2,1,1,0,2,0,3087.201434,5863.624478,0,246.234508,27.17,246.1728204,671.3669581,0,26.74,0,4,0,0,0,0,1
3965362,1,1,2,2,0,1,641.9763307,16432.44594,0,254.319956,36.212,107.3283546,1185.281844,0,38.255,0,4,1,0,0,0,1
3974314,0,1,2,1,2,1,545.6464079,16753.10098,0,119.990728,36.865,77.73976094,420.7417872,1,29.084,0,2,0,0,2,0,1
4329413,0,0,2,0,0,0,1079.506515,4452.576373,0,514.574542,13.153,56.4748607,2743.289517,0,9.848,0,3,0,0,1,0,0
3980067,1,0,2,2,3,1,520.4603451,16090.15296,0,55.1409602,44.149,73.02175992,714.6899678,0,24.912,1,1,0,0,0,0,1
558280,2,1,3,2,0,1,1098.300843,3110.457914,0,448.680188,11.762,86.84915841,7036.690256,1,17.592,1,2,1,1,0,0,0
2587545,1,0,0,0,4,0,198.7689306,6290.055949,0,204.753297,25.547,250.9890429,2743.451211,0,7.824,0,1,0,0,1,0,0
3989489,1,0,3,3,0,0,785.6399619,16090.15296,0,74.1640339,34.606,58.76000023,688.873734,1,27.328,1,1,0,0,0,0,0
3995677,0,0,0,0,3,0,932.5501061,5039.871123,0,384.772687,44.82,190.4905467,2979.415477,0,32.696,0,1,0,0,0,0,0
3995864,0,0,2,1,1,1,2062.049056,8426.607081,0,178.578998,16.37,117.8974822,2515.601174,1,25.032,0,1,0,0,0,1,0
562053,0,0,0,0,4,0,1557.020378,7035.350833,0,360.164854,28.824,106.9333714,498.777285,0,9.497,0,2,0,0,0,0,0
4353689,0,0,3,1,2,1,481.3899774,13342.86873,0,295.709179,33.984,187.9016237,2835.761635,1,34.282,0,1,0,0,0,0,0
4384955,1,0,0,0,4,0,961.6171879,7192.411868,0,163.214731,32.189,470.7603819,3597.935792,0,23.066,0,2,0,0,1,0,0
4010659,1,0,0,0,4,0,3877.337419,5585.243623,0,426.406158,12.46,34.70402408,388.2511155,0,6.805,0,2,0,0,1,0,0
549351,1,0,0,0,0,0,550.9516583,4157.945287,0,267.197715,48.396,189.9501462,1864.666726,0,24.157,0,3,0,0,1,0,0
4410562,0,0,0,0,3,1,417.8950069,4459.741717,0,224.814548,33.224,228.4709104,2000.989068,0,21.595,0,2,0,0,0,0,0
4060966,1,0,0,0,1,0,986.4109655,7791.640058,0,110.75227,31.034,227.3122635,322.8981551,0,5.985,0,4,0,1,2,0,0
4444888,1,0,3,3,2,0,423.6439302,4376.11469,1,281.699533,18.763,196.5818359,4388.806466,1,8.143,0,2,0,1,0,0,0
4460678,0,0,0,2,4,1,680.1727222,4776.711957,0,282.72218,25.658,58.46238722,3850.050545,1,21.637,0,1,0,0,0,0,0
4461101,2,0,3,2,2,1,555.8995456,14488.19125,0,69.4841158,27.971,69.85927901,198.9966153,1,28.236,0,2,0,0,0,0,1
4473098,1,0,2,2,2,0,541.676322,19927.47432,0,371.602954,35.169,131.4288633,1019.251208,1,27.603,0,0,0,0,2,0,0
4485054,1,0,2,2,0,1,2788.886953,10100.8748,0,927.506159,21.835,232.0678029,443.1146486,0,12.253,0,2,0,0,0,0,1
331655,1,0,1,1,3,1,848.3484889,5595.56424,0,353.45356,21.199,183.1099763,6198.876825,0,6.631,0,1,0,0,0,0,0
4495168,1,0,3,2,0,0,550.1493001,18320.14404,0,291.450701,33.207,194.3689145,1173.580353,0,18.532,0,1,0,0,1,0,0
4507430,1,0,3,3,1,1,1105.388572,8605.106347,0,483.743482,21.106,248.6919079,5120.773972,0,7.905,0,2,0,0,0,1,0
4548005,1,0,2,2,0,1,2687.34659,6038.98984,0,193.84109,25.698,177.693991,822.6214693,1,10.294,0,2,0,0,0,0,1
4576947,1,0,1,2,0,0,2766.282803,6214.546151,0,494.235935,26.348,187.2857544,681.3884456,0,7.588,1,3,0,0,1,0,0
4582804,1,0,3,2,0,0,1383.127037,16255.89271,0,86.7651537,31.538,111.4356926,729.9127243,1,37.986,0,1,0,1,2,0,0
4149527,0,1,1,1,1,0,904.9009959,16831.2794,0,478.635636,44.211,95.44792345,1420.820752,0,23.702,0,2,1,1,0,0,0
589754,1,1,3,2,0,1,449.6084964,15845.86521,0,177.577736,47.87,28.46992662,966.8834677,1,33.44,1,1,0,0,2,1,0
4589790,2,0,3,2,0,1,718.474042,10036.93198,0,82.8533339,30.749,15.82129369,1236.071208,1,24.91,0,2,0,0,0,0,0
4603073,1,0,2,1,0,0,535.1021318,14488.19125,1,51.5285361,27.971,50.65531407,193.5683124,1,28.236,1,1,0,0,0,0,1
4609451,1,0,1,0,2,0,371.3644919,9923.038077,0,344.396386,45.087,216.41784,2649.591579,1,24.483,0,1,0,0,0,0,0
4620282,0,0,1,1,2,1,287.702149,16156.90885,0,140.22741,32.805,80.76219791,1097.317629,1,13.879,0,1,0,0,1,0,1
4176421,0,0,0,0,4,0,427.2672144,7800.277592,0,104.567011,35.917,101.868594,354.164531,0,27.315,0,1,0,0,0,0,0
4184043,2,0,3,3,0,1,1405.821805,12500.19895,0,514.419217,46.81,89.42205344,1111.172244,1,42.449,0,0,0,0,0,0,1
4199056,1,0,1,1,4,0,654.963488,6892.788945,0,164.648294,34.881,114.9350332,618.3908267,0,17.369,0,1,0,0,0,0,0
4620939,1,0,3,2,1,0,327.6028524,16509.65958,0,305.582736,50.457,43.26216156,464.0436409,1,20.118,0,1,0,0,1,0,0
4213050,0,0,0,0,0,0,628.4984764,26846.69332,0,105.365585,30.175,203.0969747,662.7578069,1,22.942,0,0,0,0,0,0,0
4647179,0,0,3,2,0,1,1413.247351,21912.76805,0,517.934175,24.037,62.87503977,694.4408512,1,17.654,0,0,0,0,0,0,1
604349,0,0,0,0,3,0,551.7487146,9520.413132,0,239.157317,31.051,296.4599318,1502.594899,0,28.69,0,3,0,0,0,0,0
4725177,1,1,2,0,1,0,401.4855042,7427.388591,1,29.6735981,31.658,75.42944445,514.1332525,1,34.923,0,3,0,0,0,0,1
4733222,1,0,3,2,0,0,1426.965281,5039.871123,0,259.881916,30.857,79.0364148,3022.668379,0,37.907,1,2,0,0,0,0,0
4737196,0,0,0,0,0,0,352.1293497,6793.09302,0,196.227088,17.254,261.8818051,5157.516252,0,26.643,0,0,0,0,0,0,0
4390352,0,0,0,0,4,1,1268.262247,13767.77531,0,629.011272,41.299,43.86647673,200.9629035,1,15.858,0,1,0,0,0,0,0
4421563,0,0,3,0,1,0,131.7530613,6633.981714,0,113.397282,23.907,197.1652812,4793.024211,0,9.504,0,4,0,0,1,0,0
4433499,1,0,3,0,1,0,563.2081453,8969.946753,0,15.1625811,33.459,26.34215603,922.3346437,1,19.551,1,0,0,1,1,0,1
4772839,1,0,2,2,2,0,716.5331084,8488.616533,0,396.05112,34.544,31.64579751,3700.324746,1,14.166,0,2,0,0,1,0,0
4458977,0,0,0,0,2,0,141.9983555,13642.22145,0,292.797463,27.058,417.8398487,444.945732,0,15.807,0,0,0,0,0,0,0
4468183,1,0,3,2,0,0,852.2554024,4272.037234,0,180.756386,30.198,85.57424156,4919.100038,1,9.166,0,0,0,0,0,0,1
4471180,1,0,3,1,0,1,206.2058979,10474.95621,1,286.85207,33.429,89.52444363,2254.377857,1,32.577,0,0,0,1,0,0,0
4808859,2,1,3,2,0,1,2758.351644,5019.812067,1,163.433689,21.379,265.2845471,1575.188229,1,40.826,0,3,1,0,0,0,1
4810104,2,0,1,0,3,0,361.6039161,9204.05337,0,272.362018,28.293,18.96464599,6940.673733,0,18.608,1,1,0,0,0,0,1
4814228,2,1,3,3,0,0,719.0772916,12180.73773,0,294.004227,32.98,251.3567119,1288.180297,0,4.709,0,5,0,0,0,0,0
4822047,0,0,0,0,4,1,622.360799,8103.453215,0,49.6812714,18.531,176.1835357,1777.95434,0,11.398,0,1,0,0,0,0,0
4832085,0,1,1,0,2,1,468.8127246,9332.258387,0,273.2602,45.217,160.5585767,495.5123238,0,9.577,0,2,0,0,0,0,1
4845067,1,0,0,2,1,1,1288.898789,14458.20464,0,145.60993,26.233,589.2366961,939.954822,0,31.433,0,3,0,0,0,0,0
4187812,1,0,0,0,3,1,1845.189395,11623.16617,0,713.961713,45.645,368.8754073,1094.040211,0,23.936,0,2,0,0,0,0,1
4849674,1,0,0,0,4,1,999.2033913,11509.67514,0,240.09099,27.214,191.8445624,442.2735483,0,14.85,0,0,0,0,0,0,0
4543983,0,0,0,1,0,0,308.5929953,12246.65952,0,172.099788,49.79,176.2944826,2405.121381,0,32.772,0,1,0,0,0,0,0
4860822,1,1,3,2,0,1,844.7589237,5344.928751,0,117.035014,20.253,95.30375259,2842.844417,1,28.028,0,1,1,0,0,0,0
4868848,1,0,2,2,2,0,1295.784695,11647.56237,0,102.790905,35.799,294.9831938,693.6894181,1,9.468,0,1,0,0,0,0,0
655921,1,0,2,0,2,1,580.6862471,16348.38898,0,159.398678,43.686,68.1947172,673.9658692,1,25.958,0,0,0,0,0,0,0
4876362,1,1,3,2,0,0,1763.081892,8755.985616,1,616.817758,18.612,43.68581181,148.9451563,1,30.661,0,1,0,0,0,0,0
4596465,1,0,1,2,0,0,1258.769538,6563.33255,0,319.500097,19.147,85.83404139,703.5164564,1,6.832,0,3,0,0,0,0,0
4877395,0,0,1,0,0,0,807.7848245,6765.471164,0,270.626149,27.223,111.5706048,1522.807519,1,27.196,0,2,0,0,0,0,0
4877414,1,0,2,0,0,0,899.6350548,8022.5848,0,334.164092,48.166,147.5474768,358.7187838,0,21.741,0,1,0,0,0,0,0
4906335,0,0,2,2,0,0,458.0608539,7303.140518,0,527.365409,18.798,73.466693,405.3139577,1,31.614,0,3,0,0,0,0,0
4911653,1,0,0,2,4,1,367.5280272,8030.350212,0,269.516387,41.662,73.43333439,370.5936177,0,27.791,0,1,0,0,0,0,0
4622066,1,0,3,2,0,1,841.8615926,4272.037234,0,301.462114,30.198,202.8391572,4810.392309,0,9.166,1,4,0,0,0,0,0
4917995,1,0,1,0,3,0,740.0723346,16622.35305,0,214.909156,39.512,61.64623558,723.0518675,1,29.912,0,1,0,0,1,0,0
4674797,0,0,0,1,4,0,1317.823173,6411.749684,0,557.050501,27.71,67.70592053,736.9510276,0,23.257,0,2,0,0,0,0,0
4925931,0,0,0,0,0,0,145.8215594,11306.85311,0,337.793996,25.995,161.4110357,1545.44099,0,31.576,0,2,0,0,0,0,0
4716208,0,1,2,0,1,1,714.0186945,4150.157786,0,634.893161,20.138,111.7761292,2540.592467,1,17.36,0,3,0,0,0,0,0
4932576,1,0,0,0,3,0,2239.785898,9659.275396,0,676.179957,26.48,164.6027559,362.1045476,0,14.35,0,3,0,0,0,1,0
551927,1,0,0,0,2,0,1670.783203,11647.56237,0,37.8586525,54.355,110.7179988,549.3474108,1,31.034,0,1,0,0,1,0,0
4947224,1,0,1,2,2,0,573.7845272,11131.97235,0,359.145398,51.675,42.0885353,577.0661941,1,43.021,0,1,0,0,0,0,1
4761479,2,0,0,0,2,0,1240.992057,3987.976803,0,242.237975,42.224,139.7097311,5756.677274,0,53.716,0,3,0,0,1,0,0
695682,2,0,1,0,2,0,841.5023074,9174.918203,0,139.94137,31.212,39.1626797,4096.592428,0,17.081,0,2,0,1,0,0,1
4762310,1,0,3,3,1,1,50.16964024,5432.141534,1,420.149437,35.588,35.29768411,2101.208929,1,15.24,1,0,0,0,0,0,1
4961858,1,1,3,0,0,0,1219.285792,4452.576373,1,261.647024,18.006,341.9858771,2196.953882,0,5.943,1,0,1,0,2,0,1
4962040,2,1,3,2,0,1,952.5930579,10911.69641,1,44.823581,35.963,238.6940265,535.8257128,0,20.607,1,1,0,1,0,0,1
4967111,1,1,2,1,2,1,1117.216585,5097.076868,0,201.247551,25.352,50.42278031,640.4595167,1,21.568,1,3,0,0,1,0,0
4967816,1,0,2,0,3,0,1827.509032,3835.305311,0,117.969392,22.667,130.2182127,1877.398255,1,29.43,0,1,0,0,2,0,0
4839527,1,0,2,2,1,0,618.7713575,12955.00099,0,885.640794,35.741,150.280113,793.9355484,1,24.312,0,2,0,0,0,0,0
4967875,2,1,3,2,0,1,1356.760864,5646.830867,1,331.21326,33.76,312.4882626,4438.669592,1,25.765,0,4,1,1,0,0,1
4969568,1,0,0,0,0,1,743.0371405,8472.709381,0,200.447546,42.259,54.71790076,354.1300505,0,34.37,0,1,0,0,0,0,0
4972956,0,0,3,0,2,0,2935.365564,3471.578749,0,98.4973868,16.028,66.33763833,898.7967479,1,7.222,0,2,0,0,0,1,1
4976273,1,0,3,2,0,1,592.7842447,6571.545047,0,120.243547,16.807,324.9038008,3277.290013,1,18.479,0,3,0,1,0,0,0
4976429,1,1,0,0,1,0,461.5351532,9926.095678,0,310.782666,38.483,126.4937441,199.2073976,0,26.261,0,1,1,0,0,0,1
1425413,1,1,0,0,2,0,850.0800289,4459.741717,0,222.743893,36.586,87.87335813,2375.696385,0,25.839,0,4,0,0,0,0,0
700479,1,1,2,1,1,0,680.5706304,16330.10516,0,431.205135,44.695,118.5214117,1796.311856,0,39.685,0,2,1,1,0,0,1
4977840,1,0,0,0,2,0,3559.582891,5633.205071,0,422.030456,18.305,147.823508,1537.761583,0,9.727,0,2,0,0,0,0,0
4979756,1,0,1,0,0,0,513.0098545,1533.307959,0,120.1309,8.491,22.73293276,7058.697688,0,5.448,0,2,0,0,0,0,0
4984274,0,1,3,2,2,1,215.7845048,13968.65198,0,471.813331,36.216,100.4233234,914.9738515,1,26.638,0,0,0,0,1,0,0
4990000,0,1,1,2,0,0,622.4093315,8472.709381,0,285.323702,39.449,72.756112,219.5348188,1,24.682,0,0,0,0,0,0,0
4993945,1,0,0,0,4,1,1328.439249,14751.36139,0,495.856799,39.726,266.7289896,254.2033086,1,8.969,0,2,0,0,1,0,0
4997947,1,1,3,2,0,1,387.2546679,22573.91737,0,448.90975,40.342,32.2493466,1904.103303,1,45.938,0,0,1,0,0,0,0
701579,0,1,1,0,0,1,115.9358972,8298.229078,0,270.530847,26.397,59.24149278,1151.796674,1,14.665,0,2,0,0,0,0,1
5011063,1,0,0,0,1,0,478.0046363,3953.230127,0,447.113014,25.576,129.2877602,1139.79317,0,19.225,0,0,0,0,1,0,0
368602,0,0,2,2,0,0,994.4038609,9520.413132,0,136.229199,32.6,178.9934383,2104.709727,0,22.128,0,1,0,0,0,0,0
6667,0,0,0,2,0,1,658.7759351,15294.76701,0,82.4899739,43.769,220.1649023,2939.191216,1,30.74,0,1,0,0,0,0,0
4947014,0,0,0,0,2,0,875.147897,3428.741294,0,350.481898,24.186,40.06452375,1543.556335,0,17.756,0,2,0,0,1,0,0
5023222,1,0,0,0,1,1,690.8282268,10278.41835,0,276.707275,28.012,121.2897958,685.576706,1,10.92,0,2,0,0,1,0,0
5033768,1,0,0,1,0,0,348.825475,13120.68296,0,574.182067,80.32,45.14038197,2422.642167,0,32.875,0,2,0,0,1,0,0
5033952,0,1,1,0,3,0,519.3678039,12640.33977,0,388.818302,30.131,150.13452,1311.427634,1,25.682,0,1,0,0,2,1,0
5037440,2,0,3,1,0,0,1091.839027,20277.09162,1,213.21697,38.15,93.80311377,215.0452868,1,15.129,0,2,0,0,2,0,1
5039770,2,0,2,0,3,0,2003.680676,8426.607081,1,78.9933708,16.37,112.6787972,2416.380509,1,25.032,0,2,0,1,0,0,1
5041870,0,0,3,2,1,0,354.3760679,15434.02931,1,138.322238,45.536,84.5442094,2558.650054,1,19.912,0,1,0,0,1,0,0
5055428,1,0,3,2,0,1,538.6215947,6482.866534,0,375.720475,42.568,90.42924139,1587.881853,1,29.626,0,1,0,0,0,0,1
5056088,0,0,0,0,0,0,554.9604868,14970.86127,0,125.138595,23.48,96.87189824,830.0188504,0,7.73,0,0,0,0,0,0,0
5058937,0,0,0,0,0,0,253.5813982,13642.22145,0,131.70349,43.196,157.2195196,1239.181641,0,16.104,0,3,0,0,0,0,0
5061454,0,0,0,0,4,0,884.1246502,11771.62591,0,215.33322,38.683,104.9525033,484.2787286,0,16.015,0,2,0,0,0,0,0
5070037,2,0,0,0,3,0,665.2488553,14771.1909,0,355.272535,38.18,180.1204844,233.9040995,0,15.605,0,1,0,0,0,0,1
4978203,1,0,0,0,4,1,599.3818639,22484.68524,0,229.70843,21.762,260.5887403,653.4258114,0,9.263,0,2,0,0,1,0,0
4983587,1,0,1,0,4,0,204.6144186,7418.083695,0,838.843793,37.094,114.249364,3418.693717,0,17.18,0,1,0,0,0,0,0
5077128,1,0,0,0,0,0,1354.965078,18155.10136,0,581.929217,31.769,252.3464248,699.6391743,0,10.834,0,2,0,0,0,0,0
4990831,1,0,0,0,2,0,1265.8276,12499.52782,1,431.608873,21.544,99.20299448,1144.759002,0,23.386,0,1,0,0,0,0,0
4992449,1,0,2,2,2,1,1052.684721,9754.856248,0,252.809538,21.625,342.8127112,3828.945113,1,42.16,0,1,0,1,0,1,0
5086405,1,0,2,3,1,0,269.9617671,8673.593395,0,200.205131,35.826,133.7783022,3378.368416,1,34.209,0,3,0,0,0,0,0
993096,0,0,0,0,1,1,1080.604414,18320.14404,0,490.94171,35.277,109.3816353,593.8347516,1,33.113,0,2,0,0,1,0,0
5102320,2,0,2,1,0,1,807.7778832,14488.19125,0,338.498005,28.901,45.51764567,728.5795359,1,31.553,1,2,0,0,0,0,1
5104772,1,1,0,0,4,0,82.76870289,8103.453215,0,399.863298,46.085,26.70194499,1718.239676,0,21.852,0,0,0,0,2,0,0
5040253,0,0,0,0,4,0,763.8299737,4766.634548,0,321.71846,24.488,128.2068568,8869.002957,0,9.426,0,3,0,0,0,0,0
5123144,1,0,3,2,2,1,983.7007335,14963.7193,0,584.629896,38.648,241.1360093,899.2659769,1,32.105,0,1,0,0,0,0,1
5126184,2,0,0,0,0,0,1216.005978,10347.97852,0,37.7181196,34.624,32.43321327,348.8255545,0,28.237,0,2,0,0,1,0,1
358692,1,0,0,0,3,0,767.82528,10150.51159,0,187.896059,25.188,127.5483973,1492.288803,1,11.93,0,1,0,0,0,0,0
5128675,1,0,2,2,2,1,530.4982227,6571.545047,0,484.623286,21.85,156.1639837,3525.023761,1,15.297,0,1,0,0,1,0,0
5129754,1,1,3,2,0,0,725.9332091,9900.103649,0,320.022122,22.953,56.92063078,894.4019355,1,23.916,0,1,0,0,1,0,1
5137603,1,1,1,0,0,1,1145.654796,8554.837844,0,643.880821,19.208,55.99235218,652.7068951,1,28.641,0,5,0,0,0,0,1
5141703,0,0,0,0,0,0,874.0044093,15017.28117,1,468.161001,35.758,93.18762542,174.0220507,0,22.8,0,0,0,0,0,0,0
5145215,1,1,3,2,0,0,351.3000758,16509.65958,1,214.52042,36.541,179.5700718,1157.121222,1,37.728,0,0,0,0,1,0,0
5084140,1,0,0,1,2,0,576.2528857,14102.87952,0,103.081547,26.726,83.31148401,877.7156364,1,21.07,0,1,0,0,1,0,0
5151240,1,0,0,0,2,0,428.5624487,11372.15016,0,554.613153,31.202,13.91127901,37.67368331,0,16.477,0,2,0,0,0,1,0
5151885,0,0,3,0,0,0,685.8507342,13838.7836,0,260.548184,53.259,226.5543126,239.8983131,1,14.252,0,1,0,0,0,0,0
5153127,1,0,3,1,1,1,1105.436641,9275.440653,0,219.476305,31.348,100.9549224,260.4321927,1,20.451,0,2,0,0,0,0,0
5162584,0,0,0,0,4,0,280.0111158,8748.691759,0,857.287715,51.893,247.7067111,407.4697215,0,25.663,0,1,0,0,0,0,0
5163935,2,1,3,3,0,1,1059.105423,4682.686357,0,431.485719,33.419,129.5647062,1832.617759,1,15.752,0,4,1,0,0,0,0
737267,2,1,3,2,0,0,1405.55254,505.5056155,1,58.9895393,11.138,218.4264079,4710.407055,0,23.76,0,4,1,0,0,0,1
5173279,1,0,3,2,1,0,547.5025285,16030.51435,0,419.545994,28.377,267.7054184,2110.385027,1,16.432,0,0,0,0,0,0,0
5182164,1,0,1,1,3,1,1885.483685,17375.2345,0,396.829791,31.775,89.49584272,201.8854949,1,30.706,0,1,0,0,0,0,0
5186575,0,0,0,0,4,1,570.2874393,948.9865745,0,37.552051,14.137,174.3656529,3263.218375,0,8.72,0,4,0,0,0,0,0
5193655,1,0,0,0,2,0,2962.716908,10949.20375,0,266.497614,19.475,262.5484476,1138.776716,1,25.824,0,3,0,0,0,0,0
776255,1,0,3,3,0,1,384.8478597,10937.12289,1,129.801492,39.464,114.8466311,1339.481616,1,19.337,0,3,1,0,0,0,0
5194166,1,0,1,2,2,0,518.572532,22222.88999,0,373.175394,32.31,126.4195498,2758.130628,1,28.934,0,2,0,0,0,0,0
5197616,0,0,0,0,4,0,551.5276359,3649.654429,0,549.943139,23.239,169.6587269,418.3402149,0,32.662,0,2,0,0,0,0,0
5198660,1,1,3,2,0,1,2278.412477,8755.985616,1,589.295493,25.388,45.71908293,124.8852538,0,18.879,0,3,0,0,0,0,1
5143621,0,0,0,0,0,0,872.311366,15017.28117,0,441.852262,35.758,86.14256831,147.9776108,0,22.8,0,0,0,0,1,0,0
5206651,0,1,3,0,2,1,1798.817925,9105.331262,0,373.401812,28.335,201.2749401,695.3642544,1,11.874,0,1,0,0,0,0,0
5207301,1,0,1,0,0,0,1471.068476,14458.20464,0,428.877738,33.063,335.904485,978.9346414,0,34.204,0,1,0,0,0,0,1
5213128,0,0,1,0,2,1,664.1851854,8986.239604,0,750.319772,41.466,31.27391356,2005.596191,1,23.435,0,3,0,0,0,0,0
5218228,0,0,0,1,1,0,714.4537552,5937.199533,0,814.785649,27.387,100.5731282,2128.831542,0,14.955,0,3,0,0,1,0,0
5218730,1,0,1,0,0,0,500.3541399,3245.117822,0,314.728785,20.796,50.02539251,473.3919259,1,10.209,0,0,0,1,0,0,0
5220309,1,0,0,2,0,0,1134.867047,9105.331262,0,424.885748,27.287,31.57868177,55.06090714,1,27.022,0,1,0,0,0,0,0
5227618,0,0,2,1,0,0,1607.883669,14661.87745,0,184.915744,30.14,96.0801059,765.9289682,1,25.873,0,1,0,0,0,0,0
5252218,0,0,0,0,4,0,187.5205752,15182.12813,0,156.115255,45.508,408.7645143,410.460802,0,19.494,0,2,0,0,0,0,0
5260582,1,0,3,1,0,0,981.1235496,6980.7182,0,598.97329,21.699,249.4612339,7239.086759,1,14.437,0,4,1,0,0,0,1
5262014,1,0,1,0,3,1,1287.359816,8554.837844,0,529.338626,19.208,213.2055961,782.8687861,0,28.641,0,3,0,0,1,0,0
2582118,2,0,3,2,2,1,730.6295404,12246.65952,1,256.819128,33.091,42.55604827,2707.089451,1,41.22,1,1,0,0,1,0,0
789428,1,0,0,0,4,0,205.0980423,3818.822068,0,646.202926,52.22,188.2863709,1022.967028,0,28.797,0,2,0,0,1,0,1
5208392,1,0,3,2,0,1,366.5920091,8802.092707,0,423.102784,27.563,173.7980723,1582.134332,0,19.475,0,1,0,1,0,1,0
5288775,1,0,3,2,0,1,1430.012122,16497.29862,0,95.7501519,20.603,14.16566868,590.7393332,0,35.145,0,1,0,1,0,0,0
5289069,0,0,0,0,3,0,915.4430582,8488.616533,0,106.027889,34.544,135.0494072,3526.524103,0,14.166,0,3,0,0,0,0,0
5295699,0,0,0,1,1,0,1427.422856,6969.726071,0,75.1945526,19.555,134.8833806,675.4533305,1,16.317,0,3,0,0,0,1,0
5300202,2,0,0,0,0,1,533.6668651,8676.588652,0,216.0376,37.988,222.9676877,1218.887508,1,32.04,0,1,0,0,0,0,0
5313228,1,0,0,0,4,0,734.0325941,7512.389561,0,848.762065,32.806,248.0213043,2340.386238,0,17.245,0,1,0,0,0,0,0
5315834,1,0,2,0,0,1,613.2552867,6571.545047,0,202.570204,36.523,184.6596406,3003.980143,0,18.737,0,2,0,1,0,1,1
5316239,1,0,3,3,1,1,1075.816106,12072.63517,0,21.8496389,21.931,38.51110843,581.1526385,0,40.472,0,2,0,0,0,0,0
5317320,0,1,3,2,2,1,257.0663514,9175.515166,0,333.006644,19.383,85.41090425,164.2384219,1,13.182,0,1,0,0,0,0,0
5238180,0,0,1,1,0,1,277.8766355,13949.48944,0,426.6719,31.481,129.4246596,968.8815948,1,25.892,0,1,0,0,2,0,0
5328550,1,0,1,1,0,0,4109.003065,7863.910564,0,407.574513,23.002,173.252484,336.1538495,1,12.11,0,1,0,0,0,0,0
5332930,0,0,0,0,4,0,710.6289302,5020.3057,0,587.227539,36.813,322.2718762,3351.6662,0,17.855,0,3,0,0,0,0,0
5337463,0,0,0,0,3,1,1465.635871,12100.34106,0,136.571342,27.52,79.22622186,789.9016731,0,15.947,0,1,0,0,0,0,0
5337838,0,1,0,0,4,0,547.7616873,2041.65792,0,88.2263247,17.872,336.0763617,5579.638844,0,8.775,0,3,0,0,0,1,0
5361017,0,0,1,1,2,0,801.2390124,5279.33638,1,611.588722,25.502,153.0991549,3351.765229,0,6.397,0,4,0,0,0,0,0
5373976,1,1,3,2,0,1,505.8153309,14488.19125,1,34.3037984,34.33,330.6316371,825.3166035,1,29.96,0,1,0,1,0,1,0
5374125,0,0,0,0,1,1,1761.955501,9632.271185,0,193.649601,32.763,106.4009264,746.7567559,1,27.77,0,1,0,0,0,0,0
1169323,1,0,0,1,3,1,883.076176,8472.709381,0,60.9125989,35.13,133.3922265,791.1942058,1,14.777,0,3,0,0,0,0,0
5299870,1,0,0,0,2,0,1525.733752,17375.2345,0,198.969154,31.775,77.61952662,370.1305831,0,30.706,0,0,0,0,0,0,0
5403462,0,0,0,0,4,0,884.9807643,9098.707105,0,350.804091,46.526,178.5070245,545.7921966,0,12.297,0,1,0,0,0,0,0
5185045,0,0,0,0,0,0,453.9149083,8686.46086,0,502.07049,43.796,257.243569,3050.19805,0,14.506,0,0,0,0,0,0,0
485368,0,0,0,0,4,0,342.4879274,6049.43411,0,152.947116,23.356,146.4032806,1714.785239,0,25.699,0,4,0,0,0,0,0
5417179,2,1,3,2,2,0,670.3477086,7574.42319,0,385.728026,19.887,102.726977,9009.875195,1,5.324,0,2,0,0,0,0,1
5421339,1,0,0,2,3,1,611.9054177,13354.04358,0,248.180829,40.311,92.02267147,124.144472,1,33.685,1,2,0,0,1,0,0
5321811,1,0,3,2,1,1,1225.799449,9880.479106,0,146.774434,31.994,314.7126747,3335.07233,1,22.387,0,1,0,0,1,0,1
5435304,1,0,3,2,0,0,513.7486852,22035.04657,1,366.956823,40.504,222.8667057,321.6265975,1,11.301,0,2,1,0,1,0,1
5438712,1,0,1,3,3,1,292.9563211,8719.779158,1,297.512443,19.252,189.4260948,1339.891728,1,31.342,0,1,0,0,1,0,0
5449032,1,1,3,1,0,1,1037.341916,5209.810151,1,202.842035,21.734,189.7355831,1048.818142,0,28.682,0,2,1,0,1,0,0
5454192,0,0,3,2,0,0,634.9821633,10937.12289,1,67.2858907,45.985,165.2488815,1431.376567,0,11.31,1,1,0,0,0,0,0
827405,1,0,2,2,2,0,268.6312622,6049.43411,0,444.070658,23.356,106.9059353,1620.882387,1,25.699,0,1,0,0,0,1,0
5463722,1,1,3,1,1,0,909.640206,9667.008537,0,428.839404,35.757,359.2686649,3067.74029,0,19.749,0,1,0,1,2,0,1
5469824,2,1,3,3,0,1,251.289491,12369.03102,1,115.741698,34.325,205.0890874,2170.733654,1,37.972,0,0,0,0,1,0,1
5480725,0,0,2,1,0,1,640.7616989,18626.24874,0,275.191397,26.219,27.99733389,1992.929502,1,25.102,0,2,0,1,0,0,0
5503476,0,0,0,0,1,0,1013.309113,9221.560721,1,285.10184,22.455,92.49743453,605.4450908,0,5.53,0,4,0,1,1,0,0
5503789,2,0,3,2,2,0,179.9932797,3611.155799,1,570.480661,14.797,69.15472026,6913.80529,1,29.529,0,2,0,0,0,0,1
5505490,2,0,3,2,2,0,1001.60659,12500.19895,0,327.500936,23.374,64.96609239,1368.987348,1,26.942,0,2,0,0,2,0,1
5509995,0,0,1,0,1,1,216.8344554,5412.914164,0,325.59631,31.348,172.9580397,671.5862032,0,14.045,0,3,0,0,0,0,0
5510990,1,0,2,1,1,1,1017.563447,3081.974693,1,475.716195,33.822,82.02395377,812.4761144,0,27.211,1,2,0,0,0,1,0
5511309,0,0,0,0,4,1,226.6782516,3081.974693,0,204.187419,24.35,11.58797192,691.2700234,0,22.316,0,3,0,0,1,0,0
5523819,0,0,0,2,0,0,606.2139109,13838.7836,0,514.724211,73.954,164.2250265,201.139738,0,14.959,0,0,0,0,0,0,0
839104,1,0,0,0,1,0,564.3166092,10071.80128,0,520.649098,31.927,320.0016202,624.3047517,0,21.726,0,2,0,0,0,0,1
5524787,2,0,0,0,4,0,851.2809725,5105.165093,0,559.415087,33.904,309.0549558,1066.37172,0,42.578,0,1,0,0,0,1,0
5525628,1,0,2,1,0,1,304.2191077,12755.95845,0,462.417215,44.859,29.26572995,2076.875332,0,17.486,0,2,0,0,1,0,0
5530494,0,0,0,1,2,0,819.6017886,21955.47306,0,368.985995,42.447,308.7753072,267.8755916,0,20.791,0,3,0,0,0,0,0
5531036,1,0,1,2,1,1,612.4200589,15087.1941,0,599.025709,39.002,166.9066428,1872.113916,1,44.228,0,1,0,0,0,0,0
5362247,1,0,3,1,2,1,2102.952621,4328.661349,0,378.524417,14.154,116.4110218,2457.953364,1,13.287,0,3,0,1,0,0,0
5534365,1,0,3,1,0,1,566.1056471,24268.21468,1,77.8581206,39.36,90.44201679,586.4427089,1,19.688,1,2,0,1,0,0,1
5538726,2,0,3,2,1,1,1128.924347,10022.89523,0,162.066976,31.116,170.8959728,290.3908924,1,19.87,0,2,0,0,0,0,0
1238370,1,0,3,3,2,1,342.7024676,14234.30532,1,680.673379,35.504,45.22520505,368.5782313,1,15.197,0,2,0,0,1,0,0
5548607,0,0,0,0,3,0,1310.376968,11332.24707,0,434.142024,43.684,30.68022416,658.8111463,0,17.234,0,2,0,0,0,1,0
5469982,2,1,3,2,0,1,1098.730745,3898.965998,1,173.792995,25.364,188.0042316,3491.39436,0,19.955,0,1,0,1,0,1,1
5548879,1,0,0,0,0,0,927.1933435,6162.399775,0,682.68216,18.793,233.7469165,3889.78658,0,7.496,0,2,0,0,1,0,1
5552846,1,0,3,2,3,0,1159.566145,8022.5848,0,97.7919268,55.455,100.6076471,340.9809457,1,14.66,0,2,0,0,0,0,0
5553634,1,0,3,2,1,1,536.0048879,13949.48944,0,296.422822,25.293,266.7311769,963.3419775,1,22.29,1,1,0,0,0,0,1
5556135,1,1,3,2,1,1,817.7815287,8377.211846,1,356.453763,17.496,190.8327692,2132.869694,1,31.388,0,1,0,1,0,0,0
5557741,2,0,2,1,0,0,915.0326166,5802.350787,0,454.428538,26.547,242.9708173,4867.707684,0,12.627,0,5,0,0,0,0,0
5557761,1,0,2,3,0,1,999.0185855,16259.38155,0,612.514347,31.353,72.3056488,1536.011999,1,18.629,0,2,0,0,0,1,1
824326,0,0,0,0,4,0,554.2274464,5572.392265,0,204.463223,30.821,72.23323785,3568.07701,0,12.483,0,3,0,0,0,0,0
5567222,1,0,3,2,0,0,236.5431902,16926.93234,0,82.642518,34.777,169.1197311,461.0330785,1,27.096,0,1,0,0,0,0,1
5570942,2,0,3,2,0,1,470.8419583,9900.103649,1,160.147939,22.953,206.7432886,1141.278682,1,23.916,0,1,0,1,2,0,1
5575322,1,1,3,2,3,1,848.4163651,11747.95284,0,402.93096,44.409,68.4810733,997.5575561,1,25.791,0,3,0,1,0,0,1
5578486,1,0,2,2,2,1,1690.990485,6179.824377,0,220.563811,17.118,284.0149102,3195.003907,1,11.041,0,3,0,0,0,0,1
5582161,1,0,2,1,0,0,869.6564482,9726.203077,0,464.735567,39.252,154.5340694,1626.937672,0,13.045,0,5,0,0,1,0,1
5525771,1,0,0,0,4,1,669.5720372,4573.975975,0,230.140947,19.125,104.9634661,9000.822299,0,8.721,0,3,0,0,0,0,0
5584250,0,0,0,0,4,1,478.59061,5906.45502,0,187.136356,21.135,107.8719159,459.8180657,1,9.987,0,2,0,0,0,0,0
5584815,1,1,2,0,1,0,360.8917887,14102.87952,0,52.7772818,26.726,212.0512129,884.8072493,1,21.07,0,5,0,0,0,0,0
5538536,1,0,3,2,0,1,588.0613026,8986.717444,0,263.560728,22.824,211.6250957,519.6133682,1,10.543,0,3,0,0,2,0,1
5592998,1,0,3,2,2,0,670.3477086,7574.42319,0,385.728026,19.887,102.726977,9009.875195,1,5.324,0,2,0,0,1,0,1
5547733,0,0,1,1,4,0,616.441219,4961.855548,0,378.035939,14.778,211.5040309,228.0787105,1,8.919,0,1,0,0,0,0,0
5597008,1,0,1,1,1,0,751.6152617,11978.70502,0,183.092945,33.191,21.43149384,641.9062005,0,37.205,0,1,0,0,0,0,0
5614850,1,0,1,0,3,1,259.0409595,12612.41186,0,865.669056,33.367,133.8398805,263.5941521,1,17.524,0,2,0,1,0,0,0
5548975,0,0,3,2,1,1,485.8614348,9520.405507,1,125.787523,46.557,13.93992815,1724.320773,1,32.981,0,0,0,0,0,0,0
5551422,1,0,3,1,0,0,861.2812077,16753.10098,0,193.43187,36.865,37.7633589,474.3742821,1,29.084,0,0,0,0,1,0,0
5615860,0,0,0,0,4,0,224.1363757,12150.01553,0,372.080782,39.938,30.1648921,1683.270544,0,25.963,0,2,0,0,1,0,0
457867,1,0,0,0,1,0,426.9775178,16772.60693,0,100.644081,25.092,90.16789682,1335.765103,0,36.758,0,3,0,0,0,0,0
15660,0,0,0,0,4,0,590.2616514,18634.95398,0,34.944387,28.273,83.65027871,588.0854887,0,39.744,0,3,0,0,0,0,0
5554359,1,1,3,2,0,1,679.3462783,9481.743706,0,227.781062,28.043,249.6134107,1223.211398,0,29.992,0,2,1,0,0,0,1
5645600,0,0,0,0,0,0,1041.410984,3835.305311,0,190.207801,17.227,120.022512,1073.680651,0,37.853,0,0,0,0,1,0,0
5649937,2,1,3,2,0,1,562.4858039,12364.10659,1,237.260149,28.97,105.7867555,2833.455522,1,23.913,1,2,0,0,0,0,1
5652390,1,0,2,2,0,0,1451.970734,6980.7182,0,400.188445,26.043,264.0215309,7921.065728,0,17.542,0,2,0,1,0,0,0
5656362,2,0,0,1,2,1,813.2418806,16609.09682,0,120.143724,25.27,255.8479138,636.7702334,0,24.102,0,2,0,0,0,0,0
5664015,1,0,3,2,0,0,764.2773176,11541.47703,0,365.408857,44.395,252.6466654,1917.021576,1,22.777,0,2,1,0,0,0,0
5664246,0,0,0,0,4,1,1539.540997,8377.211846,0,414.569233,27.184,198.9056338,1728.668707,1,22.532,0,1,0,0,1,0,0
5665169,1,0,1,0,3,0,1729.45693,15667.46341,0,227.223711,38.757,46.2254786,992.6451378,0,27.129,0,2,0,0,1,0,0
5670710,0,0,0,1,4,0,743.3029711,14113.88592,0,504.769511,50.857,91.60600558,2818.8494,0,28.427,0,1,0,0,0,0,0
5693526,1,0,0,0,3,0,815.2912243,1500.111374,1,237.58422,17.784,126.1027493,5510.624362,0,3.249,0,4,0,0,0,0,0
5703801,0,0,0,1,2,0,540.194357,9939.073269,0,400.173202,35.295,15.63789203,2793.829587,0,21.089,0,1,0,0,0,0,0
5708712,1,0,1,3,3,0,480.5352716,10384.81142,0,331.44413,34.015,165.594274,1197.420421,1,45.854,0,1,0,0,0,0,0
5710154,1,0,3,1,3,1,634.2378728,546.5536138,0,212.677759,43.992,268.3029776,3769.802749,1,16.678,0,2,0,0,0,0,0
1056552,0,0,1,0,1,0,1727.49017,13543.67146,0,84.3801878,28.424,95.77220602,981.4125656,0,10.795,0,0,0,0,1,0,1
5734936,0,0,0,0,4,0,1102.937096,3081.974693,0,278.397555,33.822,261.5685502,1424.530594,0,27.211,0,1,0,0,1,0,0
5740763,0,0,1,0,0,0,776.1422403,20929.22768,0,164.833866,35.937,154.8004319,837.8827132,1,22.144,0,1,0,0,0,1,0
5741923,0,0,0,0,1,0,490.623461,18787.59912,0,449.011944,49.918,117.3531586,565.8738784,1,14.037,0,0,0,0,1,0,0
5748220,1,0,0,2,0,1,488.3030692,4652.593933,0,149.248372,30.248,175.6589182,403.6378789,1,5.734,0,4,0,0,0,0,0
5749636,0,0,1,0,3,0,314.456886,14389.57353,0,42.412662,45.176,246.8447963,227.9560291,1,34.093,0,1,0,0,0,0,0
5756722,1,0,2,0,0,1,626.1404651,808.6555717,1,128.154332,21.126,81.70448933,10859.82036,0,25.428,0,2,0,0,0,1,0
5767810,2,0,2,2,0,1,642.0907863,14622.58798,0,105.752041,37.592,136.3529837,633.4518601,1,29.263,0,2,0,1,0,0,0
5624291,0,0,2,0,4,0,463.4856192,9541.46885,0,288.350349,49.212,26.91678106,230.9060413,1,33.034,0,1,0,0,0,0,0
5787114,0,0,3,2,2,1,761.5894542,9849.989867,0,224.498265,20.31,152.4448719,705.5320038,1,45.936,0,2,1,0,1,0,0
5636137,1,0,3,2,0,1,486.0726619,4169.928802,1,285.147761,23.665,170.9539068,6821.589334,1,13.14,1,2,0,0,1,0,0
634254,1,0,2,2,0,1,352.6469538,17221.86628,0,115.906922,34.588,221.209049,487.2488852,1,40.136,0,1,0,0,0,0,0
700835,1,0,0,0,3,0,526.6798142,24215.68766,0,92.5849774,39.795,393.7627048,318.0369708,1,14.324,0,2,0,0,0,0,0
23363,0,0,0,0,2,0,307.4992029,6049.43411,0,356.098617,26,56.63546953,1995.066233,0,24.882,0,2,0,0,0,0,0
5796484,1,0,0,0,3,1,241.5445882,8986.239604,0,489.777239,58.053,116.2788754,2650.823293,0,28.097,0,3,0,0,0,0,0
5797120,1,0,3,2,0,0,1080.744386,19180.45933,0,133.927906,27.727,181.1754646,457.5923873,1,7.391,0,2,0,0,0,0,1
5797955,1,1,3,3,0,0,55.78485985,16926.93234,1,308.742121,34.777,55.2735804,375.7253453,1,27.096,1,2,1,0,0,0,0
39727,1,0,0,0,0,0,663.3421049,3245.117822,0,99.6155266,20.796,378.1769806,656.1863677,1,10.209,0,2,0,0,0,1,0
5813408,1,0,3,2,1,1,359.6546345,12511.25727,1,307.526409,14.891,137.0654096,1516.736197,1,39.488,0,2,0,0,1,0,0
5817041,1,0,3,0,0,0,676.8822302,23971.94796,1,226.889569,48.847,145.7740472,116.950148,0,23.704,0,4,0,0,1,0,0
5825086,2,0,2,3,3,1,752.8352558,4961.855548,0,147.733582,14.778,79.45013642,234.7600971,1,8.919,0,4,0,0,0,0,1
5826138,0,0,0,1,0,0,1064.89863,6920.966754,0,62.6470099,31.157,246.0614487,801.6912591,0,5.764,0,4,0,0,0,0,0
5828513,1,0,1,0,4,0,643.079686,8886.964288,0,75.564074,16.778,163.6552878,4019.892712,0,12.081,0,2,0,0,0,0,0
87540,1,0,3,2,0,1,2769.303452,1639.568438,0,432.387678,21.402,77.90966023,104.305518,1,25.001,0,2,0,0,0,0,0
608232,0,0,0,0,3,0,1005.425981,8063.637997,0,30.3462669,21.54,172.8040945,1345.330338,0,18.175,0,3,0,0,0,0,0
5694778,1,0,3,1,2,1,56.66429569,2828.160203,0,239.932992,16.535,33.48548348,2270.877066,1,7.336,0,3,0,1,0,0,1
5829067,2,1,3,2,2,1,1091.36969,10461.29232,0,157.419626,69.231,184.8943375,294.8491907,1,12.041,0,2,0,0,1,0,1
5696120,1,0,2,2,0,0,279.4762356,8299.245255,0,389.163041,38.432,24.57065049,1549.183705,0,29.677,0,3,0,0,1,0,0
5700354,0,0,1,1,3,0,34.25639942,8903.364788,0,309.840509,32.547,8.691597645,1008.04085,0,5.847,0,1,0,0,1,0,0
831847,1,0,0,1,1,0,884.4843631,9939.073269,0,103.415933,18.645,85.73542753,3243.428038,0,31.215,0,3,0,0,0,0,0
5832649,2,1,3,2,0,1,528.5165991,9849.989867,1,195.614656,20.31,292.3695526,499.5031077,1,45.936,1,2,0,1,0,0,0
5707364,1,0,0,2,2,0,833.3882881,13859.66817,0,213.129453,37.386,43.83897728,2178.669826,1,29.29,0,1,0,0,0,0,0
5841622,0,0,1,0,1,1,483.9604097,6215.117464,0,410.841842,43.814,95.07210077,575.3655319,1,25.659,0,1,0,1,0,0,0
5845721,0,1,2,0,2,1,807.5249492,8816.463843,0,400.8852,25.833,70.77349148,3769.315777,1,32.515,0,2,0,0,2,0,0
5846703,1,0,0,0,0,0,587.0427439,14096.34699,0,302.621102,41.811,129.0667718,708.3591788,1,15.663,0,1,0,0,1,0,0
5728653,1,1,1,0,3,0,719.1450041,6196.876215,0,270.848485,39.126,306.9883175,2887.68231,1,22.889,0,3,0,0,0,0,0
5853066,2,0,3,3,0,1,1456.671575,18040.94673,1,492.358933,29.686,6.93832095,275.2266154,1,27.715,1,2,0,0,1,0,0
5735032,1,0,3,1,2,0,456.0048734,9061.565349,0,52.1744697,20.87,156.2425645,4309.075443,1,25.999,0,0,0,0,0,0,0
833765,1,0,1,2,0,1,31.91489714,9125.661789,0,313.60993,41.447,91.32690885,791.1434117,0,21.296,0,2,0,0,0,0,0
835947,1,0,3,2,0,1,754.2107247,9923.038077,1,409.027253,45.089,254.5002548,3221.440491,0,18.517,1,4,0,0,0,0,1
415131,2,0,3,1,2,1,529.8949353,7476.415052,0,527.498767,39.594,156.9971171,515.2339233,1,23.727,0,2,0,0,0,0,0
423596,1,0,1,2,0,0,2814.727076,12058.5806,1,375.06673,42.354,318.1884879,1267.755542,0,25.312,0,5,0,0,1,0,0
5903684,1,0,2,2,1,0,762.9480615,17723.6284,0,81.7913829,46.328,147.5431579,497.2359981,1,43.404,0,3,0,0,0,0,1
5787763,1,0,2,1,3,0,447.4884273,26295.25197,0,397.509369,38.246,232.944425,303.543293,0,40.99,0,1,0,0,1,0,0
491607,0,0,0,0,2,0,749.1193168,6822.979713,0,131.969299,27.515,227.7192801,5065.076922,1,35.121,0,3,0,1,0,0,1
5920193,0,0,0,0,3,0,195.9454403,17487.03123,0,279.145654,34.606,100.246952,1300.314215,0,22.198,1,1,0,0,0,0,0
513482,1,0,3,3,3,1,1418.930584,14661.87745,0,340.952562,36.859,264.4487386,587.7099478,1,13.675,0,1,0,0,0,0,0
12729,0,0,0,0,4,0,2117.223051,6255.728296,0,265.821417,16.255,38.77779729,101.6479957,0,23.873,0,1,0,0,1,0,0
384471,0,0,0,0,2,1,345.0366284,12504.9203,0,607.86688,44.516,25.33666901,41.80877013,0,29.977,0,1,0,0,0,0,0
583560,0,0,0,1,2,0,353.6867957,6172.223823,0,231.603735,28.527,121.4063807,534.8006619,1,11.415,0,1,0,0,0,0,0
5802962,1,0,2,2,0,0,1365.333907,14122.29472,0,736.164346,32.409,52.40442557,432.8206029,1,5.964,0,2,0,0,0,1,1
597552,1,0,0,0,2,0,264.8868335,10211.41644,0,684.91351,29.279,134.0358598,2002.051618,0,18.27,0,4,0,0,0,0,0
5814492,1,0,3,2,1,1,396.0122863,18057.55557,0,558.201962,39.698,34.74059908,309.165793,1,26.259,0,0,0,0,0,0,1
874777,1,0,0,1,0,0,2428.749326,5681.227629,0,340.956751,32.937,125.4170011,833.5173796,0,14.079,0,3,0,0,0,0,0
5945763,1,0,3,2,0,1,949.2357029,7615.217084,1,216.545997,36.044,66.77301865,987.9852118,1,41.748,0,1,0,0,0,0,0
5820796,2,0,0,0,4,0,1474.548342,12019.57028,0,138.881113,24.433,228.192442,668.8791417,0,33.625,0,1,0,0,1,0,0
5821015,1,0,2,2,2,1,476.7306875,5239.821087,0,666.470524,19.804,110.8687595,7116.621642,1,12.09,0,3,0,1,0,0,0
5946997,1,0,0,0,0,0,1541.73055,18456.11024,0,312.689713,41.466,174.1749915,1163.446743,0,28.795,0,2,0,1,0,0,1
5948287,1,0,0,0,1,0,913.8489913,8554.837844,0,315.627353,23.771,152.4474488,1191.8365,0,37.724,1,3,0,1,0,0,0
797808,0,0,0,1,4,1,599.6701526,18998.51106,0,87.2463709,21.605,133.5103526,635.6923094,1,20.043,0,1,0,0,0,0,0
5828308,1,0,0,1,4,1,1873.066384,6221.931252,0,305.270596,12.632,38.57123104,5669.483801,0,7.813,0,3,0,0,0,0,0
11990,1,1,1,0,1,0,671.0928823,8472.709381,1,307.911372,42.259,63.72633402,303.2099079,1,34.37,1,4,0,0,1,0,1
5973671,1,0,3,0,0,0,87.02610198,1386.002556,0,81.8753213,18.243,80.4327682,3909.624074,1,10.482,1,2,0,0,0,0,0
5975396,0,0,0,2,1,1,1110.579742,5802.619249,0,396.767617,30.712,89.81313716,1630.492094,0,18.541,0,3,0,0,0,0,0
5833751,1,0,0,0,2,1,532.0153058,18998.51106,0,733.867918,25.818,55.37498412,297.6915121,1,21.838,0,1,0,0,0,0,1
5978516,1,0,2,1,1,1,246.6032709,8605.106347,0,273.107813,21.19,101.0014205,4687.208449,1,9.004,0,2,0,0,0,0,0
5978690,1,0,1,1,0,1,1376.811012,4694.628837,0,299.354772,19.279,159.1461524,603.6826476,1,8.942,0,3,0,0,0,1,0
5851539,0,1,0,1,2,0,1160.777972,14231.24046,0,186.009318,29.187,173.1962687,1097.665601,1,30.956,0,4,0,0,0,0,0
875249,1,0,1,0,0,0,595.9429826,3245.117822,0,595.629528,24.156,226.1296791,244.929279,0,9.773,0,3,0,0,0,0,0
5857516,1,0,1,2,1,1,543.3555242,14710.35663,0,100.168146,39.686,258.8266858,2125.764237,1,28.703,0,1,0,0,0,0,0
759342,1,0,0,0,4,0,801.8813172,28660.40981,0,445.482064,39.673,144.6711422,613.8434025,0,22.513,1,1,0,0,0,0,0
5982826,0,0,3,2,2,1,1311.256157,6445.503703,0,268.372264,15.675,93.272791,2739.405255,1,10.431,0,2,0,0,0,0,1
5988130,1,0,0,1,2,0,1327.305219,13629.51323,0,308.467228,37.041,112.3447915,759.9393509,0,18.411,0,2,0,0,1,0,1
878133,1,0,1,0,4,0,1182.418992,9673.266075,0,185.59268,28.502,96.24415578,248.1847562,0,16.16,0,1,0,0,0,0,0
1091939,0,0,1,0,2,0,2032.530774,10022.89523,0,707.901384,25.532,118.5681492,643.8644017,0,15.33,0,1,0,0,0,0,0
6003153,0,0,0,0,4,0,3009.630346,5191.770776,0,210.133912,19.889,162.218025,1158.737579,0,9.009,0,0,0,0,0,0,0
6004798,0,1,1,2,0,0,1248.614417,4019.92398,0,640.591924,8.697,160.623029,6226.403264,1,14.452,0,3,1,0,0,0,1
388304,1,0,0,2,0,0,679.6636093,18634.95398,0,166.998443,28.273,149.6120819,600.6898487,0,39.744,1,1,0,0,0,0,0
6007346,0,0,2,2,0,1,972.7802338,10442.42919,0,708.216591,26.641,245.4582495,2009.425868,1,20.279,0,1,0,0,0,0,0
5890541,0,0,0,1,4,0,1943.358552,11108.96934,0,206.074427,31.985,65.13820447,1303.089778,0,27.345,0,3,0,0,1,0,0
821804,1,0,0,0,3,0,791.9937764,5013.714104,0,222.920087,17.66,173.7864017,2009.225587,0,9.642,0,4,0,0,1,0,0
6019464,1,1,1,2,2,1,456.3892019,2876.604772,0,647.180153,29.812,101.1231083,6226.015041,0,23.385,0,4,1,0,0,0,1
6021159,2,0,3,3,0,1,1022.232237,3649.790428,0,156.572036,17.261,132.7982026,7473.930683,1,23.903,0,2,0,1,0,0,1
6034940,1,1,1,0,1,0,85.16901262,8292.5633,0,543.299377,41.429,38.22648381,3416.796927,0,17.513,1,2,0,0,1,0,1
6038747,2,0,3,2,0,1,795.5381453,6355.894962,0,51.7020512,20.815,26.6645141,738.743249,1,43.208,0,1,0,0,1,0,0
5909515,1,0,3,1,0,0,1263.704537,16235.77496,1,251.529597,32.899,18.01654711,257.4697648,0,39.386,1,0,0,0,1,0,0
870774,1,0,0,0,4,0,248.9271517,14572.59231,0,335.037081,32.624,106.5332964,1408.096582,0,40.391,0,2,0,0,1,0,0
6039268,0,0,3,0,0,1,795.5381453,6355.894962,0,51.7020512,20.815,26.6645141,738.743249,0,43.208,1,2,0,1,0,0,0
6044947,1,0,0,1,3,0,496.9961309,10438.87172,0,240.443537,38.77,36.8788798,1607.849874,1,41.534,0,1,0,0,0,0,0
487443,0,0,0,0,0,0,1741.523686,6388.054356,0,541.552816,21.222,266.5266557,1171.719647,0,13.579,0,2,0,0,0,0,0
6049377,2,1,3,3,0,1,243.8474628,6482.866534,1,250.900666,35.718,307.8269633,2132.258935,0,17.863,0,2,0,0,1,0,1
6049445,0,1,0,0,1,0,626.7291383,10797.26624,0,455.668168,34.438,234.7707565,433.2546119,0,30.177,0,5,0,0,0,0,0
6064873,0,0,0,0,4,1,4019.341274,5191.770776,0,181.267149,23.027,129.3468646,874.7606495,1,9.915,0,2,0,0,0,1,0
6079898,2,0,3,2,2,0,618.2835418,18634.95398,0,235.550976,42.275,197.5134519,529.8426851,1,36.494,0,1,0,0,0,0,1
6081039,0,0,2,2,4,1,358.8648421,16509.65958,0,86.5137826,50.457,39.33422727,978.5027249,1,20.118,0,0,0,0,1,0,0
6087422,0,0,3,2,0,1,1396.252506,7427.106538,1,440.922524,40.349,208.2381032,470.8599682,0,41.668,1,2,0,0,0,1,0
6093885,2,1,3,2,0,1,1346.394687,20739.86385,1,270.992305,26.258,201.821677,454.5465893,0,26.689,0,2,0,0,0,0,1
6096091,1,1,3,1,0,0,76.57873306,14640.87742,0,179.924551,41.718,134.0930662,2641.654829,0,28.103,0,0,0,0,0,0,0
6096360,0,0,0,0,0,0,695.2105232,16030.51435,0,678.632669,24.467,83.99916692,2264.016486,0,14.927,0,2,0,0,1,0,0
6106933,1,0,0,0,1,0,834.7713878,13769.34558,0,329.700473,34.123,113.6244684,841.5743963,0,19.06,0,1,0,0,0,0,0
5985612,0,0,1,1,2,0,1645.036899,9532.869438,0,244.761629,36.153,129.1095202,388.4635329,1,30.447,0,1,0,0,1,0,0
6109610,2,0,2,1,0,0,1983.880561,21416.04743,0,640.233847,40.894,198.8341203,501.930647,1,10.84,0,3,0,0,1,0,0
6000434,1,0,3,2,4,0,205.9581168,14970.86127,0,68.0319059,22.962,62.30373697,244.0998817,0,26.077,0,1,0,0,1,0,1
6118739,0,1,0,0,4,0,2189.824056,4091.732767,0,248.238441,12.531,162.254123,691.933287,0,6.038,0,4,0,0,1,0,0
6119017,1,0,0,0,3,1,443.5356533,12087.15488,0,322.816975,58.94,220.5429581,319.8719841,0,33.607,0,3,0,0,0,0,0
6006223,2,1,2,2,2,0,1524.951687,13496.89675,0,170.4611,30.679,83.35308191,563.6968578,0,46.457,0,2,0,0,1,0,0
918000,1,1,3,2,0,1,420.1797126,14626.72399,0,764.242053,34.319,29.9539418,3132.835361,0,31.644,1,2,1,1,0,0,1
6122088,1,0,2,2,4,1,891.1692561,8789.90025,0,174.859122,21.168,196.0954476,8292.372824,1,5.416,0,2,0,0,1,0,0
6122568,1,0,3,2,2,0,1101.732464,6463.012208,0,54.3976288,30.278,39.32796422,2719.753022,1,24.895,0,1,0,0,1,0,1
922842,1,1,2,1,0,0,1293.17614,7451.783708,0,162.342502,39.827,198.3892193,544.0212585,1,14.025,0,2,1,0,0,0,0
1177391,1,0,0,0,0,0,1632.331336,12330.27174,0,595.557066,64.577,144.2616001,518.937919,0,13.106,0,5,0,0,1,0,0
6027491,2,0,1,1,3,0,1275.958702,11991.79319,0,74.8794376,47.661,123.3583377,1155.064414,1,17.02,0,3,0,0,0,1,0
6131481,1,0,3,2,1,1,766.3363354,4352.775378,0,295.599268,21.216,314.2965227,5889.666015,1,19.563,0,1,0,0,0,0,0
928336,1,1,3,2,0,0,790.6364189,28660.40981,0,556.464507,39.317,138.409452,603.3448385,1,16.395,0,1,1,0,0,0,0
2075715,1,0,3,1,1,0,233.6659059,7476.415052,1,157.593904,43.131,73.62962873,881.9329585,1,36.268,0,1,0,1,0,0,0
6143623,1,1,0,3,1,1,623.6338547,9520.413132,0,227.339834,32.136,197.4383221,1738.550561,1,27.142,0,4,0,0,0,0,1
6143660,0,0,2,2,2,0,612.6353351,8875.601328,0,59.2521027,45.247,185.7694444,1071.689491,0,30.231,0,1,0,0,0,0,0
944675,0,0,0,1,4,0,534.123651,15017.28117,0,516.928744,30.927,390.5000429,593.1597927,0,15.181,0,4,0,0,0,0,0
6163267,1,0,3,1,2,1,1297.144096,15667.46341,0,210.091566,51.773,313.425069,653.69128,1,37.492,0,1,0,1,0,0,0
440059,0,1,0,2,4,1,171.7387733,2993.741956,0,185.467414,44.092,311.0551724,242.4970327,0,8.467,0,2,0,0,0,1,0
6167344,1,0,3,2,1,0,3002.920546,5191.770776,0,154.129561,19.889,80.09735944,1243.865837,1,9.009,0,2,0,0,0,0,1
6064540,1,0,3,2,4,0,243.2077974,10515.42454,0,397.969106,36.944,219.2456201,1055.258063,1,12.299,0,2,0,1,0,0,1
6065111,0,0,2,1,1,1,360.2744489,12511.25727,0,306.83343,14.891,136.6688876,1516.706467,1,39.488,0,1,0,0,0,1,0
6170006,1,0,0,0,1,0,869.4430921,11777.31759,0,145.744977,42.095,32.41223889,481.3709925,1,20.924,0,1,0,0,0,1,0
6077217,0,0,0,0,4,0,371.2466864,7418.083695,0,442.727878,37.92,84.44975462,3006.234725,0,10.215,0,2,0,0,1,0,0
6078647,0,0,1,1,3,1,349.0839071,22035.04657,0,283.077552,36.628,193.9413419,276.4399723,1,8.45,0,1,0,0,0,0,0
1325805,0,0,2,2,0,1,1122.287383,12330.27174,0,208.172571,46.196,30.64419373,152.9993294,1,10.461,0,3,0,0,0,0,0
6174377,0,0,2,0,0,1,1386.884194,4954.904975,0,333.6994,23.87,17.97051409,6012.887479,1,14.763,0,1,0,0,0,0,1
6174989,0,0,0,0,4,0,1086.277144,7427.388591,0,295.035944,22.529,249.6662353,642.3032962,0,11.197,0,3,0,0,1,0,0
6082289,1,0,2,0,2,0,1292.895131,1132.032988,0,192.537501,17.296,85.58921779,8594.903905,1,21.082,0,4,0,0,0,0,0
6083847,0,0,0,0,2,0,1217.903021,21912.76805,0,724.880017,15.033,6.349305389,485.7186161,0,24.191,0,2,0,0,1,0,0
6085801,1,1,3,2,0,1,105.8731197,16156.90885,0,359.349892,32.805,40.89359356,1077.589025,0,13.879,0,1,0,1,0,0,0
960092,1,0,3,2,2,0,386.1461871,19927.47432,0,209.583378,35.169,166.3424655,865.6359312,1,27.603,0,0,0,0,0,0,1
6179309,0,0,0,0,0,1,1178.25296,8426.607081,0,384.995635,31.617,47.24179422,3141.923221,0,17.489,0,1,0,0,2,0,0
6184964,0,0,0,0,3,0,350.7862108,5229.977457,1,779.36939,33.825,126.7847684,6704.698288,0,21.731,0,3,0,1,0,0,0
6189545,1,0,2,0,0,0,389.9924588,13747.68423,1,637.25074,28.704,35.48467122,2129.947452,0,33.077,1,0,0,0,0,0,0
6190209,1,0,3,1,0,1,378.6360387,13747.68423,1,647.593045,28.704,23.86557618,2122.135531,0,33.077,1,2,0,0,1,0,0
6100414,1,0,3,1,0,0,1951.639476,10763.84721,1,57.7931983,47.35,20.07463448,15.60614133,1,20.797,1,2,0,1,1,0,1
6192259,0,0,0,1,3,0,2202.630625,7437.780207,0,107.84839,33.122,315.081602,460.1821961,0,16.117,0,3,0,0,0,0,0
6203049,2,0,0,1,0,1,962.5807311,16831.2794,0,585.230394,36.146,54.96463036,1484.999267,0,28.195,1,2,0,0,1,0,1
526935,0,0,0,1,4,1,1165.412127,13191.40833,0,270.166013,39.859,36.51495547,862.0465071,1,20.135,0,2,0,0,0,0,0
6208085,2,0,3,2,3,0,1440.955988,6786.073876,0,145.525287,15.171,117.6878691,3775.067294,1,18.048,0,3,0,0,0,0,1
6208167,0,0,0,0,4,1,340.797546,5363.273821,0,145.573611,56.539,90.11729338,1839.916915,0,34.247,0,2,0,0,0,1,0
458019,0,0,0,0,4,0,1585.132709,8793.022721,0,444.536918,49.094,138.4661249,1636.076457,0,14.708,0,3,0,0,0,0,0
463049,0,0,0,0,1,0,150.25967,10521.5496,0,224.066632,53.895,48.47680422,888.6700482,0,21.316,0,2,0,0,1,0,1
6210540,1,0,0,0,0,0,89.16706198,22573.91737,0,113.221508,39.226,14.2288231,2283.282468,0,38.205,0,1,0,0,0,0,0
537722,1,0,1,0,3,1,403.2041239,3611.155799,0,174.18634,14.797,108.6771039,7303.864381,0,29.529,1,1,0,0,0,1,0
6211003,2,0,3,0,0,0,424.0237921,22035.04657,0,216.978534,36.628,162.6637702,231.1935502,0,8.45,0,1,0,0,0,0,1
960593,1,1,3,2,0,1,377.0768312,6500.737188,0,209.148244,31.699,226.4555864,3950.430942,1,11.79,0,3,1,0,0,0,1
542470,1,1,0,0,2,0,671.8471661,12150.01553,0,141.431834,28.872,101.3913634,403.0784706,0,25.711,0,0,0,0,2,0,0
6117998,0,0,0,0,0,0,428.40271,11432.8297,0,174.609689,46.387,144.1211076,741.0960501,0,22.25,0,4,0,0,0,0,0
6214360,1,0,3,2,0,1,1181.742799,20094.39422,0,325.784516,38.197,38.46936109,581.6969137,1,27.567,1,0,0,0,0,0,0
2675468,0,0,0,0,4,0,918.7007264,22234.95085,0,581.09954,21.087,312.1721192,325.7215467,0,14.374,0,1,0,0,0,0,0
6119761,1,0,0,2,0,0,1446.570216,9880.479106,0,97.9535805,29.731,238.2714269,3539.882569,0,15.495,0,5,0,0,0,0,0
6122305,0,0,2,0,0,0,850.7603567,5606.157926,0,277.949687,35.104,96.79001423,1103.466487,1,17.599,0,2,0,1,0,0,0
2713941,1,0,1,1,2,0,272.3194446,14080.85822,0,616.809727,45.06,366.6075871,556.4374478,0,24.936,0,1,0,0,0,0,1
6230722,1,0,2,2,0,0,1071.293494,16439.85416,0,261.667106,47.313,380.27035,1084.981817,1,22.583,0,0,0,0,2,0,0
6230937,1,0,3,1,0,0,87.16526323,4678.274228,1,142.03217,29.868,77.08135718,2198.891431,0,23.759,1,2,0,0,0,1,0
6233847,1,0,2,0,0,0,1072.120083,5105.165093,1,316.806088,33.904,28.28838139,872.3946003,0,42.578,0,0,0,0,1,0,1
6235572,2,0,3,2,0,1,329.4757096,18752.30452,1,390.726934,36.328,59.25295304,1417.194476,1,36.798,1,1,0,0,1,0,1
2787331,1,0,2,2,1,1,620.9701067,9204.05337,0,695.784865,31.071,108.9092245,6678.05252,1,15.232,0,3,0,0,0,0,0
6244187,1,0,3,2,0,0,125.7250231,3354.570568,1,386.131947,68.585,211.8023476,247.9687198,1,15.841,1,2,0,0,1,0,0
6134306,0,0,1,2,2,1,2684.522745,8916.907867,0,711.252314,29.31,57.74255297,1078.624332,1,39.89,0,4,0,0,0,0,0
6135360,1,0,2,2,2,1,1881.239142,18018.80094,1,239.265558,30.586,131.7574172,849.2566301,1,31.017,0,1,0,0,1,0,0
966608,1,1,3,2,2,1,495.2593515,4917.830496,0,167.179753,38.75,104.4224102,280.6928995,1,17.25,0,1,0,0,1,0,1
6144562,1,0,2,2,0,1,606.1832943,3097.181935,0,208.84961,20.821,99.13005139,3607.446384,1,14.081,0,3,0,0,0,1,1
6249193,1,0,3,2,0,1,513.001777,11359.77054,0,490.667032,36.712,210.1447021,2034.504708,1,26.452,0,2,1,0,0,0,0
6252492,2,0,1,1,4,0,550.1761634,9175.515166,0,503.93777,40.599,39.05681915,258.1187229,0,19.565,0,2,0,0,1,0,1
6258214,1,0,2,0,0,0,920.0012811,3475.136378,0,345.610683,18.27,167.4627637,1106.059096,1,28.35,0,0,0,0,1,0,0
975419,0,0,1,2,3,0,190.4947149,6786.073876,0,467.466679,14.394,69.27544419,5241.122958,1,7.94,0,3,0,0,0,0,0
6265451,1,0,3,2,2,1,386.0051277,14292.86418,1,345.84663,36.372,36.2295434,12.71976968,1,39.957,0,4,0,0,1,0,0
1393045,0,0,0,1,4,1,889.217402,5911.079383,0,448.430232,29.395,32.097674,3715.458744,0,40.633,0,2,0,0,0,1,0
6278747,2,0,2,1,2,0,1389.555465,15802.25952,0,332.261485,41.223,160.7282025,1613.123622,1,20.494,0,1,0,0,0,0,1
615211,1,0,0,0,1,0,757.6700498,18727.56318,0,183.094869,30.873,169.1549695,1261.688354,0,21.902,1,2,0,0,1,0,0
981554,1,1,1,2,3,1,466.7667166,10630.80933,0,49.649491,84.098,166.62252,156.5530778,1,19.826,0,1,0,0,1,0,1
996089,0,0,1,0,4,0,1537.068882,19180.45933,0,444.068925,29.712,94.11439536,615.4788533,0,22.8,0,2,0,0,1,0,0
6176332,1,0,0,0,4,1,1582.679214,8327.324937,0,286.246201,37.611,93.36497682,915.9263452,0,14.093,0,2,0,0,1,0,0
1002418,1,0,3,1,2,0,1028.667119,5648.169236,0,273.138918,18.682,140.8649757,713.8475407,1,33.218,0,2,0,0,0,0,0
6179656,2,1,3,2,0,1,1196.519738,5473.607369,0,111.03482,16.192,114.3891134,2890.505807,0,15.277,0,1,1,0,0,1,1
6294524,2,0,2,2,0,0,1105.175957,10442.42919,0,605.001806,22.757,199.6517987,2369.64483,1,11.889,0,2,0,0,0,0,0
6300059,0,0,0,0,3,1,849.4609245,18384.89465,0,33.2375025,25.494,337.5793994,2005.786216,1,21.541,0,2,0,0,0,0,0
6300461,1,0,0,0,0,0,1142.184333,10009.27579,0,450.98666,37.921,200.4393254,862.4866674,0,16.075,0,3,0,0,0,0,0
6300801,1,1,2,1,0,1,71.52637509,13137.09711,1,374.628407,33.608,41.20768712,375.3885715,1,13.429,0,2,1,0,0,0,1
6186097,1,0,2,0,2,1,220.0256042,14826.87413,0,535.951772,36.697,202.3902748,1643.027104,0,25.848,0,2,0,0,1,0,1
6301095,0,0,1,2,3,1,1552.454333,3159.723853,0,565.542521,16.989,95.27627386,7616.862857,1,19.425,0,1,0,0,1,0,0
6301532,2,0,0,0,4,0,1524.126997,8839.80051,0,152.524223,44.256,71.32337503,113.7352513,0,9.914,0,2,0,0,1,0,0
1011026,1,0,0,2,3,0,1638.694752,4891.595672,0,694.043384,18.648,103.8628077,5031.405068,0,8.347,0,4,0,0,0,0,0
6302245,0,0,2,0,1,1,505.0556763,7427.106538,0,252.717773,23.583,173.3483049,240.6865517,1,45.294,0,2,0,0,0,0,0
1022493,1,0,2,0,0,0,747.4136202,2980.074769,0,542.046285,17.061,219.0396496,7993.4069,1,24.386,0,2,0,0,0,0,0
6192205,0,0,0,0,4,0,1074.381184,6518.488129,0,324.805938,18.826,237.5105502,4563.803216,0,11.124,0,4,0,0,1,0,0
68701,0,0,0,1,4,1,867.233817,15818.35866,0,581.58049,30.682,66.92282721,872.9312178,1,22.225,0,2,0,0,0,0,0
6309097,0,0,0,0,0,0,530.7777636,13640.22071,0,689.472682,52.112,152.0993842,2569.176234,0,22.458,0,1,0,0,0,0,0
6312957,0,0,2,2,1,1,2517.978859,6200.269707,0,492.640474,33.565,267.6791266,803.0421377,1,7.925,1,1,0,0,0,0,0
6317191,1,0,1,0,0,0,3247.214411,3771.582545,0,300.250864,36.312,43.4402126,2948.66785,1,27.314,1,3,0,0,1,0,0
6318490,1,0,2,1,3,1,446.9692997,4330.030715,0,276.937045,24.453,236.1261013,2089.684133,1,34.703,0,2,0,0,1,0,0
1046031,0,0,0,0,3,1,763.107219,9656.80364,0,233.017549,36.359,81.08769416,1101.542457,0,28.079,0,1,0,0,0,0,0
6323078,1,0,0,0,3,0,1060.69084,5097.090809,0,42.1835969,36.611,435.027312,3894.210346,0,13.991,0,2,0,0,0,0,0
1060983,1,1,3,2,0,0,204.2718854,9239.903644,1,117.12312,28.513,122.1461005,1212.989868,1,25.697,0,1,1,0,0,0,0
4032423,0,0,0,0,2,0,949.7164727,28660.40981,0,197.079404,40.069,29.5298644,232.8211365,0,11.205,0,2,0,0,0,0,0
4048001,1,0,0,1,3,0,617.9073691,12427.17957,0,253.943563,39.492,166.5244139,1657.892285,0,36.797,0,1,0,0,1,0,0
6209702,2,0,3,2,0,1,1369.770904,5473.607369,1,119.581781,9.212,63.17918495,2926.835724,1,35.547,1,0,0,0,1,0,1
563379,0,0,0,0,2,0,484.5066916,4515.071727,0,223.46422,24.796,129.5585808,2972.535568,0,7.055,0,1,0,0,0,0,0
1064521,0,0,0,0,1,0,1195.082698,8839.80051,0,244.932836,28.24,81.17581918,473.1531881,0,8.565,1,1,0,0,0,0,0
6213462,1,1,2,2,0,1,2843.60371,4895.678169,0,489.819189,13.265,198.4167453,1118.877494,1,15.928,0,2,1,1,0,1,0
1084791,0,0,2,0,0,0,280.9030101,16926.93234,0,250.854252,35.106,199.5020487,450.0803523,0,7.866,1,1,0,0,0,0,0
6343958,1,0,0,1,4,1,87.50685927,12436.82647,0,201.782543,29.299,242.1944929,1594.723254,0,15.981,0,1,0,0,0,0,0
6346541,0,0,3,2,0,1,20.6647392,16926.93234,0,372.994016,34.988,64.6641519,58.98344622,1,20.581,0,1,0,0,0,1,1
14017,2,0,3,2,2,1,292.2790764,19927.47432,1,274.123443,35.169,110.4117092,914.9747199,1,27.603,0,3,0,0,1,0,0
6356422,1,0,2,0,3,1,2235.921748,5692.983681,0,232.43586,12.332,70.94365146,207.323628,1,9.138,0,2,0,1,2,0,0
6222671,1,0,3,2,1,1,294.2130778,8088.881114,0,489.524734,44.659,111.8826307,275.5594344,1,28.226,0,4,0,0,0,0,1
1108792,0,0,0,1,2,0,239.2017148,16090.15296,0,160.943178,33.543,98.06461058,632.3735836,0,22.281,0,3,0,1,0,0,0
1133779,2,0,1,2,0,0,2773.802033,12058.5806,0,267.16751,29.95,16.74637141,1308.451517,1,32.819,0,1,0,0,0,0,0
6379834,1,0,0,0,3,1,697.8262398,12640.33977,0,101.292165,28.259,373.7036016,1655.761313,0,23.232,0,5,0,0,0,0,0
619610,0,1,0,0,0,0,773.3704763,4343.914509,0,252.90604,17.593,36.59154999,4772.982236,0,10.447,0,3,0,0,0,0,0
722681,1,1,3,2,0,0,971.1971453,18848.20541,1,419.369423,41.532,45.63151267,84.00807685,1,33.26,1,0,0,0,0,0,0
1170097,0,0,0,0,2,0,2288.096391,7461.765518,0,345.789293,31.179,155.6182955,1275.317009,0,14.457,0,4,0,0,1,0,0
6255314,1,0,2,2,3,0,2156.678084,4276.592356,0,349.457104,37.542,167.644715,4185.585438,0,31.415,0,2,0,0,0,0,1
6394190,1,0,0,2,0,0,666.0380292,12799.8378,0,150.308935,40.129,225.8720505,450.5601067,0,35.297,0,0,0,0,0,0,0
6397081,1,0,2,1,0,0,676.751637,6765.471164,0,139.077811,29.398,202.6872787,1328.847259,1,13.757,1,2,0,1,0,0,1
6258778,0,0,3,2,1,0,656.8815806,10474.95621,0,514.941935,40.848,92.98012957,1670.34547,0,28.48,0,1,0,0,1,0,0
1170601,0,1,2,2,1,1,1028.41355,4857.375904,0,194.285384,16.376,172.5156593,5199.581089,1,6.069,0,3,1,0,0,0,0
1172002,0,0,0,0,4,0,207.0147544,22573.91737,0,221.570726,39.226,93.71904973,2131.788418,0,38.205,0,2,0,0,0,0,0
1179183,1,1,2,2,0,1,542.352247,4157.945287,0,403.26562,58.826,134.0932449,827.7758419,1,18.186,0,2,0,0,0,0,0
6226815,0,0,3,2,0,1,1132.836054,2182.914256,0,769.592253,23.049,23.89499701,1228.507361,0,15.61,0,4,0,0,0,0,0
6397150,1,0,2,2,1,1,2203.592067,5863.624478,0,208.901099,20.327,35.81570232,285.9312753,1,13.242,1,3,0,0,0,1,0
6270358,1,0,2,2,0,1,478.2252911,15845.86521,0,273.696296,31.935,85.22930998,1011.779392,0,17.083,0,2,0,0,2,0,0
1110714,2,0,1,0,1,0,673.0484585,16309.74734,0,161.897675,33.898,144.2785057,1804.804052,1,40.305,0,2,0,1,1,0,0
6398234,0,0,0,0,4,0,3225.30003,10949.20375,0,108.20435,37.424,356.5748343,339.2751847,0,8.01,0,3,0,0,0,0,0
6398571,1,1,3,2,0,1,850.5658823,16753.10098,0,149.201788,35.243,14.32405595,544.1704592,1,24.493,0,2,1,1,0,0,1
1116140,1,1,3,2,1,1,2253.931468,7974.540136,0,312.989928,33.741,40.89005514,873.8643321,1,34.158,0,4,0,0,0,0,0
833625,0,0,2,2,3,1,533.3307892,14122.29472,1,768.272479,47.688,39.60342439,889.2346767,0,14.374,0,3,0,0,0,0,0
6276262,0,0,0,0,4,0,377.1022901,9330.324313,0,299.825661,26.532,336.0526745,1806.809395,0,13.927,0,3,0,0,0,0,0
1199688,1,0,0,1,4,0,741.5679961,8472.709381,0,85.0437281,35.13,15.71470547,78.17494376,0,14.777,0,1,0,0,0,0,1
6280046,0,0,0,0,0,0,78.76378447,16609.09682,0,292.964918,38.525,84.97839868,301.1761764,0,28.721,0,0,0,0,0,0,0
6290111,1,1,3,1,0,0,814.0244038,18969.74134,1,185.659126,34.27,156.3589645,246.4717881,0,41.665,1,2,1,0,1,0,0
1202252,2,0,0,0,4,0,1665.92783,7486.825895,0,145.90711,27.618,217.0062775,1238.697545,0,7.683,0,2,0,0,0,0,1
6405352,1,0,0,0,1,0,1398.606501,9174.918203,0,515.932659,28.259,298.0505983,4760.023975,0,27.465,0,5,0,0,0,0,0
6294741,1,0,0,0,1,0,1533.401845,11332.24707,0,386.676376,22.978,302.2234175,578.8458363,0,21.955,0,5,0,0,0,0,0
1209071,1,0,0,0,3,0,753.6492578,11840.62048,0,512.620712,36.65,127.5185808,982.5858269,0,38.342,0,3,0,0,0,0,0
6299076,1,0,0,0,3,0,1244.557946,4222.240288,0,337.694736,15.39,46.85693617,6971.415004,0,31.443,0,3,0,0,0,0,0
6409321,1,0,0,2,0,1,712.0938742,23971.94796,0,289.656636,48.847,52.67423126,176.5616349,0,23.704,0,3,1,0,1,0,0
6409709,1,0,0,0,0,0,3575.403922,5585.243623,0,295.639307,12.46,397.6380121,385.9446535,0,6.805,0,3,0,0,0,0,0
6415575,1,1,3,3,0,1,359.3247862,16604.65442,0,84.2097031,30.939,34.66417266,746.6001027,0,17.454,0,5,0,0,0,0,0
6429630,1,0,1,1,0,1,518.7385637,6968.7867,0,538.088392,32.226,56.29188246,542.3389182,1,23.051,1,1,0,0,0,1,1
6303967,1,0,1,0,0,0,448.2001888,17674.45883,0,361.106618,43.662,209.8329918,1980.904464,1,27.576,0,2,0,0,1,0,0
6436969,0,0,0,0,2,0,243.6981047,19631.05917,0,58.6262153,33.159,32.84677652,279.735347,0,35.818,0,1,0,0,1,0,0
6437182,1,0,0,2,0,1,243.8365088,14080.85822,0,783.428224,61.729,49.10573317,83.73086815,0,25.416,0,1,1,0,0,0,1
10723,1,1,0,0,2,0,491.7909997,14085.53698,0,277.589942,36.401,105.8794254,402.508606,0,20.118,0,3,0,0,1,0,1
6306703,1,0,3,2,2,1,498.5553225,18998.51106,1,204.762719,32.996,14.32235859,706.0126395,1,34.552,0,1,0,0,1,0,0
1217710,1,0,2,1,1,1,541.8869738,12364.10659,0,348.890897,36.312,103.8172837,3684.245667,1,21.531,0,2,0,0,0,0,1
1229955,1,0,2,1,0,0,876.683337,9275.440653,0,366.835377,30.872,72.65018245,866.8391165,0,22.203,0,2,0,0,0,0,0
6313549,0,0,1,2,2,0,971.2939378,10442.42919,0,347.8495,24.961,536.649487,4052.621035,1,15.719,0,3,0,0,1,0,0
6317265,2,0,3,2,2,0,1864.072513,16656.04612,1,478.338203,37.523,268.4421021,1123.179732,1,9.473,0,3,0,1,0,0,0
6447356,0,0,2,1,2,0,352.9658402,13437.45482,0,401.075364,41.496,300.6888478,837.8592762,1,23.269,0,1,0,0,2,0,0
6450596,1,0,2,2,3,1,799.4825663,10384.81142,0,278.9695,36.885,9.569147694,871.0720876,1,30.802,0,1,0,0,0,0,0
36992,1,0,1,2,2,0,581.7935915,9239.903644,0,130.130961,32.612,258.7857184,1057.57637,1,42.145,0,2,0,0,0,0,1
1233722,0,0,0,0,2,0,2879.87502,7972.395225,0,393.989827,21.304,144.6376888,718.6728776,1,15.948,0,1,0,0,0,1,0
11258,0,0,0,0,4,0,790.445386,16062.88105,0,185.85001,45.288,312.63922,2266.384008,0,42.117,0,2,0,0,0,0,0
1233999,0,1,0,2,2,1,702.0932434,20929.22768,0,136.824968,35.131,192.2378734,911.8683399,1,17.932,0,0,0,0,0,0,0
6350097,0,0,0,2,3,1,948.0447375,9673.266075,0,387.756319,28.502,86.94884016,344.6720334,1,16.16,0,1,0,0,0,1,0
6456684,0,0,0,1,3,0,424.2292033,21955.47306,1,302.450208,37.836,284.9319547,365.7329964,0,19.308,0,2,0,0,0,0,0
6457936,1,0,2,0,0,0,1742.015725,9632.271185,1,110.259796,44.937,226.9000848,339.6581638,0,20.727,0,0,0,0,1,0,0
52164,1,0,0,0,0,0,2183.866263,5681.227629,0,689.884364,40.17,131.9385414,197.3687099,0,14.111,0,4,0,0,0,0,0
1248631,0,0,0,0,2,0,354.6349115,19339.62084,0,400.649623,29.505,109.4058598,2536.614099,0,31.063,0,2,0,0,0,0,0
6360322,1,0,3,1,0,1,578.0277898,19339.62084,1,251.643649,33.092,111.8934204,2340.35967,0,21.313,0,1,0,0,0,0,0
2149228,1,0,0,0,1,0,1621.897659,13543.67146,0,417.820023,35.009,211.510624,703.3457248,1,11.44,0,1,0,0,0,0,0
1249266,0,0,0,0,0,0,381.8312649,7666.267988,0,479.136867,28.68,284.8770265,1693.007352,0,16.669,0,1,0,0,0,0,0
6461167,1,0,2,3,0,0,503.8294614,7303.140518,0,627.995921,32.062,159.665911,1169.190624,1,18.491,1,1,0,0,0,0,1
6372773,1,0,3,3,0,1,1091.608212,5217.798879,0,234.455425,26.789,100.780983,3012.965451,1,28.903,0,3,0,0,1,0,0
6375553,1,0,0,1,0,0,1159.610345,7868.904676,0,53.300226,16.17,336.9793303,199.7939261,0,11.152,0,5,0,0,0,0,0
6464174,0,0,0,2,4,1,680.0356146,13007.95697,0,623.06936,36.402,77.7761883,305.2891834,1,17.492,0,1,0,0,0,0,0
6378481,1,0,0,1,4,0,1831.276176,5826.450378,0,234.419179,19.506,137.4273478,282.9323069,0,7.311,0,2,0,0,0,0,0
6467305,1,1,0,2,4,0,998.0138502,9179.768172,0,285.977131,29.995,205.8659266,935.1331051,1,9.196,0,2,0,0,0,0,1
6379487,0,0,0,2,2,0,170.076402,8298.229078,0,60.323231,26.58,79.51092753,1016.005354,1,17.895,0,4,0,0,0,0,0
1257152,0,0,0,1,2,1,918.3768611,5503.314574,0,440.70911,20.569,51.8539544,6620.290161,0,32.404,0,5,0,0,0,0,0
6467738,0,0,1,1,2,0,852.2376428,16062.88105,0,294.390537,35.412,79.00626762,1631.176247,0,29.303,0,4,0,0,1,0,0
6468091,1,0,2,2,1,1,490.4797027,9520.413132,1,403.632999,31.051,70.11911824,1577.037206,1,28.69,1,2,0,1,0,0,0
6468788,1,1,3,2,0,0,1796.311162,15818.35866,0,97.0515741,31.979,178.3313308,292.6769052,1,25.746,0,3,0,0,0,1,0
6469012,0,0,0,1,4,1,248.5859718,8954.127305,0,582.672585,53.012,112.46768,238.6874846,1,35.775,0,1,0,0,0,0,0
6470219,1,0,2,1,0,0,164.9092549,18787.59912,0,122.707203,49.918,58.76543355,778.2166494,1,14.037,0,1,0,0,1,0,0
594967,1,0,1,1,0,0,1718.3615,8969.263058,1,344.756377,48.068,73.91869226,188.0755359,1,10.756,0,3,0,0,0,0,1
5605675,1,1,0,1,2,0,492.714184,15746.71073,0,502.905839,50.4,73.05103911,2181.237133,1,31.098,0,1,0,0,1,0,0
6391592,0,0,0,0,4,0,540.5670037,13640.22071,0,661.87262,52.112,107.4188877,2546.602416,0,22.458,0,1,0,0,1,0,0
1267419,1,0,0,0,4,0,2022.493827,8817.100144,0,361.131824,23.534,139.9253553,279.0236978,0,8.395,0,3,0,0,0,0,0
6474806,1,0,1,2,3,1,2782.28591,5191.770776,0,134.862514,23.749,60.30168626,747.5119852,0,8.055,0,2,0,0,0,0,1
6393292,1,0,0,1,2,1,1045.107947,10442.42919,0,632.819761,22.757,46.6117236,2248.560668,1,11.889,0,0,0,0,1,0,1
1270167,0,0,0,0,0,0,628.1219346,6633.981714,0,397.654705,17.707,367.99777,5262.185021,0,8.307,0,4,0,0,0,0,0
6478226,0,0,0,0,0,0,971.4373076,1173.895446,0,398.603985,10.345,548.3621944,1883.040698,0,4.585,0,2,0,0,0,0,0
6478819,0,0,2,1,3,0,1165.124564,6513.728097,0,434.083252,27.187,106.4134939,2736.128755,1,18.504,0,2,0,0,0,0,0
79498,0,0,0,0,3,0,259.0968452,5892.03671,0,84.6967141,43.533,91.34113647,1104.314209,0,21.754,0,2,0,0,0,0,0
5709745,2,0,0,0,2,0,1348.290037,5122.40781,0,543.984414,21.49,261.0298775,5133.450352,0,21.242,0,1,0,0,0,0,1
2461580,1,0,2,1,0,1,1393.565566,6651.675366,0,285.693213,23.138,152.9784629,3168.863017,1,20.952,0,4,0,0,0,0,0
6400040,1,0,3,2,2,1,2223.965959,5863.624478,0,193.080914,20.327,35.7447653,295.5585119,1,13.242,0,3,0,0,1,0,0
6400769,1,1,3,1,0,1,424.6452835,3611.155799,1,385.21158,14.797,53.26143882,7124.036173,0,29.529,1,0,0,1,0,1,0
6487828,2,1,3,3,1,1,444.0459129,6765.471164,1,350.279579,18.76,212.6118753,2391.917937,1,11.417,0,1,1,1,0,1,1
6487833,0,0,0,0,4,0,1189.458601,6255.728296,0,61.0326257,16.255,383.2936566,769.7060765,1,23.873,0,1,0,0,0,0,0
6488268,1,0,0,0,3,0,1341.37725,13896.49639,0,180.709066,48.16,305.1858859,1790.593542,1,24.1,0,2,0,0,1,0,0
6491468,2,0,0,1,2,0,844.0218073,6655.423296,0,417.776792,50.92,83.13840552,770.7265455,0,24.584,1,2,0,0,2,0,0
1271337,1,0,2,3,1,1,247.1065288,4680.851103,0,670.068095,14.675,179.714563,10811.96307,1,41.8,0,2,0,0,0,0,1
2711129,0,0,0,0,3,0,1601.192646,14458.20464,0,70.0043786,29.572,100.732469,461.2510902,1,37.833,0,1,0,0,0,0,1
6493354,1,0,3,0,2,1,819.3506894,10071.80128,0,463.316036,32.811,58.73910679,461.2207781,1,46.325,0,1,0,0,0,1,1
6494575,1,0,2,0,0,0,337.9629373,11003.00823,0,648.550542,20.671,51.38535969,1246.782507,1,34.241,0,1,0,0,0,0,1
6495146,0,0,1,0,4,1,1247.717032,6004.157128,0,378.826589,21.211,165.09231,1640.55927,0,15.103,0,1,0,0,0,0,0
6495775,1,1,2,0,0,0,742.8077051,5906.45502,0,434.618604,34.553,89.87911306,947.1425848,0,27.328,0,3,0,0,1,0,0
6499125,1,0,2,2,0,1,1787.630427,4988.619499,0,147.248532,20.089,73.09866329,4702.024604,0,26.61,1,1,0,1,0,1,0
1329492,1,1,3,3,1,1,890.8756353,8327.324937,0,203.009205,29.614,66.75176563,17.80735003,1,9.545,0,3,1,0,1,0,0
1332929,1,0,1,2,0,1,587.8207777,13007.95697,0,394.309871,43.61,287.8598109,605.4860098,0,14.58,0,0,0,0,1,0,0
376963,1,0,0,0,0,0,1067.044142,15557.16177,0,159.389308,62.665,59.19243728,975.4618092,0,21.709,0,1,0,0,0,0,1
1338552,0,0,0,1,0,1,891.1027821,10389.00891,0,117.07877,28.078,338.0832857,1004.320008,1,24.619,1,0,0,0,0,0,0
1342016,0,0,0,0,1,0,1251.868517,13354.04358,0,68.9413465,29.333,135.1796104,267.3901364,0,17.411,0,3,0,0,0,0,1
1343814,1,0,1,2,0,0,882.2397978,11402.39024,0,140.214467,59.577,79.35104522,217.5181604,1,16.907,0,1,0,0,0,0,0
1357888,0,0,0,0,0,0,710.2502093,14771.1909,0,826.972271,34.831,266.6161617,263.7078775,1,16.892,0,0,0,0,0,0,0
6502890,0,0,3,2,0,0,1011.223455,19840.59675,1,463.785143,25.205,68.31384976,466.1215183,0,11.305,1,0,0,0,1,1,0
1405180,0,0,0,0,0,0,341.0677837,4051.645444,0,789.309619,14.362,51.3644381,933.0381265,0,4.839,0,1,0,0,0,0,0
14001,0,0,0,1,1,0,421.4979317,22805.26998,0,343.369523,37.721,81.40233324,515.6789997,1,30.888,0,1,0,0,0,0,1
6507501,0,0,0,0,0,0,522.2171826,15017.28117,0,299.547374,35.758,274.1391267,499.907235,0,22.8,0,1,0,0,0,1,0
6445060,0,0,0,2,0,1,435.514241,11359.77054,0,298.023786,36.712,142.543,1611.405152,1,26.452,0,2,0,0,0,0,1
1436202,1,0,3,2,0,1,498.8499403,14969.07592,1,333.625758,36.831,28.89029124,977.6299943,1,33.936,0,1,1,0,1,0,0
6445229,2,0,3,2,0,1,415.6068235,19613.95635,1,123.631238,32.258,164.9141188,174.9224355,1,32.994,0,1,0,1,0,0,1
1449720,1,0,0,0,4,0,743.2916233,10937.12289,0,370.175337,25.218,53.32005896,1910.37018,0,30.194,0,2,0,0,0,0,0
6447660,0,0,0,0,4,0,716.5515246,16609.09682,0,26.3443622,23.633,32.06194711,840.0290731,0,38.826,0,2,0,0,1,0,0
6511723,2,1,3,1,0,1,725.6028147,10689.41278,1,84.7720959,34.125,230.0590922,2007.551248,1,35.069,0,4,1,0,0,0,1
1473472,1,0,0,0,4,0,818.7327953,9098.707105,0,175.740769,46.526,342.7541265,407.1180292,0,12.297,0,2,0,0,1,0,0
6451463,1,0,3,2,0,0,571.1541832,28660.40981,1,636.435115,37.824,126.8213712,318.5636381,0,10.367,0,1,0,1,1,0,0
1479122,0,0,0,2,2,0,1184.520417,16330.10516,0,361.004788,45.852,62.59548274,1291.798173,0,23.585,0,1,0,0,0,0,0
6517346,1,0,1,0,4,0,956.6756952,5363.273821,0,95.6880127,33.455,186.8445409,730.731729,1,34.25,0,1,0,0,0,1,0
6517897,2,0,3,3,0,1,2010.077545,8361.34581,1,319.696689,12.515,53.1371587,5813.670735,1,39.909,1,2,0,1,0,1,0
6520613,1,0,1,2,3,0,837.2043308,13496.89675,0,213.573599,26.864,27.88436216,150.2184912,1,29.919,0,1,0,0,1,0,0
1479396,0,1,0,1,3,0,253.8528074,17455.93561,0,557.065071,48.03,146.071236,309.2948763,1,21.766,0,0,0,0,0,0,0
6459245,1,1,3,2,0,1,401.6535152,16090.15296,1,320.357242,44.149,131.6808677,481.1822986,1,24.912,0,3,1,0,1,0,1
6521756,1,1,2,1,0,1,1213.17313,8131.005891,1,83.3415507,32.002,69.01741953,4327.996377,1,14.812,0,1,0,1,0,0,0
6522433,0,0,0,0,4,0,1080.248852,8839.80051,0,245.68735,28.24,78.1515046,591.2685127,0,8.565,0,3,0,0,0,0,0
1539321,0,0,0,1,4,0,958.6303201,15802.25952,0,41.6579509,30.744,85.39371057,1889.502143,0,21.733,0,0,0,0,0,0,0
13179,0,0,1,1,3,0,739.5374191,15288.59303,0,327.934965,51.444,77.531276,315.3287422,0,23.844,0,2,0,0,0,0,0
68204,1,0,0,0,2,1,908.9112085,9098.707105,0,509.129648,40.532,65.60002042,596.9739163,0,13.142,0,1,0,0,0,0,1
6526496,0,0,0,0,1,0,376.2594925,7800.277592,0,39.7854979,35.917,273.9789366,222.690939,0,27.315,0,2,0,0,0,0,0
6469031,1,0,2,1,0,0,1078.779061,8327.324937,0,315.896251,29.614,307.7332245,309.0230069,1,9.545,0,2,0,0,1,0,0
6469527,1,0,2,1,0,1,1119.889433,1291.060736,0,695.979549,9.538,1080.291175,5697.341533,0,8.211,0,3,0,1,0,0,0
6528437,0,0,2,2,1,1,529.3052618,14771.1909,1,754.87536,34.831,193.7104151,372.9095422,1,16.892,0,1,0,1,0,0,0
6528686,1,0,2,2,0,1,573.3337094,18320.14404,0,274.567192,39.097,111.9545222,519.8673019,1,30.4,0,2,0,0,0,0,1
6473827,1,0,3,2,1,0,377.7009598,23368.38971,1,232.709244,55.663,90.55355801,462.2445876,1,22.737,0,2,0,0,1,0,0
6476972,0,0,0,0,1,1,890.2137399,20127.95085,0,104.612464,39.957,216.8790555,242.142649,0,40.501,0,1,0,0,0,0,0
6478290,1,0,2,2,0,1,322.7117344,14488.19125,0,164.73485,27.508,40.36447468,330.456636,1,44.476,0,2,0,0,1,0,0
6535431,0,0,0,0,4,0,1478.311602,13896.49639,0,45.7542057,30.445,23.6860295,506.7216645,0,28.38,0,0,0,0,0,0,0
1567588,2,1,3,2,0,1,831.7328109,17400.59468,0,286.095338,48.589,179.6396254,1854.077159,1,30.08,0,0,0,0,0,0,1
6535457,1,0,2,0,2,1,566.1754871,14560.31422,0,201.225887,61.335,121.4072773,686.4766309,1,36.878,1,1,0,0,0,0,0
6481247,1,1,3,2,0,1,894.3332089,19613.95635,1,317.944229,21.976,186.4713109,421.7141634,1,35.19,0,3,1,0,1,0,0
29165,0,0,0,0,3,1,436.5044005,15751.80462,0,65.4527463,26.288,250.6557187,784.2783049,0,31.573,0,1,0,0,0,0,0
1113802,1,0,1,0,0,0,1137.600718,18374.7828,0,341.334055,36.002,258.3346934,337.3962792,0,22.51,0,1,0,0,0,1,0
6485414,0,0,2,2,1,1,1735.40442,3268.831875,0,99.7868779,51.545,116.3775531,318.7595305,1,15.963,0,0,0,0,1,0,0
1573582,2,1,0,0,3,1,845.1771084,6162.399775,0,407.084304,17.388,154.313052,3199.739033,0,5.03,0,4,0,0,0,1,1
6493680,1,1,2,1,0,1,1195.793148,7693.240432,1,119.898524,33.08,121.5569739,175.2824382,1,11.697,0,0,0,0,0,0,0
6352113,0,0,0,1,4,0,2972.588248,10100.8748,0,457.046412,25.854,99.97496568,1115.008332,0,14.711,0,3,0,0,1,0,0
478612,1,0,3,0,0,1,1143.194577,14122.29472,0,548.063219,32.409,252.271649,434.3720131,1,5.964,0,3,0,0,0,0,1
1608573,1,1,3,2,0,0,1073.400679,14963.7193,1,300.6409,40.609,101.2675906,544.0361973,0,30.946,0,3,1,0,1,0,0
6545286,1,0,3,2,1,0,574.2439992,15746.71073,0,740.347521,50.4,39.24215239,2179.721135,1,31.098,0,2,0,0,0,0,0
6497769,1,0,1,0,4,0,668.2349875,5354.560636,0,243.698206,15.115,105.8773805,8114.180992,0,5.202,0,3,0,1,0,0,0
6498455,0,0,2,2,0,1,842.5688795,8554.837844,1,245.640723,32.212,171.3265265,1145.767148,1,35.516,0,0,0,0,0,0,0
1629467,0,0,1,0,0,0,382.7403679,3523.455826,0,195.168722,28.421,42.65518907,2065.077718,0,52.88,0,1,0,1,0,0,0
6545890,2,1,1,1,0,1,825.9948789,26846.69332,0,317.580866,31.431,73.93504404,802.6867642,0,24.677,0,2,0,0,0,0,1
6548321,1,0,3,2,0,0,517.3686966,22805.26998,0,340.514378,37.721,91.32666235,380.4073791,1,30.888,1,2,0,0,1,0,1
6550224,1,1,0,0,4,0,423.3987837,6997.08455,0,192.154994,38.957,103.5052682,1309.228638,0,28.878,0,1,0,0,0,1,1
6550406,1,0,2,2,2,1,922.6743454,11387.88483,0,39.1004078,24.004,249.6018086,1180.04396,1,14.207,0,1,0,0,0,0,0
6550595,0,0,2,2,1,0,521.2980129,9585.009805,0,406.828221,38.212,68.94043611,1533.063099,1,25.654,0,1,0,0,0,0,0
12862,1,0,2,2,2,1,261.8148674,19917.38943,0,242.80363,29.887,58.69798896,2236.330777,1,42.961,0,1,0,0,0,0,0
6507752,1,1,3,3,0,1,367.5989358,10797.26624,0,312.296748,26.158,285.239805,488.2637726,0,27.765,0,1,0,0,2,0,0
1697386,2,0,2,1,2,0,484.4999028,7633.976569,0,592.009886,33.836,203.2522076,416.6449272,1,25.478,0,4,0,0,0,0,0
1699683,1,0,2,1,2,0,280.7393934,6920.966754,0,572.391023,18.874,58.25209409,636.8423149,1,4.061,0,1,0,0,1,0,0
5226099,0,0,0,0,2,0,1464.595384,7983.493777,0,397.044777,14.939,175.2059931,507.405988,0,14.683,0,5,0,0,0,0,0
6509632,1,0,0,0,1,1,474.7941435,7303.140518,0,301.719981,72.509,120.3205336,974.0146414,0,30.537,0,1,0,0,1,0,0
5259292,0,0,1,2,0,1,129.0959005,13259.94682,0,527.818243,29.998,129.7789434,2036.328094,0,22.1,0,3,1,0,0,0,0
6509917,1,0,3,3,0,0,451.2212575,16156.90885,1,259.555911,26.837,250.0308838,1609.994035,1,40.041,0,1,0,1,0,0,0
6551745,2,0,0,0,1,0,568.059813,17316.74688,0,168.94347,40.346,118.9909642,652.666823,0,29.7,0,2,0,0,0,0,1
6514868,0,1,0,1,3,0,913.8489913,8554.837844,1,315.627353,23.771,152.4474488,1191.8365,0,37.724,1,3,0,0,0,0,0
6554499,0,0,0,1,3,1,706.6868579,7209.42525,0,762.018187,40.331,143.0779701,2865.042653,0,31.619,0,2,0,0,1,0,0
6555373,0,0,3,2,1,1,232.7205275,15370.40709,0,224.122458,35.312,59.12806102,2044.171523,0,31.157,0,0,0,1,0,0,0
1717859,2,0,1,2,3,0,249.242449,9175.515166,0,346.821234,19.383,75.89523716,167.2256198,1,13.182,0,2,0,0,0,0,1
6517007,1,0,0,1,4,0,132.8586071,7615.217084,0,422.917394,36.044,37.40143783,1819.303743,1,41.748,0,1,0,0,0,0,0
6557694,1,0,3,1,0,0,268.1906543,5389.134957,1,528.851766,25.324,88.78639024,7388.908903,0,33.421,1,1,0,1,0,1,1
6557712,0,0,0,0,4,0,2481.245331,20063.12363,0,361.915753,36.284,275.0057592,1114.783644,0,17.983,0,2,0,0,0,0,0
1730502,2,0,2,2,2,1,230.1508427,18240.64627,0,239.677697,29.929,18.57414946,1140.868309,1,9.126,0,1,0,0,1,0,1
6520314,2,1,3,2,0,1,887.1721074,12500.19895,0,265.403519,23.374,101.823945,1482.316592,1,26.942,1,0,0,1,0,1,0
1733587,1,0,1,2,4,0,96.6280089,16074.12572,0,558.008557,39.811,62.58657281,196.2533285,0,21.801,0,2,0,0,0,0,0
6521677,1,0,3,2,0,0,593.3842437,11424.44211,1,298.397069,28.001,141.5243,780.7248638,1,21.851,1,1,0,0,0,0,0
1741815,1,0,0,0,3,0,1063.616758,5721.077249,0,12.8802647,23.189,378.1497848,1398.802187,1,13.561,0,3,0,0,0,0,0
5483045,1,0,3,1,0,1,163.5738625,16926.93234,0,488.224843,34.988,25.34369675,85.94961348,1,20.581,0,0,0,0,1,0,0
1754838,1,0,1,1,3,1,688.013976,2828.160203,0,512.017847,14.269,209.2100399,1300.144266,0,23.938,0,2,0,0,0,0,0
6559203,1,0,3,3,0,1,779.6017466,16259.38155,0,407.787634,36.317,108.9714075,1904.829737,1,25.647,0,1,0,0,0,0,0
6527700,1,0,0,0,3,1,388.1112497,15746.71073,0,97.4345587,37.008,52.45742449,1797.913514,1,22.12,0,2,0,0,1,0,0
1757668,1,0,3,2,0,0,380.2723532,3081.974693,0,401.921198,24.35,44.30139938,545.1487909,1,22.316,0,1,0,0,1,0,1
6529863,0,1,3,2,1,0,1091.667458,6110.8409,0,340.125725,31.407,107.0301104,4743.528124,0,22.909,0,1,0,0,1,0,0
6531127,1,0,3,2,2,0,693.6887549,4149.916249,1,207.33833,25.487,59.54284859,2262.164919,1,11.265,0,1,0,0,1,0,0
999808,0,0,0,0,4,0,400.555209,21573.57345,0,867.637146,24.073,134.9757094,795.2980493,0,32.327,0,1,0,0,0,0,0
6532743,0,0,0,0,2,1,1102.860713,6657.329062,0,605.208712,34.473,140.0832994,2919.467279,0,22.059,0,2,0,0,0,0,0
1773536,0,0,0,0,2,0,528.7118469,6253.352597,0,482.275197,28.484,153.4972339,2715.85449,0,15.415,0,1,0,0,0,1,0
6534359,1,0,3,2,0,1,1083.632225,20127.95085,1,73.3177263,34.614,233.2575859,350.318485,1,45.911,0,2,0,0,0,0,0
1793733,1,0,0,0,0,0,3001.245859,633.8708221,0,122.419196,13.391,423.1256545,1760.935447,0,19.937,0,2,0,0,0,1,0
1802516,1,0,3,2,1,0,20.2757314,5324.40209,0,284.728785,14.375,104.8519303,8601.321561,1,5.875,0,3,0,0,0,0,0
1814372,0,0,0,0,3,1,435.1339397,12975.57901,0,237.082803,38.54,25.85892518,1531.019063,0,20.574,0,1,0,0,0,0,0
6563664,1,1,3,1,0,1,643.1956583,13838.7836,0,383.843925,37.509,52.58535517,112.330538,1,15.832,0,3,0,0,0,0,0
1824858,2,0,0,0,0,0,1050.868196,21912.76805,0,174.546054,22.819,70.5071809,397.3263486,0,13.794,0,2,0,0,0,0,0
1838063,2,0,3,2,0,1,311.7437786,9923.038077,1,206.690275,45.089,188.4005384,3263.574145,1,18.517,0,1,0,0,0,0,1
1020247,0,0,1,0,1,0,811.1975676,22820.81565,0,117.940885,42.833,48.08075223,1196.098683,0,32.043,0,2,0,0,0,0,0
6569350,1,0,2,1,1,1,784.550005,6317.974533,0,389.821896,38.265,133.6512074,1923.359797,1,21.138,0,3,0,1,0,0,0
6551718,0,0,3,2,1,1,237.8779916,4938.112579,1,136.768162,26.257,134.6560409,1701.529267,1,38.34,0,2,0,1,0,0,0
6552257,2,1,3,3,0,1,141.1729065,9536.570779,0,372.250645,41.118,71.37969328,2448.20861,1,16.337,1,1,1,0,0,0,1
1862731,1,0,0,2,2,1,514.2868536,13769.34558,0,175.768067,34.201,164.8609313,932.2085787,1,24.682,0,1,0,0,0,0,0
6187934,0,0,0,2,2,0,3823.2445,6050.56449,0,92.7345761,17.137,46.39654718,290.8433093,1,29.236,0,0,0,0,1,0,0
6556046,1,0,2,1,2,0,1355.411789,3987.976803,0,315.581099,42.224,93.46713025,5642.480906,0,53.716,0,3,0,0,0,0,0
6556383,1,0,1,1,2,0,918.2327401,3901.090166,0,106.869189,12.409,222.5901698,6343.699646,0,7.587,0,3,0,1,0,0,1
1873069,1,0,3,2,0,0,275.0168867,8954.127305,1,366.84615,20.629,51.77713934,586.2862773,1,18.386,1,2,0,1,0,1,1
6574642,1,0,3,1,0,0,84.33297464,18079.67251,1,444.148467,40.716,86.55138035,523.3519248,0,27.495,1,1,0,1,0,1,1
1877883,0,0,0,0,4,0,129.7277438,15751.80462,0,821.823401,32.502,81.60677692,844.4714585,0,38.606,0,1,0,0,0,0,0
3769470,0,0,0,0,4,0,274.2032151,13640.22071,0,508.454012,35.343,102.3393785,2823.0041,0,31.365,0,4,0,0,0,0,0
6521793,1,0,1,0,1,0,3198.330139,5585.243623,0,585.006369,21.665,219.4982617,273.7826958,0,7.059,0,5,0,0,1,0,0
6562008,1,0,1,0,0,0,463.7104619,10268.18314,0,735.070371,29.383,196.6438847,322.0568965,0,24.206,0,1,0,0,1,0,0
56009,2,0,3,3,1,1,532.7955337,8298.229078,0,705.293203,26.397,118.9167791,954.8786021,1,14.665,0,4,0,0,1,0,1
35408,0,0,0,0,4,0,790.3504075,3245.117822,0,409.412723,24.156,273.4839889,471.7861235,0,9.773,0,3,0,0,1,0,0
62715,2,1,1,0,0,0,506.4603734,21416.04743,1,248.66922,44.198,115.8005081,345.8771237,1,23.605,0,4,1,0,2,0,1
6564495,1,0,0,0,4,0,463.6283259,5937.199533,0,301.371225,30.229,152.1813617,2156.055971,0,22.668,0,2,0,0,1,0,0
82500,1,0,1,1,1,0,327.5919803,18539.87924,1,447.770071,20.126,287.0687913,926.245069,1,38.283,0,1,0,0,0,0,0
1937984,1,0,0,1,0,0,2137.914276,6810.961872,0,44.3597314,24.973,418.9609861,929.1492489,0,33.513,0,3,0,0,0,0,0
26920,1,0,0,1,1,0,1084.75189,10911.69641,1,141.708448,35.963,238.0042102,394.258822,0,20.607,0,4,0,0,0,0,0
217662,0,0,0,0,4,0,267.2732149,5606.157926,0,321.741758,21.668,126.0771779,1994.765371,0,22.716,0,1,0,0,0,0,0
228274,1,0,1,1,0,0,759.3044312,9541.46885,0,226.592653,36.831,131.8850936,224.3353219,0,25.101,1,2,0,0,0,0,0
229113,1,1,2,2,3,0,1417.70638,14661.87745,1,317.506212,36.859,144.4218584,589.9202789,1,13.675,0,2,0,0,0,0,1
229856,2,1,0,1,0,1,1070.745187,18384.89465,0,268.007253,25.494,209.0473852,1830.624645,0,21.541,0,2,1,0,1,0,1
230689,0,0,0,0,4,0,823.5843977,18752.30452,0,215.336213,44.849,375.3987897,606.1186193,0,38.934,0,2,0,0,0,0,0
6581181,1,0,2,0,2,0,799.0696214,20127.95085,0,92.7009522,39.957,85.48542052,212.9921113,0,40.501,0,0,0,0,0,0,0
253455,2,1,3,3,0,1,467.8157595,6071.356514,1,152.817795,32.256,122.680071,692.6365354,1,26.384,0,2,1,0,0,0,1
260751,1,0,1,0,4,1,436.3805208,20795.29081,0,321.806284,37.885,58.02653317,916.9894243,1,25.423,0,1,0,0,0,0,0
1944906,0,0,0,0,4,0,482.0844452,17487.03123,0,280.737571,35.432,157.3173872,1512.927695,0,28.168,0,0,0,0,0,0,0
69007,1,0,0,0,0,1,758.5478747,9673.266075,0,121.503761,26.204,150.5071278,1187.431518,1,37.117,0,3,0,0,0,0,0
6577122,0,0,0,0,0,0,724.4578367,6786.073876,0,335.206063,14.658,194.0372276,4649.548858,0,4.079,0,2,0,0,0,0,0
331392,1,0,0,0,4,1,748.7270807,10827.98276,0,294.175557,33.272,159.3284756,592.3683271,1,16.576,0,2,0,0,0,0,0
338668,0,0,0,0,4,0,273.8854187,4982.273931,0,574.874245,41.671,112.5430108,1638.590664,0,7.91,0,2,0,0,0,0,0
1949825,1,0,0,2,0,0,221.2966423,6548.50369,0,452.489204,20.912,116.2401288,1195.503563,0,24.088,0,5,0,0,0,0,0
6583025,1,0,3,3,1,1,802.4981759,13539.42283,0,403.457325,34.928,91.962736,1905.865294,1,10.139,1,2,0,0,1,0,0
376713,1,0,3,2,0,0,493.7236629,6460.884933,0,241.603011,29.792,320.1517595,2538.111927,1,43.555,0,0,0,0,1,0,1
382090,1,0,0,0,4,1,238.1236692,6317.974533,0,341.15356,22.399,83.09822245,2408.262991,0,16.293,0,3,0,0,0,0,0
394573,0,0,0,0,4,1,718.9458702,9923.038077,0,218.803863,34.957,207.2586452,2846.35934,0,19.56,0,1,0,0,0,0,0
6584550,0,0,3,2,3,1,343.7574464,18079.67251,0,126.314693,40.716,173.6132023,782.9110612,1,27.495,0,0,0,0,0,0,1
397971,2,1,3,2,0,1,353.6365487,9536.570779,1,323.745017,41.118,22.82394996,1850.461424,1,16.337,1,4,0,0,0,0,1
403773,0,1,2,2,1,0,662.9105925,23737.83337,0,54.5177485,31.452,92.78327698,132.7228154,0,42.475,0,1,0,0,0,0,0
1964583,0,0,0,1,1,0,1536.80962,8327.324937,0,558.63356,37.611,52.11679639,769.9424063,0,14.093,0,3,0,0,0,0,0
6585963,0,1,2,0,3,1,556.2772743,3236.703693,0,193.219187,26.015,64.076019,4583.278253,1,32.981,0,2,0,0,2,0,0
6586039,2,1,3,1,2,0,1241.575273,3236.703693,0,489.256294,29.414,282.6169567,5197.0757,1,30.981,0,2,0,0,1,0,0
549833,1,0,0,0,4,1,742.956214,11747.95284,0,485.532162,43.199,168.1703169,349.2938916,0,20.55,0,2,0,0,1,0,0
6591111,1,0,3,0,2,0,338.3292729,9239.903644,0,304.211243,28.545,216.4278858,924.3543842,1,28.064,0,1,0,1,1,0,0
6594267,1,1,0,0,4,0,988.3684685,5085.711608,0,399.119308,10.746,341.0627595,4421.321465,0,5.028,0,3,1,0,0,0,0
13749,1,0,2,0,2,1,887.5693551,9061.565349,0,464.982063,16.537,130.1870589,3527.581702,1,21.087,0,2,0,0,0,0,0
712039,0,1,2,0,1,0,542.8392765,5473.607369,0,364.030542,28.376,205.4987013,2861.805541,1,25.061,0,3,0,0,0,0,0
728643,1,0,2,0,3,1,490.9660772,18787.59912,0,279.049146,54.406,217.6714504,427.2679465,1,36.699,0,1,0,0,0,0,0
6596320,1,1,3,0,0,1,470.8314228,14085.53698,0,273.60141,44.951,162.3314004,849.4557652,1,18.889,0,3,0,0,0,0,0
6593392,1,1,3,2,1,1,268.6610282,12150.01553,0,136.775138,31.59,101.5561448,740.1350006,1,27.067,1,4,1,0,1,0,0
6597778,1,0,3,0,1,1,1375.220707,14661.87745,0,346.542923,36.859,188.6761679,545.1390308,1,13.675,0,1,0,0,0,0,1
1977350,1,1,3,2,0,1,1086.942548,7362.78897,1,316.4472,26.57,103.1192872,244.3774719,1,29.074,0,1,0,1,0,0,1
6599776,0,0,0,1,1,1,72.94013589,16509.65958,0,97.069507,50.457,8.620666973,747.1085017,1,20.118,0,1,0,0,0,0,0
6596932,0,0,2,0,0,0,714.1968357,21584.08517,0,56.5079472,29.832,81.82094111,373.2777487,1,47.055,1,1,0,0,2,0,0
6598380,2,1,3,2,0,0,855.8753063,14004.00826,1,396.920251,34.678,82.47462797,1868.777137,0,30.489,0,2,1,0,1,0,1
6601494,0,0,0,0,0,0,651.5258234,6956.920627,0,282.2685,38.235,238.9538675,2140.495342,0,15.262,0,1,0,0,0,0,0
928757,1,0,3,3,0,1,864.1235831,6513.728097,1,636.946951,27.187,32.80276333,1619.83531,0,18.504,1,4,0,1,0,1,1
6606391,1,1,3,2,2,1,1329.66336,13191.40833,0,218.752121,38.123,97.20068214,653.2071994,1,29.726,0,3,0,0,0,0,0
6607337,1,0,0,0,0,0,1159.148107,7693.240432,0,213.841744,31.044,52.02424579,387.7752095,0,20.032,0,2,0,0,1,0,0
1072855,1,1,2,2,0,1,424.1925101,18374.7828,0,399.216385,31.673,209.6912678,475.3864612,0,35.515,0,2,0,0,0,1,1
1086141,0,0,0,0,4,0,730.1364067,9481.743706,0,246.988521,28.043,238.3039304,1135.436658,0,29.992,0,2,0,0,0,0,0
1087608,0,0,2,1,3,1,1023.144808,17567.26967,0,30.5656253,31.602,278.5627253,573.7001047,1,32.227,0,1,0,0,0,0,0
6610805,0,0,0,0,3,0,651.9235821,12955.00099,0,885.288942,35.741,111.2756547,750.6956165,0,24.312,0,2,0,0,0,0,0
6609940,2,0,1,0,4,0,79.6058896,8811.762232,0,326.297576,36.53,25.92384275,898.9917489,0,22.328,0,1,0,0,1,0,0
6611925,0,0,0,0,0,0,1097.110619,4272.037234,0,1097.80427,22.855,278.4382829,6285.477669,0,9.306,0,0,0,0,1,0,0
6612967,1,0,2,2,0,0,54.1844683,7800.277592,0,423.338086,35.917,71.03250687,414.6368474,0,27.315,0,1,0,0,0,0,0
1180183,0,0,0,0,4,0,577.1641931,8381.251999,0,382.078429,35.268,187.5180137,1841.877219,0,10.4,0,4,0,0,0,0,0
6620904,2,0,3,2,1,1,416.9835832,4917.830496,1,83.2382052,35.805,25.52431368,80.48206084,1,16.332,0,2,0,0,0,0,1
1285102,0,0,0,0,2,0,1829.096374,5461.79366,0,92.5818929,12.643,268.7163058,2972.387173,0,14.322,0,3,0,0,1,0,0
1315305,2,0,0,0,0,0,1696.940212,2682.366411,0,242.596855,27.001,395.6141258,1937.396484,0,19.646,0,3,0,0,0,0,1
1339705,1,0,2,1,1,0,57.68915123,6703.806487,0,75.1845869,39.465,24.55588717,958.9066363,0,21.713,0,1,0,0,0,0,1
1347291,0,0,0,2,2,0,378.495843,7983.493777,0,83.9617257,20.786,181.4924373,765.6684613,0,13.132,0,0,0,0,0,0,1
1376332,0,0,0,0,2,0,674.6617567,6415.640093,0,167.737537,18.482,166.08656,841.5145399,1,21.764,0,1,0,0,0,0,0
1363490,1,0,2,0,2,1,1136.818107,5122.40781,0,354.303316,18.778,71.86107006,5163.612784,1,29.205,0,3,0,1,0,0,0
1379289,1,0,0,1,0,1,1117.520698,2157.89908,0,332.901412,30.401,583.1788015,1197.51156,1,16.8,0,2,0,0,1,0,0
1384526,1,0,0,2,0,0,1379.389923,15818.35866,0,319.221241,77.145,146.7288565,361.9192766,0,20.839,0,1,0,0,0,0,0
6619149,0,0,0,0,1,0,1271.302381,15802.25952,0,153.803076,47.215,136.7127318,1756.992587,0,19.316,0,1,0,0,0,0,0
718830,1,0,0,0,4,0,1294.352559,16916.73464,0,141.386277,52.945,346.1111624,1451.409008,0,32.72,0,2,0,0,0,0,0
1985672,1,1,3,2,0,0,2920.205981,2049.405608,1,119.584298,20.288,153.4401709,5786.201502,1,19.584,0,3,1,0,0,0,0
6621138,1,0,1,0,1,1,1617.378823,6200.269707,0,217.087617,30.84,80.14817198,1433.942664,1,17.157,0,2,0,0,1,0,0
6631513,1,0,1,2,1,0,420.5775611,4917.830496,0,88.0057594,35.805,29.10227757,83.57949719,0,16.332,0,2,0,0,1,0,0
6621599,2,0,3,1,0,0,1381.913664,3776.140461,0,639.168981,24.006,47.84573152,1408.93683,0,20.534,0,2,0,0,0,1,1
1570008,0,0,0,0,4,0,1189.693374,3916.859274,0,386.021817,31.463,293.2531909,618.9805225,0,19.261,0,4,0,0,0,0,0
2003079,0,0,0,1,2,1,1456.001534,16497.29862,0,202.152242,34.293,213.5886225,217.0894974,0,32.249,0,2,0,0,0,0,0
1584889,1,1,3,1,0,1,901.6199258,5363.273821,1,107.165063,33.455,181.479324,796.6206798,1,34.25,0,3,1,0,0,0,0
1590648,1,0,0,0,1,0,1511.737897,17860.22643,0,57.2178051,26.796,67.84029748,2160.706,0,27.301,0,2,0,0,0,0,0
6635934,1,0,0,0,1,0,1413.797613,6786.073876,0,207.146715,20.03,96.85618314,3926.648552,0,7.498,0,4,0,0,0,0,0
5409269,1,0,2,2,0,0,1052.702984,6548.50369,0,697.882981,23.6,91.90173523,625.4050396,1,28.89,0,1,0,0,0,0,1
6626456,0,0,0,0,4,0,355.9009077,9846.049064,0,343.806725,26.642,79.20808083,1383.115628,0,13.604,0,1,0,0,0,0,0
1630908,1,0,0,0,3,1,423.4384529,14771.1909,0,671.932346,41.193,162.0445123,456.2094191,0,14.104,0,3,0,0,0,1,0
6638703,1,0,3,0,0,0,756.543598,24311.96849,0,385.592368,30.485,77.93320002,290.6971112,0,33.582,0,1,0,0,1,0,0
1675206,0,0,0,0,3,0,703.3956902,18269.0736,0,443.55658,30.272,234.9183125,613.471724,0,22.673,0,1,0,0,1,0,0
2021765,0,0,0,0,3,1,138.800356,22222.88999,0,289.416952,34.646,116.2192,2461.217835,1,47.161,0,1,0,0,0,0,0
6640421,1,0,3,2,2,1,1467.442713,7362.78897,0,233.652933,26.616,11.13574305,451.4233233,1,32.164,0,3,0,1,0,0,0
6627184,1,0,3,1,0,1,521.435871,12799.8378,0,367.598034,29.857,205.3312433,669.3219139,1,29.41,1,2,0,0,1,0,0
6647253,1,0,0,0,0,0,476.6653336,2276.022388,0,674.382322,15.898,80.49676233,6242.034319,0,8.874,0,1,0,0,1,0,0
1776600,0,0,0,0,4,0,717.328301,2276.022388,0,160.619488,13.522,225.2337203,7369.364826,0,8.041,0,2,0,0,0,0,0
1192956,2,1,2,1,0,0,174.9276087,10630.80933,0,77.8642453,52.934,165.20182,291.7864743,1,32.623,0,1,1,0,0,0,1
2022130,1,0,0,0,4,0,431.9521763,6286.731249,0,556.391227,25.611,209.38928,2268.706038,0,6.907,0,4,0,0,0,0,0
2023595,1,0,2,2,0,1,298.246489,9656.80364,0,98.7126415,37.378,170.3415853,463.9348303,1,21.989,0,2,0,0,0,0,0
6633223,2,0,0,1,0,1,583.8817163,4169.928802,0,249.369584,14.694,320.9222591,6821.19634,1,7.835,0,2,0,0,0,0,0
6652244,0,0,1,0,3,0,188.1423648,10521.5496,0,408.283297,53.895,97.70417746,1096.207946,1,21.316,0,1,0,0,0,0,0
6656523,0,0,0,1,2,0,2094.383086,6993.395968,0,309.88634,17.659,359.4348567,449.4966545,0,15.477,0,4,0,0,0,0,0
2041503,1,0,3,1,0,1,530.9519758,9900.103649,1,381.348871,22.953,138.4025222,827.6283536,1,23.916,0,3,0,1,0,1,1
2055600,1,0,0,2,0,0,1108.834043,16753.10098,1,467.167275,50.036,80.84585932,479.346662,1,25.684,0,2,0,0,1,0,0
6674413,0,0,0,0,3,0,725.5944662,17316.74688,0,295.986506,35.012,140.4478819,1143.557343,0,28.46,0,3,0,0,0,0,0
6645681,1,0,2,1,0,0,950.6838355,10389.00891,0,214.115249,28.078,151.3370873,903.1073429,1,24.619,1,1,0,0,0,0,0
6676709,0,1,2,1,0,0,186.5464615,11777.31759,1,406.624322,60.375,83.43741062,341.1067294,1,25.946,1,1,0,0,1,0,0
732804,0,0,0,1,0,0,1530.339991,14661.87745,0,151.951604,27.199,138.4187946,683.0637062,1,23.246,0,0,0,0,0,0,0
6679538,0,0,1,0,1,0,561.5907608,3236.703693,0,187.262709,20.94,334.3277148,4440.237069,0,23.452,0,4,0,0,1,0,0
1029464,1,0,0,0,0,0,569.8863589,7476.415052,0,43.624335,43.69,219.5617764,1180.679464,0,24.577,0,4,0,0,0,0,0
2437671,0,0,3,2,0,1,841.1508015,14488.19125,0,121.867999,28.901,89.19576993,365.9268917,1,31.553,0,0,0,0,0,0,0
6681170,1,0,2,1,1,1,1910.273629,7545.987755,0,236.496849,29.963,36.03477223,346.8245825,0,30.401,0,2,0,0,0,0,0
2073706,1,0,0,0,4,0,323.892402,12799.8378,0,270.374713,47.787,122.3950364,668.9909353,0,30.044,0,1,0,0,0,0,0
6650489,0,0,1,2,0,1,744.2126083,10556.70268,0,704.313775,15.211,301.4886396,2209.264932,1,18.867,0,2,0,0,0,1,0
6651276,1,0,2,2,0,1,852.1677771,8815.264433,0,398.571627,46.931,246.3449201,431.89696,1,14.91,0,2,0,1,0,0,0
6651369,1,1,3,2,0,1,678.3992447,14771.1909,1,207.554682,38.18,325.3229317,171.9511843,0,15.605,0,1,0,0,0,0,0
2076252,1,0,0,0,0,0,554.9646279,546.5536138,0,105.944341,34.05,142.9720785,6320.626314,1,28.35,0,2,0,0,0,1,0
50599,0,0,0,0,3,0,589.171914,9317.814793,0,247.80867,42.659,400.9338885,1160.708122,1,40.956,1,2,0,0,0,0,0
6687694,2,0,2,2,1,0,751.2052212,17400.59468,1,301.933378,48.589,217.4475606,1873.683514,1,30.08,0,1,0,0,1,0,1
6690190,1,0,0,0,2,0,572.5800232,18998.51106,0,603.059076,25.818,152.3567752,377.0210228,0,21.838,0,1,0,0,0,0,0
6690596,1,0,1,1,0,0,375.0073189,8719.779158,0,363.903733,19.252,144.8590745,1163.591138,1,31.342,0,1,0,0,1,0,0
6699921,1,0,0,2,1,0,917.3775127,8950.167524,0,582.228177,43.571,121.4851065,2834.69099,0,17.357,0,5,0,0,0,0,1
6706075,1,0,1,0,2,0,274.871564,12150.01553,0,370.18821,34.413,62.54133211,1468.925711,1,31.501,0,1,0,0,0,0,1
6711899,0,1,3,2,0,1,1214.246533,7418.083695,1,230.678197,10.029,227.3896616,3269.90659,1,5.727,0,4,1,0,0,0,0
6715263,0,0,2,0,0,0,1371.707,14661.87745,0,422.362002,36.859,73.69999649,616.8494806,0,13.675,0,0,0,0,0,0,0
6720013,0,1,2,0,0,0,2169.482284,11623.16617,0,338.209242,38.208,66.70064932,516.4378352,0,29.461,0,1,1,0,1,0,0
6721246,0,1,2,2,3,1,986.4266042,14588.39366,1,86.0432078,25.428,165.0073944,751.5279225,0,28.141,0,2,0,0,0,0,0
6723437,0,0,1,0,3,1,1239.301056,10442.42919,0,423.797335,15.356,309.3694458,1928.643265,1,17.13,0,2,0,0,0,1,0
6723502,2,0,3,2,2,1,1510.052805,9532.869438,1,216.005712,37.111,95.56099933,231.5433125,1,43.244,0,1,0,1,0,0,1
2177608,2,1,2,2,1,1,1735.00187,6309.100315,0,144.700832,28.698,157.7217905,1611.922326,1,25.331,0,1,0,0,0,0,0
54208,2,1,2,3,0,0,720.4608249,14681.90839,1,253.975912,44.442,322.0470108,670.8622261,1,25.903,0,3,1,0,0,0,0
124329,1,0,0,0,0,0,370.956943,12364.10659,1,543.280971,34.071,35.38045326,3425.043819,0,29.363,0,2,0,0,1,1,1
2259529,0,0,0,0,4,0,120.8410016,5344.928751,0,163.902836,39.368,28.18453814,2124.937909,0,17.58,0,2,0,0,0,0,1
260647,0,0,2,0,4,0,1390.272994,5646.830867,0,149.812499,29.576,95.44354195,3996.215548,1,24.382,0,3,0,1,0,0,0
269707,0,0,0,0,2,0,2023.166007,2740.524406,0,334.929744,37.638,20.6182663,92.92882736,0,21.45,0,2,0,0,0,0,0
313410,2,1,1,1,3,1,1115.280801,7035.350833,0,220.144036,31.985,176.3839287,947.273773,0,19.562,0,4,1,0,0,0,1
374457,2,1,3,0,0,0,584.2903818,4587.054117,0,155.755751,17.952,38.08766603,4593.644087,1,42.546,0,1,0,0,0,0,1
414223,2,1,0,1,0,1,1513.399488,19713.74609,0,484.025413,51.618,54.90083073,432.9208965,0,37.842,0,3,1,0,1,0,1
424031,0,0,2,0,2,0,712.8579598,8788.313314,0,156.62394,23.091,124.3924613,2976.025258,1,26.871,0,1,0,0,0,0,1
628512,2,0,3,2,1,1,505.3174494,8865.754399,1,41.1268951,48.818,160.7251303,1511.728338,1,24.37,0,2,0,0,0,0,0
683311,0,0,3,1,3,1,1176.029694,7035.350833,0,203.004818,31.985,175.9026557,1048.583998,1,19.562,0,1,0,0,1,0,0
4182893,0,0,0,0,4,0,599.6408804,7800.277592,0,629.61483,53.968,15.82153165,398.143287,0,34.463,0,1,0,0,1,0,0
690492,1,0,2,0,2,1,472.9427692,13437.45482,0,448.731998,39.067,131.9071498,1069.943874,1,23.921,0,0,0,0,1,0,0
803566,0,0,0,0,4,0,649.322449,18690.3203,0,39.7797216,39.922,228.3385525,681.315486,0,16.067,0,1,0,0,0,0,0
816414,0,0,0,0,4,0,652.8630381,6892.788945,0,229.576091,34.881,107.6502497,668.9327831,0,17.369,0,2,0,0,0,0,0
6654686,2,0,0,0,1,0,573.0033053,14769.23571,0,245.222048,59.898,250.1543136,628.6679524,0,39.166,0,2,0,0,1,0,0
54717,1,0,0,2,4,0,985.8760796,11402.39024,0,259.199723,59.577,177.444142,337.271122,1,16.907,0,2,0,0,0,0,0
67210,0,0,0,0,4,0,850.1917904,6920.966754,0,136.769587,20.081,117.1825701,815.7528891,0,8.846,0,1,0,0,1,0,0
80620,1,0,0,1,3,0,2338.017873,5019.812067,0,276.771199,28.757,414.4760138,1149.300533,1,33.507,0,2,0,0,0,0,0
2546507,2,0,1,0,0,0,2230.518967,12058.5806,0,57.0836587,37.79,285.7100514,1080.005394,1,19.947,0,2,0,0,1,0,0
21347,0,0,0,0,4,0,763.691272,5344.928751,0,494.631466,39.368,30.93082208,2314.291223,0,17.58,0,2,0,0,0,0,0
363260,1,0,0,0,2,1,2505.962165,6415.640093,0,231.42392,21.583,168.8673695,2411.757426,1,22.976,0,2,0,0,0,0,0
487006,0,0,0,0,0,0,1332.984026,8426.607081,0,310.493343,31.617,121.4180345,3173.66324,0,17.489,1,2,0,0,0,0,0
28032,1,0,0,0,4,0,635.8344918,4157.945287,0,194.345459,48.396,173.8966517,1936.475796,0,24.157,0,3,0,0,0,0,1
549456,1,1,3,2,1,1,1280.130171,15434.02931,1,339.080085,19.831,490.5489611,3676.071667,1,43.377,0,3,1,1,0,0,1
601627,0,0,3,1,2,0,886.9314403,8044.366391,1,152.31644,25.33,251.6746614,1822.62886,1,19.498,0,1,0,0,1,0,0
656481,0,0,0,1,3,0,527.8040488,7800.277592,0,700.911609,35.917,66.00821811,308.646051,0,27.315,0,1,0,0,1,0,0
860275,1,1,3,1,3,1,525.4981858,17548.72222,0,473.001493,26.921,92.16754913,543.7028911,1,17.42,0,0,0,0,2,0,1
738235,0,0,0,0,0,0,544.4685838,4561.072265,0,133.642593,18.699,186.8952736,5663.092788,0,23.606,0,4,0,0,0,0,0
743045,1,0,1,2,0,0,673.9163182,8392.870388,0,592.830605,29.794,81.71205734,3374.017304,0,5.756,0,2,0,0,1,0,0
761432,2,0,3,2,0,1,317.970912,16046.72674,1,637.90501,39.943,62.37578315,2178.028815,0,30.151,0,4,1,0,0,0,1
771970,1,0,2,1,3,0,683.9097541,8605.106347,0,459.274417,18.397,88.4377749,4678.121091,1,11.476,0,1,0,0,1,0,0
856992,1,1,3,0,4,0,912.8219027,15412.69587,0,44.1597213,35.297,57.16428878,946.3602879,1,18.245,0,1,0,0,1,0,0
919221,1,0,0,0,4,1,354.6829229,7800.277592,0,240.105629,35.917,187.7828615,467.6343789,1,27.315,0,1,0,0,0,0,0
965627,1,0,3,2,0,1,452.4423231,11077.24846,1,720.919137,44.322,120.1626967,3548.205953,1,17.224,0,2,0,1,0,0,0
1171739,0,1,0,1,2,1,600.4156812,10797.26624,0,351.728885,34.438,159.9498802,923.8141857,1,30.177,0,2,1,0,0,0,0
1018447,1,1,0,0,0,0,457.5334409,13769.34558,0,390.643371,27.8,132.4334725,502.8120234,0,22.426,0,1,0,0,2,0,0
1092169,1,0,2,2,3,1,2472.016492,20063.12363,0,411.924011,43.686,170.1071747,1029.432037,1,24.941,0,3,0,0,0,0,1
1100040,0,0,0,0,3,1,629.9246454,8816.463843,0,167.915341,27.005,221.0143989,2811.509998,1,21.999,0,1,0,0,0,0,0
53936,0,1,0,0,4,0,933.4998561,14085.53698,0,379.02195,29.307,255.9105352,619.8954673,0,16.985,0,2,0,0,0,0,0
1314804,1,0,2,0,3,1,835.1220248,4515.071727,0,289.860265,23.356,134.1570125,3350.46398,1,10.731,0,2,0,0,0,0,0
1314921,1,0,0,0,2,0,869.1475344,6920.966754,0,114.947481,20.081,139.6153345,808.8712666,0,8.846,0,1,0,0,0,0,0
1169551,1,0,2,2,2,1,470.7257182,11638.86113,0,219.568491,20.365,25.06281192,1432.831011,0,17.125,0,3,0,0,0,0,1
2842099,0,0,0,0,0,0,197.2377405,8903.364788,0,386.225948,32.547,166.2491944,842.2565268,0,5.847,0,2,0,0,0,0,0
1175121,0,0,2,0,1,1,1309.299656,7693.240432,0,332.94341,31.044,58.11693052,245.1139482,1,20.032,0,2,0,1,0,0,1
1175854,0,0,0,0,0,1,251.7489079,7800.277592,0,357.469035,35.917,166.4386825,365.9568958,1,27.315,0,2,0,0,0,0,0
1539739,0,0,0,0,4,0,74.1651775,3755.939052,0,627.549544,30.811,96.36676492,3107.709137,0,28.771,0,5,0,0,0,0,0
1657668,1,0,1,2,3,0,464.486245,21955.47306,0,78.2304709,34.845,51.46627284,222.7943125,0,39.967,0,3,0,0,0,0,0
1948618,1,0,2,1,3,1,428.4418499,17548.72222,0,332.486273,21.055,42.5820133,369.060275,0,17.855,0,1,0,0,1,0,0
1281379,0,0,2,2,2,0,844.4904018,14231.24046,0,137.674591,31.998,96.64277721,2174.650109,0,32.169,0,2,0,1,0,1,0
1304512,1,0,2,0,0,0,466.5301993,21416.04743,0,252.503208,44.198,166.1948268,551.3768708,1,23.605,1,1,0,0,0,0,0
3280962,0,1,3,2,0,0,392.4264439,12955.00099,1,778.302807,35.741,93.89138871,875.886939,0,24.312,1,0,0,0,0,0,0
1365345,0,0,0,0,3,0,1396.070914,9511.100166,0,428.659792,24.127,462.8394596,553.967746,0,8.717,0,3,0,0,0,0,0
3320847,2,0,3,2,0,1,532.518602,9846.049064,0,206.855439,32.729,39.47758238,2367.842604,1,10.143,0,3,0,0,0,0,0
1396177,0,1,3,2,1,1,1328.005863,9880.479106,1,112.010675,31.994,238.2907725,3439.21811,1,22.387,0,2,0,0,1,0,0
1403867,1,0,2,2,3,1,151.8362564,7351.434123,0,499.726763,25.429,279.3773369,3683.422546,1,21.111,0,2,0,0,0,0,0
1404856,1,0,3,0,3,0,1300.889985,3835.305311,1,479.808432,17.352,158.3434626,1330.819084,1,29.548,0,1,0,0,0,1,0
1406824,0,0,2,1,0,1,921.2201821,6563.33255,0,234.636508,19.432,22.44124403,15.20055671,1,10.037,0,2,0,1,0,0,0
2242044,1,0,2,2,3,0,99.96224234,3213.831247,0,376.920366,23.031,70.16586706,3418.944496,1,10.412,0,2,0,0,0,0,0
2074228,0,0,0,0,4,0,737.6865969,10936.28932,0,424.999068,45.936,160.2422937,2173.877964,0,14.764,0,2,0,0,0,0,0
1461617,1,0,3,2,0,1,1691.127029,9179.768172,0,276.20211,28.066,76.57619471,398.8164168,1,7.341,0,3,0,0,0,0,1
1467232,1,0,0,1,2,0,74.72298345,15288.59303,0,470.680679,47.995,54.26227588,13.04620912,0,29.28,0,0,0,0,0,0,0
1468035,1,1,1,0,2,1,283.1157749,20929.22768,0,221.460327,42.017,70.71268594,655.539361,0,13.236,0,0,0,0,0,0,0
1554873,0,0,0,0,4,1,582.8120315,8748.691759,0,406.248547,66.01,171.4093416,388.9211189,1,17.629,0,1,0,0,0,0,0
1650085,1,1,3,3,0,1,1644.645619,10612.33066,1,345.577535,23.7,223.1583594,781.7110929,1,14.75,0,2,1,1,0,0,1
1685979,1,0,3,2,2,0,282.9800761,5902.179657,0,345.360856,28.863,79.18793301,4581.214455,0,4.823,0,0,0,0,0,0,0
1688550,1,0,2,1,0,0,664.7661229,22222.88999,0,301.056183,26.743,153.5707303,2913.019079,0,36.826,1,2,0,0,0,0,1
3875852,1,0,0,0,0,0,1089.032581,6892.788945,0,205.766856,22.652,161.9475146,130.6453548,0,13.432,0,3,0,0,1,0,0
2562068,1,1,3,2,1,1,591.036986,2980.074769,1,38.9624205,18.222,301.6769823,8814.526534,1,38.229,0,2,0,0,0,1,1
4014444,2,0,3,2,0,1,418.5560503,11131.97235,0,621.149394,28.94,141.3220248,422.1184358,1,28.921,0,1,0,0,0,1,0
1736234,2,0,2,2,2,1,115.4885916,12150.01553,0,111.214655,39.938,130.1734549,972.1629731,1,25.963,0,3,0,0,0,0,0
5859315,0,0,0,0,4,0,385.6155521,14418.45196,0,189.215064,29.622,35.32338318,2121.525247,0,50.985,0,3,0,0,0,0,0
1848088,1,0,2,2,4,0,1253.917879,6969.726071,0,122.55071,36.944,123.2448964,299.4397269,1,13.373,0,1,0,0,2,0,1
1859718,1,0,3,2,0,1,2040.789086,6004.157128,1,203.7796,19.714,7.851460266,653.7688647,1,8.719,0,2,0,0,0,0,0
1864367,1,0,2,1,0,1,885.1745339,10080.93765,1,333.480813,29.661,96.66448009,1887.5056,1,31.14,0,1,0,0,0,0,0
1907105,0,0,0,0,4,0,542.0452161,8292.5633,0,626.686121,39.183,357.1648032,3988.813684,0,19.131,0,2,0,0,0,0,0
1915306,0,0,3,1,1,0,657.4114648,5209.810151,0,591.948626,27.8,86.12036974,1491.70936,1,27.131,0,1,0,0,0,0,0
1927251,2,0,3,3,0,1,755.6296635,16062.88105,1,279.98268,46.555,84.15366128,1916.076119,1,35.995,0,3,0,1,0,0,0
2779072,1,1,3,3,0,1,492.8017845,7983.366768,1,263.950168,28.272,78.28286054,534.237123,1,20.128,1,1,1,0,0,0,1
1942231,2,1,0,2,1,0,1717.920138,4823.860341,0,195.415506,20.86,134.3794116,1416.38158,1,20.361,0,2,0,0,0,0,0
4238344,2,1,0,0,0,0,492.9536463,5389.134957,0,167.777329,31.038,182.3980625,7030.884168,1,31.854,0,1,1,0,0,0,0
32012,0,0,0,1,4,0,342.6879512,15294.76701,0,370.817536,46.913,108.2012382,2774.242408,1,32.404,0,1,0,0,0,0,0
1943790,1,0,3,2,2,0,272.8370863,15182.12813,1,75.3335438,45.508,459.4613033,510.1032886,1,19.494,0,1,0,1,0,0,1
1985868,0,0,0,0,3,1,2186.140368,7974.540136,0,353.198596,39.711,231.9248198,211.6535899,1,30.431,0,2,0,0,0,0,0
2859054,1,0,1,1,1,0,493.5074624,13695.51118,0,491.831872,37.668,152.0387447,60.23921052,0,27.243,0,4,0,0,0,0,0
2045602,0,0,0,0,4,1,2091.954152,7868.904676,1,692.702273,17.336,128.2504435,227.6742672,1,8.357,0,2,0,0,1,0,0
1747177,0,0,0,0,4,0,3298.782985,6815.710674,0,467.268042,23.038,253.5766974,931.6974934,0,6.735,0,5,0,0,0,0,0
746155,2,1,3,3,0,1,745.0067767,7476.415052,1,235.201937,51.469,100.7175592,631.3678232,1,43.069,1,1,1,0,0,0,1
2074122,1,0,0,0,3,0,1296.302757,5105.165093,0,145.232675,29.866,181.3514395,588.2963807,0,14.648,0,1,0,0,1,0,0
750278,0,0,0,1,0,0,586.978883,4973.721458,0,397.197324,20.554,108.2351541,3804.570171,0,8.932,0,0,0,0,0,0,0
2095977,1,0,2,0,2,0,790.405031,5783.629785,0,110.842399,27.992,65.25311751,1451.733405,1,46.735,1,2,0,0,0,0,0
785282,0,0,1,0,3,1,229.4841363,11033.26484,0,739.974533,24.255,52.08602853,5568.229018,1,13.924,0,3,0,0,0,0,0
837102,1,1,0,0,0,0,310.542566,14626.72399,0,66.133594,37.061,211.8011702,2903.300984,1,45.149,0,1,0,0,2,0,1
2104316,0,1,2,0,0,1,1418.231048,6563.33255,0,410.625765,24.295,74.70231943,689.7760192,0,7.97,0,5,0,0,0,0,0
2122813,1,0,0,2,2,0,1383.193974,10911.69641,0,119.42022,36.677,232.1379797,617.7696052,0,13.494,0,1,0,0,0,0,0
3218875,0,0,0,0,4,0,630.2785896,8886.964288,0,99.5475754,27.758,124.0186498,3607.114673,0,21.426,0,2,0,0,0,0,0
3279505,1,1,0,2,0,1,1070.946163,10009.27579,0,364.745316,41.511,3.555546097,839.9516126,0,15.629,1,2,0,0,0,0,1
3312687,2,0,1,0,3,0,521.4200532,3245.117822,0,550.985111,22.572,67.36420637,57.81309452,0,22.047,0,2,0,0,0,0,0
2157546,1,0,2,0,1,1,516.9252868,8954.127305,0,39.2543948,20.629,184.2694786,345.1551868,1,18.386,0,2,0,1,0,0,1
2162407,2,0,1,0,4,0,823.5227148,19613.95635,0,41.846024,22.928,49.68008463,674.2751504,0,28.245,0,2,0,0,0,0,0
1453375,0,0,1,0,4,0,562.3655628,7800.277592,0,221.945949,35.917,246.5284475,447.3227949,1,27.315,0,2,0,0,0,0,1
1612222,1,1,3,2,0,1,1131.400451,6980.7182,1,483.955147,25.114,191.9715877,7111.970913,0,7.571,0,4,1,0,0,0,0
2193759,1,0,0,1,4,0,314.2972852,2157.89908,0,263.757781,22.452,249.5488892,999.9210123,1,15.001,0,1,0,0,0,0,0
53958,1,0,0,0,3,0,1920.763633,5105.165093,0,196.683519,33.904,172.5687602,217.4881367,0,42.578,0,2,0,0,0,0,0
1707566,1,0,0,0,3,0,1481.805541,3872.848554,0,714.829234,23.356,465.357942,2674.131542,0,29.539,0,2,0,0,1,1,0
2211603,1,0,0,1,4,1,747.5672415,18384.89465,0,301.390006,29.231,36.30581714,1763.337057,1,22.939,0,1,0,0,0,0,0
2258876,0,0,2,2,3,0,404.928677,6039.371973,0,57.800539,23.951,101.864602,174.7871272,0,47.7,0,2,0,0,0,0,0
2273624,1,1,2,3,3,1,589.1051276,3403.060306,0,366.087451,25.212,124.1870782,2484.886908,1,9.156,0,3,1,0,0,0,0
1222394,0,0,0,0,2,0,1033.417273,7486.825895,0,47.534213,32.599,381.1230623,1872.339118,0,10.351,0,5,0,0,0,0,0
2276860,1,0,1,0,0,0,885.4145135,8811.762232,0,267.459956,33.642,122.0277348,170.4880532,1,9.26,0,3,0,0,0,0,0
1280757,0,0,0,0,4,0,308.7814534,8022.5848,0,663.377629,48.166,106.8100475,65.67532283,0,21.741,0,1,0,0,0,0,0
1374084,1,0,1,2,1,0,1032.953512,8554.837844,0,483.437834,23.771,126.3609645,815.5644085,1,37.724,0,4,0,0,1,0,0
2357702,1,1,0,0,3,1,783.3709516,12039.20995,0,367.705087,44.352,289.0846363,267.4960378,1,14.928,0,2,0,0,0,0,0
2442923,2,0,3,1,0,0,169.6954124,4185.973091,1,338.756717,32.148,42.42033981,802.5537069,1,12,0,2,0,0,1,0,1
2846617,0,0,0,0,2,0,799.5644553,4157.945287,0,156.107104,42.798,14.78592759,813.1848809,0,15.794,0,5,0,0,0,0,0
4135586,0,0,0,0,4,0,480.6423776,13437.45482,0,691.92339,39.067,68.99272064,1043.807895,0,23.921,0,2,0,0,0,0,0
2484912,2,0,0,0,0,0,636.9862676,13259.94682,0,259.175685,31.865,27.42326921,1562.298845,0,15.596,0,4,0,0,0,0,0
2501372,0,0,2,2,1,1,1971.908559,6488.921034,1,391.496366,14.054,12.54816887,1474.102118,1,7.886,0,1,0,0,1,0,0
4177199,1,0,3,2,0,0,1180.662228,3813.105758,0,77.4376385,16.807,87.90992681,12040.42169,1,16.178,0,1,0,0,0,1,0
2531704,0,0,2,2,2,0,2953.609616,4895.678169,0,229.821907,14.895,187.2109385,286.9824144,1,16.338,1,1,0,1,0,1,1
2705480,1,0,3,2,0,1,416.2363677,3649.654429,0,99.664129,28.719,100.095333,619.6669991,0,21.278,0,3,0,0,1,0,0
1762913,1,0,3,3,2,1,200.0624337,13137.09711,0,440.109714,33.868,72.8070127,230.026179,1,9.536,1,1,0,0,0,0,1
2554575,1,0,2,1,2,0,582.1293744,14488.19125,0,56.1485785,34.33,173.2098972,756.7560765,0,29.96,0,1,0,0,0,0,0
2564033,1,0,2,2,3,1,593.2674119,12100.34106,0,796.586698,26.954,178.1605827,682.5291604,0,23.465,0,1,0,0,0,1,0
2573238,2,0,2,0,2,0,483.7393186,4452.576373,0,289.780953,18.006,106.4673105,1006.518148,1,5.943,0,3,1,0,0,0,1
4667193,1,0,0,0,1,0,863.3914732,5705.69396,0,281.839514,12.707,91.02366153,5986.936587,0,16.3,0,5,0,0,0,0,0
2599620,0,1,0,0,0,0,799.5351239,8472.709381,0,278.87002,39.449,102.4718415,107.28118,1,24.682,0,3,0,1,0,1,0
2614689,1,0,2,2,0,1,687.4414643,14085.53698,0,543.941131,44.951,74.54673644,1231.003701,1,18.889,0,4,0,0,0,0,0
4964706,0,1,1,1,1,1,639.8392196,6672.11278,0,238.115333,22.588,94.57848352,980.3624218,0,12.914,0,5,0,0,0,0,0
4964984,0,1,3,2,0,1,1257.51285,9532.869438,0,348.508298,35.056,73.26263387,191.6192927,1,22.222,0,4,1,0,1,0,1
2676224,0,0,3,2,0,1,918.4735284,6980.7182,0,304.288411,21.699,148.0153834,7034.27501,1,14.437,0,2,0,1,0,0,0
5003965,2,0,2,2,4,1,117.3269242,3818.822068,1,180.768508,28.472,191.2427746,1273.972803,0,35.812,0,1,0,0,1,0,0
2723568,1,0,2,1,2,0,965.482094,5039.871123,0,241.701316,44.82,102.3798733,2918.743045,0,32.696,0,2,0,0,1,0,0
2106163,1,0,0,0,4,0,320.4412731,24953.67213,0,468.979169,35.34,156.6307861,364.0989378,0,32.394,0,2,0,0,0,0,0
4827042,1,1,3,2,1,0,954.6878102,2993.741956,1,111.551409,54.538,158.0157677,267.5697896,0,9.719,1,2,1,0,1,0,1
2741694,0,0,0,0,4,0,1308.968917,5112.914254,0,250.878933,13.32,118.5011019,7315.254843,1,4.327,0,2,0,0,0,0,0
5041498,0,0,0,0,0,0,790.3805387,6563.33255,0,231.242756,16.253,173.5437701,756.6572405,0,6.957,0,4,0,0,0,0,0
5126068,0,0,0,0,0,0,1143.192647,13191.40833,0,249.22626,39.859,30.7223774,884.3066162,0,20.135,0,5,0,0,0,0,0
2832646,0,0,0,0,3,1,667.3511122,7081.50832,0,630.045727,23.953,308.8444592,561.2614352,0,6.62,0,1,0,0,0,0,0
2854140,1,1,3,3,1,0,641.4743306,11432.8297,1,339.308634,32.525,179.4613809,848.6189232,1,25.793,1,2,0,1,0,0,1
5179243,0,0,0,0,1,0,515.2948371,18727.56318,0,497.700154,34.468,189.9287302,1613.174716,0,35.838,0,1,0,0,1,0,0
2909953,0,0,0,0,0,0,1892.790848,1925.477146,0,233.311829,24.254,159.9540063,738.2641351,0,7.674,0,5,0,0,0,0,1
2932205,1,0,0,0,0,0,626.8929574,13259.94682,0,253.271091,31.865,37.08594709,1573.355503,0,15.596,0,4,0,0,1,0,0
2940714,0,0,0,0,4,0,693.9442319,7349.727258,0,279.108557,30.279,57.18305888,9981.790789,0,10.174,0,1,0,0,0,0,0
2943429,0,0,0,0,4,0,545.5759765,10936.28932,0,401.802844,46.832,208.1871918,2205.325974,0,19.058,0,1,0,0,0,0,0
2545236,1,1,3,2,0,1,687.1821335,6657.329062,1,354.968518,34.473,199.766646,3824.580552,1,22.059,0,0,1,0,0,0,0
3123963,1,0,2,0,2,0,224.5621813,13642.22145,0,132.416892,35.08,146.7396373,774.512959,1,25.019,0,1,0,1,0,1,0
3169124,1,0,0,1,1,0,1066.669201,10912.20434,0,137.395195,29.988,114.9402099,577.074494,0,8.241,0,1,0,0,0,0,0
3218524,0,0,1,0,2,0,277.2107712,12511.25727,0,358.161792,14.595,80.58438591,1639.058513,1,33.511,0,2,0,1,0,0,1
3231746,1,0,3,2,1,1,417.0431709,11131.97235,1,507.100204,39.243,189.3603792,418.242158,1,37.546,0,2,0,0,0,0,0
5453306,1,0,3,2,2,0,933.4388377,8580.489868,0,188.234046,32.225,214.6309143,1247.986903,1,51.118,0,1,0,0,1,0,0
5489112,0,0,3,2,0,1,874.0044093,15017.28117,0,468.161001,35.758,93.18762542,174.0220507,0,22.8,0,0,0,0,1,0,0
3385021,2,0,3,1,1,1,968.0217876,4919.472139,1,187.74795,22.569,184.9791209,3158.657566,1,10.222,0,1,0,0,0,0,1
1348898,1,0,0,0,0,0,1016.572018,4587.054117,0,244.190416,18.932,271.4146321,3406.82348,0,33.571,0,2,0,0,0,0,0
3386371,1,1,3,1,1,1,870.1988157,6865.659875,0,224.39515,21.347,75.80385162,1392.679066,1,14.135,0,3,1,0,0,0,1
3396742,0,0,0,0,4,1,1502.612931,9532.869438,0,421.222071,37.111,72.64865449,364.2916613,1,43.244,0,4,0,0,1,0,1
5948484,1,0,0,0,4,0,2283.828593,3825.484456,0,392.402227,27.87,289.7019497,701.6814502,0,4.028,0,3,0,0,2,0,0
5964368,1,0,0,0,4,0,57.16129959,8903.364788,0,309.678232,32.547,39.43120603,965.3843079,1,5.847,0,2,0,0,0,0,0
3429402,1,0,1,1,1,1,48.64966123,8903.364788,0,309.109347,32.547,28.42277511,976.0300108,1,5.847,1,2,0,0,0,0,0
6257383,0,0,1,0,2,0,1788.215467,4185.973091,0,1079.15306,33.278,176.1701139,682.0332865,0,18.682,0,2,0,0,0,0,0
3490945,0,0,0,0,4,0,1486.702726,19686.08449,0,263.76526,26.662,9.297885907,783.5430372,0,31.043,0,1,0,0,0,0,0
3536875,1,0,3,3,1,1,1486.559473,14661.87745,1,249.530261,36.859,102.2906954,655.9406129,1,13.675,0,1,0,0,0,0,0
2161871,1,0,1,2,2,1,1224.625241,3110.457914,0,254.509012,15.422,73.50205177,5853.097283,1,18.168,0,1,0,0,0,1,0
3641820,0,0,0,0,2,0,1179.231908,5085.711608,0,665.89092,10.746,654.5325191,4426.431417,0,5.028,0,4,0,0,0,0,0
5757580,0,0,0,2,3,0,441.1472617,4150.157786,0,530.638527,20.138,172.9050467,2727.568593,0,17.36,0,5,0,0,1,0,1
183917,1,0,0,1,3,1,1697.146817,10911.69641,0,274.507923,36.677,190.2702719,202.5370549,1,13.494,0,1,0,0,1,0,0
3704690,1,0,3,0,0,0,1744.393002,4276.592356,0,147.728906,37.542,172.2201026,3617.730362,1,31.415,1,2,0,0,0,0,1
2688673,0,0,0,0,4,0,1246.496891,17400.59468,0,60.9673381,21.829,142.4465603,1693.583545,0,29.181,0,1,0,0,0,0,0
2688722,0,0,1,0,4,1,1007.661957,9816.115066,0,547.51041,39.932,130.446075,3189.337542,1,23.162,0,2,0,0,0,0,0
3722808,1,0,0,0,4,0,611.7207306,7657.778564,0,203.870332,53.31,60.20900826,1119.472498,0,17.433,0,1,0,0,1,0,0
624154,1,0,0,1,4,1,317.6587738,13354.40242,0,274.57148,27.24,249.4351091,1381.286207,0,8.261,0,3,0,0,0,0,0
752095,1,0,0,0,4,1,1351.277883,11324.21876,0,447.112064,15.376,181.3853368,746.3647293,1,14.112,0,3,0,0,1,0,0
3898363,1,0,0,0,4,0,586.3485851,17674.45883,0,270.989622,28.816,25.26039297,1317.263666,1,18.595,0,1,0,0,0,0,0
677410,0,1,2,0,3,0,699.0522483,7476.415052,0,413.555004,51.469,39.60127948,707.9352685,1,43.069,0,1,0,0,0,0,0
4047237,0,0,0,0,4,0,424.8655578,14292.86418,0,235.242019,36.372,140.4332736,439.1839976,0,39.957,0,3,0,0,0,0,0
356529,1,0,0,1,1,0,787.7271309,6822.979713,0,107.211838,27.515,240.17191,5116.060699,0,35.121,1,2,0,0,0,1,0
370011,1,1,2,2,0,1,334.8382438,18626.24874,1,98.4586094,23.307,197.6424462,2081.422304,1,37.698,0,2,0,0,0,1,1
381577,0,0,0,0,4,0,764.3915132,15557.16177,0,220.184594,62.774,234.8318166,657.1499651,0,22.512,0,2,0,0,0,0,0
4082763,1,0,1,1,4,1,344.1236978,18752.30452,0,325.266459,36.328,124.6248363,1402.380374,1,36.798,0,3,0,0,1,0,0
1798616,0,0,0,0,4,0,806.9625235,3649.654429,0,185.860377,28.719,178.8558885,770.9078614,0,21.278,0,3,0,0,0,0,0
495758,1,0,0,1,0,1,726.4362533,5344.928751,0,501.774122,39.368,69.32717685,2302.562845,0,17.58,1,4,0,0,0,0,0
688415,0,0,0,0,0,0,587.6380107,8472.709381,0,294.79866,42.259,72.79967208,191.1461669,0,34.37,0,0,0,0,0,0,0
1112813,2,1,0,0,0,0,1213.764724,8465.827825,0,243.635956,29.429,141.1080378,780.1798606,0,23.491,1,1,0,0,0,0,1
729750,1,1,3,3,0,1,654.529671,18787.59912,1,612.328039,44.052,82.13095486,395.1036089,1,37.267,0,2,0,0,1,0,0
3473056,0,0,0,0,4,0,399.4190345,4783.099864,0,456.2041,22.922,202.5231614,4623.257525,0,4.739,0,3,0,0,0,0,0
4177307,1,1,3,0,0,0,421.5187457,10125.07357,0,237.733303,28.193,103.795239,197.634497,1,36.046,0,0,0,0,0,0,0
989130,2,0,3,2,2,0,833.7320047,11332.24707,0,540.621614,31.453,233.0771045,889.6416224,1,29.885,0,2,0,0,0,0,0
841782,1,0,0,0,4,0,604.6527822,12955.00099,0,805.079253,35.741,174.2953918,786.9070754,0,24.312,0,1,0,0,0,0,1
844223,0,0,2,0,0,1,1396.196937,15818.35866,0,169.94794,77.145,201.2387607,413.5319936,1,20.839,0,2,0,0,0,0,0
847807,1,0,0,0,0,1,179.2421873,11777.31759,0,221.344197,26.464,114.132713,594.2322977,0,27.949,0,2,0,0,0,0,0
886652,1,0,1,2,0,1,477.5770357,14234.30532,0,137.53604,32.718,46.77505581,794.9593701,1,9.73,0,3,0,1,0,0,1
1050278,0,0,0,0,3,1,526.9999138,5363.273821,0,379.523033,25.042,73.62324758,1366.240472,0,31.74,0,2,0,0,0,0,0
1054390,0,0,1,0,4,0,484.844627,12504.9203,0,521.967677,26.805,152.5529822,202.0982128,0,50.095,0,1,0,0,0,0,0
1145939,0,1,0,0,3,0,561.1483937,4515.071727,0,149.534557,24.796,105.0491901,3030.104737,0,7.055,0,4,1,0,0,0,0
1147868,1,1,3,2,0,0,649.868034,23971.94796,1,273.16473,48.847,100.5533123,89.27670983,0,23.704,1,3,0,0,1,0,1
1809644,1,0,0,0,4,0,987.5813146,16609.09682,0,281.376842,25.27,74.86051304,766.0713878,0,24.102,0,2,0,0,0,0,0
1406472,0,0,0,0,4,0,787.738825,13354.04358,0,484.888002,19.651,54.71784447,716.528046,0,18.973,0,1,0,0,1,0,0
4344077,0,0,0,0,4,0,536.8920618,13007.95697,0,712.525006,36.402,31.71360343,452.2689742,0,17.492,0,1,0,0,0,0,0
1425513,0,0,0,0,0,0,1058.998136,9221.560721,0,209.89933,22.455,134.3376492,592.2579973,0,5.53,0,4,0,0,0,0,0
4465874,0,0,3,2,2,1,343.1551523,19176.12675,0,459.735697,32.866,96.91716561,595.2493707,1,13.294,0,1,0,0,0,0,0
2055150,1,0,3,2,0,1,2498.504505,4422.558511,0,429.111521,16.823,24.57951143,1534.923054,1,8.777,0,0,0,0,0,0,1
4507548,0,0,0,1,0,1,788.2082863,9275.440653,0,398.78311,30.872,153.9784629,587.0769659,1,22.203,1,2,0,1,0,0,0
6117434,0,1,0,1,0,0,623.0178623,4479.682856,0,624.806426,34.006,103.4097625,1237.110516,0,15.153,0,4,0,0,0,0,0
2186922,1,0,0,0,4,1,1804.82677,3835.305311,0,127.933099,22.667,40.17869351,2364.050937,0,29.43,0,1,0,0,0,0,0
2211617,1,0,0,0,2,1,1314.487162,7791.640058,0,309.328672,42.469,173.9995622,188.3407925,0,8.667,0,5,0,0,0,0,0
4573564,1,1,3,2,1,0,1736.832591,10363.94058,1,235.625742,16.524,218.4178058,148.7592472,1,33.12,0,1,0,1,0,1,1
1953542,0,0,0,0,4,0,218.6782675,14640.87742,0,284.879507,41.718,73.23248894,2484.680265,0,28.103,0,1,0,0,0,0,0
2405485,1,0,1,0,1,0,1232.291449,14555.79984,0,313.167797,33.492,174.8131657,191.4898744,0,41.706,0,3,0,0,0,0,0
2521456,1,1,2,2,0,1,1064.318568,4857.375904,0,136.86872,14.226,138.2101999,5185.212319,0,16.556,0,1,0,0,0,1,1
2716708,1,0,0,0,4,0,435.5626422,13120.68296,0,338.725732,56.054,114.2334894,2053.55084,0,22.028,0,3,0,0,0,0,0
1427905,0,0,0,0,4,1,327.6830538,18057.55557,0,423.562036,38.304,68.36517991,861.1852082,0,32.255,0,1,0,0,0,0,0
1436291,0,0,0,0,3,0,284.9219019,13342.86873,0,719.156418,33.984,85.82164595,3238.903653,0,34.282,0,2,0,0,0,0,0
1625174,0,0,1,2,3,1,1093.748819,21416.04743,0,446.499242,39.314,221.4408765,324.432912,1,12.798,0,1,0,0,0,0,0
6225960,0,0,0,1,3,0,1481.697765,15434.02931,0,349.331679,26.157,402.7893089,3855.471118,0,14.978,0,2,0,0,1,0,0
1626091,0,0,0,0,3,0,609.8381569,7760.734499,0,134.404071,44.706,81.84191276,1741.816202,0,18.848,0,2,0,0,0,1,0
6230761,2,0,0,0,0,0,396.9449226,8030.350212,0,232.17127,19.154,248.1454938,589.6697916,0,33.761,0,2,0,0,1,0,0
2361317,0,0,3,2,1,0,839.1398342,8554.837844,1,241.750239,32.212,165.4656952,1143.074286,1,35.516,0,0,0,0,1,0,0
3565396,0,0,2,2,0,1,1088.943137,17316.74688,1,269.901061,35.012,197.8624177,1104.59304,1,28.46,1,4,0,0,1,0,0
4947517,0,0,0,0,2,0,706.3539225,15242.7494,0,310.417147,41.33,410.5159508,862.0916931,0,11.815,0,1,0,0,1,0,0
1726537,0,0,2,0,0,1,1029.086077,22000.42763,0,33.7045421,49.045,129.0862849,819.0743949,1,20.779,0,1,0,0,0,0,0
4310962,0,0,0,0,3,1,1391.62124,7486.825895,0,148.786926,32.599,97.76615455,1492.324437,1,10.351,0,1,0,0,0,0,0
4653152,0,0,0,0,0,0,504.5857171,6956.920627,0,561.082016,38.235,171.2675695,1928.848724,0,15.262,0,2,0,0,0,0,0
4997330,1,0,0,0,0,1,2267.555966,462.0366301,0,1546.93511,19.582,60.95875025,5050.682078,0,19.839,0,3,0,0,0,0,0
4977515,1,0,0,0,0,0,719.4532005,8088.881114,0,32.5498747,25.141,164.3504388,750.9398698,0,20.796,0,2,0,0,0,0,0
1770543,0,0,0,0,4,0,214.3768125,16156.90885,0,176.650137,30.601,79.71049001,1614.695616,0,22.402,0,1,0,0,0,0,0
2153425,1,0,1,0,1,0,150.5186856,26295.25197,0,718.116144,40.802,157.9537468,159.5615026,0,38.062,0,3,0,1,0,0,0
320683,1,0,0,0,0,0,1530.0266,16439.85416,0,145.253851,40.796,159.0145123,1003.874316,0,32.853,0,2,0,0,0,0,0
5052022,0,0,3,2,0,1,2639.737029,7780.367111,1,263.959162,23.485,149.7986197,2149.011172,1,19.365,0,0,0,0,1,0,0
5063312,2,0,3,2,0,1,3224.65424,4615.4919,1,405.764619,22.877,72.51678269,1170.658595,0,32.404,1,2,0,0,1,0,0
5101991,1,0,3,2,0,1,336.8615868,17467.71733,0,139.070212,28.134,158.2448049,748.2691276,1,33.321,0,2,0,0,2,0,0
5430085,1,0,2,0,0,0,316.7531587,13838.7836,0,77.3079736,37.509,192.0709102,220.4057815,1,15.832,0,1,0,0,0,0,1
5104011,1,0,1,1,0,1,509.1319818,17843.01487,0,277.623016,35.298,145.0734077,547.7819141,1,34.249,0,2,0,0,1,0,0
5104757,0,0,2,2,1,1,1608.469411,9105.331262,0,239.980971,23.366,191.5031616,650.1971221,1,21.572,0,2,0,0,0,0,0
2385449,1,0,0,1,3,0,1077.157752,10283.01142,0,197.10276,35.829,209.9174862,3332.273098,0,46.641,0,1,0,0,1,0,0
6650807,0,0,0,0,4,0,873.3160811,8686.46086,0,674.479056,44.133,161.4919269,3560.496659,0,12.812,0,1,0,0,0,0,0
2733802,0,0,0,0,4,0,2312.796865,6038.98984,0,478.291707,25.698,45.71662336,434.2231222,0,10.294,0,3,0,0,0,0,0
2159194,1,0,0,0,2,0,1399.636034,7711.137594,0,491.551045,29.84,310.1863334,250.8755735,0,25.222,0,2,0,0,0,0,0
5132083,0,0,0,0,4,0,290.1770556,7800.277592,0,146.274455,35.917,28.12141254,215.4501677,1,27.315,0,1,0,0,0,0,0
6424987,0,1,1,0,2,0,412.665166,13120.68296,0,316.529473,56.7,222.6613792,2705.22912,0,22.363,0,3,0,1,0,0,0
6425133,1,0,2,1,4,1,591.1374679,11978.70502,0,264.617853,33.191,303.2052067,507.6868858,1,37.205,0,1,0,0,1,0,0
6262145,1,0,0,0,0,0,1577.345395,4694.628837,0,209.805631,21.602,183.0127655,797.6317265,0,7.078,0,4,0,0,0,1,0
3187826,1,0,0,0,3,1,762.2676593,9923.038077,0,194.297566,48.813,305.9842117,2945.433,1,13.041,0,4,0,0,0,0,0
3542776,2,0,2,2,0,0,1506.897353,5996.563826,0,51.0053788,23.529,261.6592747,2569.068165,1,27.835,1,2,0,0,0,1,0
4220341,1,0,0,0,4,0,530.893556,13747.68423,0,207.148688,48.228,139.8680039,1302.928144,0,10.639,0,2,0,0,0,0,1
6431532,1,0,0,0,4,0,2340.487791,2740.524406,0,518.167565,37.638,150.1742927,212.6728467,0,21.45,0,2,0,0,0,1,0
455920,0,0,0,0,4,0,483.2378484,19927.47432,0,242.821525,35.169,267.1983928,883.0400328,0,27.603,0,1,0,0,0,0,0
526248,1,0,3,2,3,1,1747.993495,17375.2345,0,531.470911,31.775,147.8584549,336.6992163,1,30.706,0,1,0,0,0,0,1
1134572,1,0,0,0,3,0,861.2750839,12716.89466,0,219.537976,30.553,55.84380114,3821.836976,1,30.525,0,2,0,0,0,0,0
1269777,0,0,2,2,2,1,749.8921211,18216.13807,0,117.428821,21.761,205.9811801,2084.919002,1,34.2,0,1,0,0,0,0,0
2761473,0,0,0,0,3,0,1118.253872,6721.806,0,165.230225,31.27,97.47124334,437.3502407,0,9.924,0,1,0,0,0,0,0
1701908,1,0,3,2,2,0,1323.990502,13896.49639,0,242.478727,38.201,216.2907883,866.254386,0,26.667,0,1,0,0,0,0,0
2771894,1,0,0,0,4,0,1144.87104,16767.02606,0,195.156574,32.002,223.1529139,576.5317474,0,32.679,0,2,0,0,0,0,0
1626313,1,0,2,0,1,0,579.2940353,4938.112579,0,413.891476,38.35,30.93849391,1565.582911,1,26.188,0,2,0,0,0,0,0
5154097,0,0,2,1,4,0,1766.121903,8426.607081,0,246.419454,16.37,173.3025871,2599.513364,1,25.032,0,2,0,1,0,0,0
2452342,1,0,0,0,4,0,301.5021607,17548.72222,0,394.191224,21.055,103.2135381,261.2845374,1,17.855,0,1,0,0,0,0,0
1078396,1,1,0,1,2,1,2493.59984,5681.227629,0,169.894785,32.937,107.937913,768.0120709,1,14.079,0,1,0,0,1,0,0
5934301,0,0,0,0,4,0,1133.764122,13496.89675,0,61.5135566,26.864,130.292523,320.342542,0,29.919,0,1,0,0,1,0,0
5163798,1,0,0,0,0,0,243.7217202,18398.65703,0,300.269407,36.588,143.5241615,225.6390292,0,39.897,0,3,0,0,0,0,0
6655412,2,0,3,3,0,1,148.1491532,10797.26624,1,404.562493,41.14,43.84572108,985.4136146,1,39.931,1,2,0,0,1,0,1
2799264,2,0,0,1,3,0,946.6381043,6460.884933,0,602.47978,32.714,99.55307986,2586.792994,1,31.206,0,3,0,1,0,0,1
6668859,1,0,0,0,4,0,376.4786466,11777.31759,0,94.6417342,26.464,307.7007372,734.5394131,0,27.949,0,2,0,0,0,1,0
6656520,0,1,0,0,0,1,117.7565177,14769.23571,0,120.317812,38.39,64.15262315,128.9563282,1,39.632,1,0,0,0,0,0,1
6657550,0,0,2,0,1,0,1240.216997,16497.29862,0,22.113584,32.579,212.4137322,740.039808,1,31.028,0,1,0,0,1,0,0
5167060,1,0,2,1,0,0,1281.512714,16439.85416,0,191.701619,47.313,206.3231682,1298.349404,0,22.583,0,0,0,0,0,0,0
5167234,0,0,0,0,0,0,592.9376394,12504.9203,0,328.104838,44.516,16.55749794,184.9002518,0,29.977,1,1,0,0,0,0,0
6660913,1,0,1,2,1,0,910.1762923,8580.489868,0,175.235005,32.225,211.6322537,1268.07397,1,51.118,0,1,0,0,0,0,0
2473045,0,0,0,1,4,1,1345.855775,6255.728296,0,236.846447,21.637,257.0691252,588.3626223,1,7.581,0,2,0,0,0,0,0
6665032,1,0,2,1,2,1,2600.09041,4862.037107,0,13.0750476,15.493,50.43722892,24.51612739,1,28.627,0,2,0,0,1,0,1
6665955,1,1,0,0,4,0,613.764871,6738.976905,0,193.790511,22.402,177.3989499,3918.554153,0,18.608,0,1,0,0,0,0,0
6670742,0,0,0,0,2,0,918.3741615,4276.592356,0,142.103623,19.272,228.8423109,3196.239408,0,35.997,0,2,0,0,1,0,0
5133011,1,0,2,1,0,0,49.10233035,18539.87924,0,114.494027,31.573,51.50460925,795.3675286,1,14.937,0,0,0,0,0,0,0
2946774,1,1,0,0,4,1,411.8614207,17467.71733,0,414.506275,38.07,193.4811869,275.4711329,0,33.51,0,3,0,0,0,0,0
2165665,0,0,0,0,0,0,1217.285006,13767.77531,0,618.944786,33.192,54.41232927,143.5653626,0,13.315,0,3,0,1,0,0,0
2480963,0,0,0,0,4,1,664.4687522,8657.310641,0,124.172423,38.507,199.6894146,102.8504165,0,30.289,0,3,0,0,0,0,0
6676335,1,0,0,0,3,0,838.0370722,16831.2794,0,181.273301,36.146,61.20809115,831.1615045,0,28.195,0,2,0,0,0,0,0
6269036,0,0,0,0,4,1,1828.60122,2945.679557,0,211.925619,21.151,26.50933325,390.9281845,1,7.608,0,2,0,0,1,0,0
1586127,0,0,1,0,2,1,243.3509201,19631.05917,0,250.326662,29.454,198.5752355,402.8856989,1,23.954,0,1,0,0,0,0,1
2847807,0,0,0,0,1,0,492.5292242,4501.207799,0,556.744013,15.546,267.3146544,2456.80052,0,30.759,0,5,0,0,0,0,0
6274344,2,0,3,2,3,1,503.9078885,5229.977457,0,442.505183,37.731,49.44093814,4282.343409,0,22.402,0,2,0,0,0,1,1
5194700,0,0,2,1,1,0,275.5372567,18998.51106,0,396.44824,26.471,197.795805,208.4845227,0,29.94,0,1,0,0,0,0,0
6686508,1,0,0,0,0,0,795.6127513,6355.894962,0,51.7949905,20.815,30.29724046,738.7776823,0,43.208,0,0,0,0,1,0,0
6695402,1,0,0,0,3,0,1160.231014,4498.048674,0,36.5958436,21.5,304.0890163,724.5137256,0,6.975,0,5,0,0,1,0,0
55584,0,0,0,1,2,0,1215.420979,3081.974693,0,153.840831,33.822,345.2402999,1315.383606,1,27.211,0,1,0,0,0,0,0
6695875,1,0,0,0,1,0,1058.380273,4222.240288,0,542.295326,22.483,362.7614969,5679.101684,0,47.689,0,3,0,0,0,0,0
6700453,1,0,1,1,4,1,467.7646931,13137.09711,0,604.652285,33.868,94.74676513,354.835934,1,9.536,0,0,0,0,0,0,0
2852155,0,0,0,0,4,0,1751.52469,3776.140461,0,395.257985,25.196,14.59227838,2302.23526,0,13.493,0,2,0,0,0,0,0
6705835,1,0,2,2,3,1,36.3604855,7418.083695,1,625.948771,37.92,90.94053641,3211.923208,1,10.215,0,1,0,0,0,0,0
6712197,1,0,3,2,2,1,2208.30601,3771.582545,1,394.840775,16.594,121.3763189,2451.786328,1,33.572,0,1,0,0,0,0,0
6721069,0,0,2,1,0,0,667.7657493,8903.364788,1,357.142303,22.204,116.7363566,923.522186,1,9.054,1,2,0,1,0,0,1
6722486,1,0,0,0,3,1,199.1597774,16509.65958,0,371.254837,36.541,89.65049153,1026.570277,0,37.728,0,1,0,0,1,0,0
2859621,0,0,0,0,0,0,1547.914216,2332.145564,0,761.797071,7.948,52.00090728,1263.0363,0,10.411,0,5,0,0,0,0,0
6727406,1,0,2,1,0,1,1675.185072,4276.592356,1,234.644247,28.202,97.29132045,3612.938595,1,21.091,0,2,0,0,0,1,0
6728255,1,0,2,0,1,0,530.1598498,6216.781221,0,155.947453,16.08,106.727206,4089.284359,1,17.549,0,2,0,0,0,0,0
5313681,0,0,1,1,2,0,796.5428197,4019.92398,0,425.046675,19.486,172.9981734,4759.961609,1,19.716,0,3,0,0,0,0,0
1651289,1,0,2,2,0,0,1024.57101,8059.811278,0,68.7325157,36.74,185.2192393,3778.183935,1,30.519,0,2,0,0,0,0,0
6242985,1,0,0,0,4,0,835.6576243,11092.14226,0,113.070573,48.538,398.3062604,3400.939499,0,14.511,0,2,0,0,0,1,0
5224662,2,1,2,0,1,1,12.17142296,546.5536138,0,334.807058,35.879,29.48818698,3165.288598,0,42.821,0,5,1,0,1,0,0
2293708,0,0,0,0,4,0,404.0316153,13439.20535,0,480.389472,35.623,143.765131,2697.024841,0,33.95,0,1,0,0,0,1,0
1160190,0,0,0,0,3,0,227.0119192,13342.86873,0,684.295328,37.09,22.56221602,2641.999929,0,26.872,0,3,0,0,0,0,0
145925,1,0,3,1,0,0,177.5587837,17467.71733,1,572.255926,29.839,44.69767774,754.4922882,0,26.952,0,2,0,0,0,0,0
2048864,0,0,0,0,4,0,851.3014755,4694.628837,0,56.8067077,26.9,212.4212664,1138.378437,0,8.506,0,2,0,0,0,0,0
2553047,0,0,0,0,0,1,604.4533968,9175.515166,0,543.417102,13.687,74.81457806,390.2778058,1,7.917,0,1,0,0,0,0,0
2898960,1,0,1,0,4,0,663.5197151,4149.916249,0,337.851949,25.487,53.66989608,1695.084336,0,11.265,0,1,0,0,0,0,0
6544746,1,0,3,3,1,0,449.0649121,14771.1909,0,566.868371,39.32,66.14935611,376.1991777,1,35.865,0,1,0,0,0,0,0
1334141,1,0,0,0,4,1,310.4283853,23368.38971,0,165.389544,55.663,40.08165714,394.0306081,0,22.737,0,2,0,0,1,0,0
2228922,0,0,0,0,4,0,445.558123,7574.42319,0,51.0586954,32.789,109.6116964,7812.936656,0,14.52,0,1,0,0,0,0,0
6557462,0,0,0,0,4,0,1398.817164,15802.25952,0,299.976436,41.223,207.0467189,1605.203342,0,20.494,0,1,0,0,0,0,0
2910730,0,0,1,0,2,0,1657.470915,16249.82582,0,737.135596,31.439,206.1414766,306.3582372,0,22.065,0,2,0,0,0,0,0
670269,1,0,0,0,1,1,1963.967122,1426.001135,0,693.338553,16.038,12.2921488,22.15099588,1,12.172,0,2,0,0,0,0,0
5414024,1,0,1,1,0,1,492.0552237,4917.830496,0,193.93863,38.75,97.35564765,315.6587875,1,17.25,0,0,0,0,0,0,0
5303356,0,0,0,0,4,0,922.6965045,4694.628837,0,106.475553,26.9,172.1296193,1076.210447,0,8.506,0,5,0,0,0,0,0
2617488,1,0,2,2,2,1,2611.395466,3471.578749,1,284.150842,16.028,36.82016837,1195.969232,1,7.222,0,0,0,0,0,0,1
5560644,0,1,2,1,0,0,482.2219956,14771.1909,0,408.835589,31.908,134.8545084,369.2977348,1,12.278,0,4,0,0,0,0,0
600971,1,0,2,0,1,0,522.8243217,14588.39366,0,406.4269,33.213,132.4057932,819.7347046,0,23.338,0,1,0,0,0,0,1
4048028,2,0,3,1,0,1,586.8344923,20096.63077,0,214.551863,33.269,196.377771,701.9270903,1,35.167,1,1,0,1,0,0,0
4444767,1,1,2,2,0,1,468.4465619,11330.09126,1,395.373182,43.559,386.8719157,582.1083492,0,16.265,1,2,1,0,0,0,1
6568212,1,0,1,2,3,0,577.6266485,10278.41835,0,288.54731,25.865,33.0413369,818.4553966,1,17.726,0,1,0,0,0,0,1
6580119,0,0,0,0,0,0,779.7846834,20127.95085,1,73.8110036,39.957,55.44684958,190.1479891,0,40.501,0,0,0,0,0,0,0
2940904,1,0,1,1,2,0,197.3816968,18240.64627,0,276.044946,29.929,72.95074787,1118.331552,1,9.126,0,1,0,0,0,1,0
5833805,0,0,0,1,0,1,715.084871,15063.78149,0,83.4250886,32.215,269.1087787,856.8705581,1,39.212,0,1,0,0,1,0,1
5316769,1,1,2,2,3,1,327.8063325,24215.68766,0,80.9467552,65.799,159.7037356,300.2967818,1,15.339,1,1,0,0,0,0,1
6392043,0,0,0,0,4,0,1005.510143,13767.77531,0,83.0880761,26.663,14.46333811,990.1137533,1,16.141,0,1,0,0,1,0,0
6497363,1,1,1,2,0,1,451.0329418,4498.048674,0,204.368237,25.647,114.3626384,1176.356186,1,13.226,0,2,1,0,0,0,0
1998698,0,0,0,0,1,1,1285.461926,5595.56424,0,232.668253,35.237,28.1912423,6359.349928,1,9.456,0,1,0,0,0,0,0
2655902,0,0,0,0,0,0,885.5401942,6196.876215,0,119.273503,29.345,153.9749421,3250.113263,0,11.532,0,1,0,0,1,0,0
1273581,2,0,0,0,1,1,454.2698221,18787.59912,0,40.1195115,54.406,405.1415365,621.4412614,1,36.699,0,2,0,0,0,0,0
5367097,0,1,1,2,0,0,2248.405067,5633.205071,0,656.111199,21.916,120.609145,606.0334638,0,10.273,0,3,0,0,0,1,0
358373,0,0,0,0,3,1,186.933119,16926.93234,0,221.823875,34.777,85.15623058,379.969019,0,27.096,0,1,0,0,0,0,0
479608,1,0,2,1,0,1,985.3137117,10278.41835,0,413.687457,35.955,76.44044354,605.0273863,1,18.546,0,0,0,0,0,0,0
1229362,0,0,0,0,4,0,612.2817517,18787.59912,0,570.128075,44.052,66.32855951,348.3176904,0,37.267,0,1,0,0,0,0,0
1713028,1,1,3,2,0,0,502.9036431,6892.788945,0,228.153676,16.933,86.42394558,795.0598524,0,12.26,0,0,0,0,0,0,0
2651827,0,0,0,0,3,0,640.0771927,13439.20535,0,93.0185293,37.975,114.4643803,3106.292646,0,34.988,0,3,0,0,0,0,0
5352773,1,0,0,0,3,0,3314.182228,6038.98984,0,197.382412,23.489,168.1570053,1418.182217,0,7.725,0,4,0,0,0,0,0
2205331,0,0,0,0,4,0,1196.296977,6286.731249,0,459.625335,17.908,210.4911627,2059.250683,0,20.973,0,1,0,0,0,0,0
5353714,0,1,1,0,0,0,1003.198386,11332.24707,0,191.960594,43.684,115.1326335,138.6400869,0,17.234,0,1,0,0,0,1,0
5358853,0,0,0,0,3,0,460.7785449,13137.09711,0,63.390494,14.835,165.1444631,137.3614115,0,11.81,0,1,0,0,0,0,0
6637521,1,0,3,2,3,1,2926.95422,9019.578305,0,146.176782,27.953,84.86697373,3491.132152,1,17.74,0,1,0,0,0,0,1
5366293,0,0,0,0,4,0,1349.031002,1721.568825,0,63.1281057,32.594,67.31830388,1255.162249,0,24.975,0,1,0,0,0,0,0
1169883,1,1,0,0,1,0,1465.325832,6865.659875,0,250.42622,32.836,109.4945619,1779.768332,0,19.747,0,4,0,0,0,0,0
90424,1,0,3,2,0,1,1243.130371,13191.40833,0,345.464492,39.859,103.3051678,784.0258698,1,20.135,0,2,0,1,0,1,0
96499,0,0,0,0,4,0,305.6109777,8088.881114,0,455.947336,44.659,45.43132095,318.3631289,0,28.226,0,2,0,0,0,0,0
131821,0,0,0,0,4,0,826.5972661,6415.640093,0,158.793484,23.791,112.5439757,1962.74034,0,22.167,0,2,0,0,1,0,0
132219,1,0,1,1,4,0,275.9965334,9926.095678,0,331.814049,45.328,176.7931384,20.03694433,0,23.436,0,1,0,0,0,0,0
291342,1,0,3,2,1,1,1023.876793,6745.859445,1,117.441948,22.336,23.00777289,2225.513259,1,13.552,0,3,0,0,1,0,0
5415929,0,0,0,0,1,1,1579.618527,12499.52782,0,487.042622,19.173,75.08795013,654.8197737,0,26.263,0,2,0,0,0,0,0
5417603,1,0,2,1,2,1,1254.543273,5239.821087,0,273.712606,17.632,252.8276264,7319.847652,1,12.878,0,1,0,0,0,1,0
370892,2,0,1,0,2,1,128.1618129,8030.350212,0,137.785053,26.822,120.3306805,319.8174212,0,11.694,0,1,0,0,1,0,0
406536,1,0,2,3,3,1,1505.267989,9111.954539,1,397.675941,30.132,225.8358525,1061.955994,1,20.304,0,1,0,0,0,0,0
1183092,1,1,3,0,1,0,1573.783322,4988.619499,0,381.523482,18.56,35.99071058,2426.739212,1,23.695,0,1,0,0,0,0,1
2216542,0,0,0,0,4,0,1225.997672,10009.27579,0,110.313158,48.083,23.55906243,831.0079571,0,12.302,0,0,0,0,0,0,1
425430,0,1,2,1,2,1,817.225999,8381.251999,0,174.04368,34.595,171.4318098,2116.313037,1,19.668,0,1,0,0,0,0,1
1382801,1,0,0,0,4,0,74.82046789,12150.01553,0,228.098857,31.59,84.27429608,1437.077238,0,27.067,0,2,0,0,1,0,0
427025,0,0,2,2,0,0,542.2572634,22222.88999,0,184.15695,26.743,46.72727656,3014.474087,0,36.826,1,1,0,0,0,0,0
433588,1,1,1,1,2,1,618.9735933,5610.483649,0,290.802387,29.971,7.695368055,1252.92765,0,16.271,0,1,0,0,0,0,0
453348,1,0,1,0,0,0,209.0317083,12975.57901,0,404.546923,38.54,166.8386513,1643.894054,1,20.574,0,1,0,0,1,0,0
6725074,1,1,3,2,0,1,1188.25429,15802.25952,1,304.788825,47.215,207.1381164,1579.868888,0,19.316,1,2,0,0,0,0,1
454783,1,0,0,0,4,0,883.1730639,15536.23889,0,89.3043057,46.569,28.50840521,963.4177417,0,35.754,0,2,0,0,0,0,0
459750,2,0,0,2,0,1,1497.013713,11623.16617,0,425.326741,35.92,17.05251776,1403.896018,0,37.186,0,2,0,0,0,1,0
5449989,1,0,2,1,2,1,478.5726279,8030.350212,1,159.381105,19.154,84.89487106,430.481985,0,33.761,0,0,0,0,0,0,0
494703,1,0,0,0,4,0,1406.56429,18040.94673,0,355.871141,29.686,22.25798974,414.5308511,0,27.715,0,2,0,0,0,0,0
501850,1,0,3,3,1,1,562.9087293,17487.03123,0,242.742532,44.237,8.362090775,1962.292283,1,32.142,0,0,0,0,0,0,1
503455,1,0,2,2,0,1,406.2647637,11432.8297,0,82.7319254,46.387,49.0320376,648.5722072,1,22.25,0,1,0,0,2,0,0
543197,0,0,0,0,2,0,569.0001422,18856.51351,0,245.541133,41.005,237.4531801,489.5951691,1,28.349,0,1,0,0,0,0,0
16361,2,0,0,0,1,0,1915.137025,7437.780207,0,378.828865,28.127,116.9362079,318.8834249,1,15.472,0,2,0,1,0,0,0
5488603,1,1,1,2,0,1,999.6012977,14031.35548,1,459.829726,58.437,256.9802349,467.9679453,1,47.473,1,2,1,0,0,0,0
584122,2,0,0,0,4,0,381.3208401,5020.3057,0,366.791919,31.123,201.0333857,3682.61366,0,13.453,0,2,0,0,0,0,0
54310,0,0,0,0,0,0,404.2675396,18398.65703,0,233.960853,41.603,398.6065549,199.6471252,0,16.599,0,1,0,0,0,0,0
90525,1,0,3,2,3,0,327.8112433,21584.08517,1,592.807435,36.243,249.5141141,209.1955621,1,40.543,0,2,0,0,1,0,0
99805,1,0,2,0,2,0,1202.297767,3953.230127,0,156.47296,23.868,302.8688317,1514.783893,1,23.875,0,2,0,0,0,0,1
1185388,1,0,0,0,4,1,821.6673415,9585.009805,0,428.990894,24.226,172.7385178,1297.298583,1,15.645,0,2,0,0,0,0,0
388405,0,0,0,0,4,0,1198.890529,17976.74884,0,547.956464,31.45,100.8590986,330.0478062,0,36.783,0,1,0,0,0,0,0
388741,0,0,0,0,3,0,318.2629891,13640.22071,0,469.173963,35.343,116.7404138,2777.655204,0,31.365,0,2,0,0,0,0,0
816053,1,1,3,3,0,1,692.6816547,8802.092707,0,160.446636,29.568,163.6735032,2438.099148,1,22.223,1,2,0,0,0,0,0
848402,1,0,0,2,3,0,63.00830498,16046.72674,0,38.1235376,34.366,72.00389174,2391.045445,1,32.543,0,4,0,0,1,0,0
5529861,0,1,0,0,2,0,385.1773728,12150.01553,0,98.4438338,39.938,170.3205933,769.8803965,0,25.963,0,1,0,0,0,0,0
404214,0,0,0,0,4,0,481.9559923,1500.111374,0,190.29622,26.206,181.2877251,6464.150612,0,7.241,0,2,0,0,1,0,0
927269,1,0,0,0,0,0,1535.557012,21912.76805,0,291.630795,23.234,135.3037751,207.5487276,0,8.22,0,2,0,0,1,0,0
1780864,1,1,0,1,1,0,2804.067132,4328.661349,0,751.522148,16.459,129.879869,2415.08585,1,15.825,0,1,1,0,0,0,0
1099074,0,0,0,2,2,0,324.9760051,18269.0736,0,563.90624,26.34,85.11987654,509.4862411,0,22.321,0,2,0,0,0,0,0
1115892,0,1,2,2,4,1,802.9689821,7711.137594,0,246.734735,23.986,139.6824216,492.0920551,0,21.12,0,1,0,0,0,0,0
1148158,1,1,1,0,0,1,195.6251542,8789.90025,0,423.942114,29.433,166.4346529,5408.758158,1,8.24,0,2,1,0,1,0,0
1153561,0,0,2,1,1,1,467.4822013,15751.80462,0,114.043783,26.288,187.8320959,789.0557921,1,31.573,0,2,0,0,0,0,0
5251725,1,0,0,1,4,0,490.5633012,14122.29472,0,120.3543,27.529,72.03176117,464.1232889,0,24.274,0,1,0,0,1,0,0
1155458,2,0,2,2,2,1,414.847815,2276.022388,0,476.368889,9.611,133.4930494,7112.920589,1,12.713,0,2,0,0,0,1,0
1170768,1,1,0,0,0,0,774.5061574,6571.545047,0,686.227088,21.85,115.7974239,3769.259079,0,15.297,0,3,0,1,0,0,1
816478,1,0,0,0,1,0,164.6949237,7476.415052,0,67.0527971,43.131,85.71653064,855.9221967,0,36.268,0,1,0,0,1,0,0
1509877,1,0,2,2,2,0,598.1482768,13838.7836,0,349.491056,37.509,92.7115686,100.9211161,0,15.832,0,3,0,0,1,0,0
1862965,0,0,0,0,4,0,534.9893295,15448.31668,0,515.633299,32.164,187.723241,542.3203272,1,31.66,0,1,0,0,0,0,0
5572718,1,0,1,1,0,1,781.5489115,9754.856248,0,538.598964,27.801,98.5531301,4346.273969,1,24.895,0,2,0,0,0,0,0
714624,1,0,0,0,0,1,799.8900229,11777.31759,1,210.291263,42.095,103.3713865,415.2606453,1,20.924,0,3,0,0,0,0,0
725746,1,0,0,2,0,0,345.463956,14969.07592,0,56.2079957,34.962,175.7986581,624.3311355,1,37.906,0,1,1,0,0,0,0
5575217,1,0,2,2,2,1,762.6099285,5320.666437,0,967.300994,32.745,145.3885742,5965.513221,1,18.65,0,2,0,0,0,0,0
1278040,1,0,1,1,3,1,368.1148493,1386.002556,0,52.7964852,20.896,14.76189518,3816.988521,1,17.286,1,3,0,0,0,0,0
930684,1,0,3,0,0,1,416.6883464,17723.6284,0,278.533011,24.564,185.5108318,349.4336618,1,41.111,0,3,0,0,0,0,0
5616918,1,0,1,0,3,0,299.9287756,7657.778564,0,152.098072,40.904,68.53223802,806.7169853,0,11.738,1,3,0,0,0,1,0
1363922,1,0,3,0,1,0,1706.359617,4276.592356,0,263.03132,28.202,77.67181458,3623.038534,1,21.091,0,1,0,0,1,0,0
5633965,0,0,0,0,0,0,1226.15728,10763.84721,0,461.045712,33.415,219.7734622,628.9638587,0,12.786,0,4,0,0,0,0,0
1012061,1,0,0,1,4,1,531.3263937,18848.20541,0,551.175538,65.015,63.33882437,368.2816631,0,25.455,0,2,0,0,0,0,1
1021014,1,0,0,1,0,0,1194.259861,3649.654429,0,295.738218,23.239,107.3152467,463.7672236,0,32.662,0,1,0,0,0,0,0
1032344,0,0,0,0,4,0,705.0686739,13539.42283,0,108.862409,41.62,185.863339,2437.973825,0,13.523,0,2,0,0,0,1,0
1046785,0,0,0,1,0,0,254.2111813,3649.654429,0,1153.18523,45.732,20.60721465,1149.160428,1,32.021,0,2,0,0,0,0,0
1049307,0,1,2,1,1,0,845.7281055,5389.134957,0,249.047303,25.324,233.5835064,8218.575503,0,33.421,0,3,1,1,0,0,0
1051444,1,0,0,0,2,0,202.8160915,14389.57353,0,110.246375,45.176,64.89741133,91.41090355,0,34.093,0,3,0,0,0,0,0
1053736,1,0,2,2,4,1,517.9522891,9175.515166,0,390.65444,13.687,43.51815642,68.56425443,0,7.917,0,1,0,0,0,0,0
1058595,0,0,0,1,4,0,991.7690357,14085.53698,0,393.077623,34.467,290.3831322,576.4250901,0,13.703,0,2,0,0,1,0,0
1106613,1,0,0,0,1,0,909.2100563,6681.076597,1,208.485547,19.644,79.15849678,2083.175348,1,15.455,0,3,0,0,1,0,1
1412070,0,0,1,1,0,1,711.9062263,10949.43252,0,88.7368484,43.891,58.94615902,362.9525539,1,16.421,0,2,0,0,0,0,1
5651171,0,0,0,0,4,0,815.0889688,4694.628837,0,212.183964,26.9,553.4351085,1183.704758,0,8.506,0,2,0,0,0,0,0
1182700,0,0,0,0,2,0,687.5731672,6253.352597,0,583.043212,18.531,184.9864193,2318.219213,0,12.232,0,1,0,0,0,0,0
1508579,1,0,1,2,2,0,377.3846197,3818.822068,0,186.173886,28.472,65.20787426,1148.142894,1,35.812,0,4,0,0,1,0,0
1590413,1,1,3,2,0,0,1638.976783,4276.592356,0,20.5491584,16.516,67.56383517,3324.493113,0,35.261,0,5,0,0,1,0,1
1617330,2,0,3,1,0,1,205.6087012,14572.59231,0,520.423151,39.542,229.8697334,1024.701111,1,41.479,0,3,0,0,0,0,0
1624895,1,0,3,2,2,1,217.4733683,15242.7494,0,170.186263,46.536,127.4864319,1683.767136,1,26.399,0,2,0,0,0,0,1
1645041,1,0,0,0,3,0,1104.361219,2157.89908,1,89.1328633,20.436,247.7734106,1479.14657,0,10.313,0,2,0,0,1,0,0
5672971,2,0,3,3,0,1,128.8589665,12511.25727,1,404.366404,20.121,165.367995,889.9992142,1,32.594,1,0,0,0,0,0,1
2199592,0,0,0,0,1,1,1160.741715,3905.887803,0,441.992806,33.853,133.0154892,568.3800138,0,28.075,0,4,0,0,0,0,0
1704184,1,0,0,0,4,0,379.9970691,20929.22768,0,181.707765,42.017,19.0281356,740.0026398,0,13.236,0,2,0,0,1,0,0
4012042,2,0,0,0,0,0,3638.232976,4422.558511,0,446.889159,23.743,156.0188036,325.1585132,0,12.343,0,5,0,0,0,0,1
1737173,1,0,0,0,0,0,253.6095868,4317.240322,0,54.168467,48.968,72.32004348,985.2365768,0,17.36,0,4,0,1,0,0,0
1751827,0,0,0,0,3,0,226.0289904,5432.141534,0,506.299512,35.588,138.4030943,2198.31462,1,15.24,0,1,0,0,1,0,0
1318413,0,0,1,0,0,1,547.7908079,13007.95697,0,497.554878,43.61,155.7220143,543.4926943,0,14.58,0,0,0,0,0,0,0
1788662,0,0,3,0,2,1,1712.403439,8339.327079,0,452.493839,30.424,83.51605802,120.0627965,1,38.997,0,2,0,1,0,0,0
5891521,1,0,0,0,4,1,1463.971145,15818.35866,0,431.017131,28.936,85.66567555,386.0607705,0,22.78,0,1,0,0,0,0,0
1830372,0,0,1,0,2,0,1325.189151,3872.848554,0,581.941597,23.356,497.2687612,2863.713426,0,29.539,0,1,0,0,0,0,0
1373062,1,0,2,2,0,0,980.427991,13354.04358,0,203.083719,29.333,12.72137913,210.3859153,1,17.411,0,1,0,0,0,0,0
1376314,2,1,3,2,0,1,962.1140361,8869.438915,0,73.7901391,32.552,83.7317814,1405.097286,1,33.019,1,3,0,0,0,0,1
2038500,1,0,0,2,3,0,3622.281943,6050.56449,0,318.516755,16.497,130.6352757,918.090631,1,19.737,0,1,0,0,0,0,0
1873989,1,1,3,1,0,1,497.8306029,8875.601328,1,322.852557,41.933,331.0777593,1079.347714,0,16.47,0,0,0,1,0,1,1
1894888,2,1,3,3,0,1,835.8331943,14113.88592,1,329.768836,50.857,58.19101917,3035.269556,1,28.427,0,0,1,0,1,1,1
1901771,1,0,0,0,4,0,194.1734788,9317.814793,0,155.292572,27.873,167.7545081,756.1443567,0,35.924,0,0,0,0,0,0,0
1930514,1,0,0,0,0,0,247.8702227,13354.40242,0,336.530529,27.717,171.6533717,1415.590398,0,12.382,1,4,0,0,0,0,1
1443061,2,0,0,0,4,0,238.9492511,3354.570568,0,369.869296,23.084,194.6908711,406.1677812,0,5.143,0,4,0,0,0,0,0
1937193,2,0,2,2,2,1,518.7852985,7476.415052,0,516.30567,39.594,145.9851876,504.8452631,1,23.727,0,2,0,0,0,0,0
4169340,0,0,0,0,1,0,734.1072063,11857.15143,0,8.33459967,40.735,125.5482154,4262.375182,0,28.816,0,5,0,0,0,0,0
5701313,1,0,1,0,0,0,596.5032171,14771.1909,0,365.163118,38.18,141.3883051,319.31338,1,15.605,0,1,0,0,0,0,0
1445105,1,0,3,2,2,1,844.1752034,24311.96849,1,351.337826,43.753,224.3009859,351.6122957,1,27.661,0,2,0,0,1,0,1
1474144,1,0,3,1,0,0,8.610394122,4557.618695,1,419.979091,19.343,125.4484981,375.8420414,1,11.259,0,2,0,0,1,0,0
1964350,2,1,3,3,0,1,678.1484501,9061.565349,1,339.024314,32.096,213.6952173,3583.321184,1,33.998,1,0,1,0,0,0,1
1516301,1,0,0,0,4,1,1417.985345,5996.563826,0,158.837028,28.363,151.7703223,2863.343969,1,18.752,0,2,0,0,0,0,0
1965355,1,0,1,2,3,1,210.0081575,12139.68097,0,509.450258,32.699,46.99550139,62.77161964,1,8.793,0,1,0,0,0,0,0
1517342,1,0,3,2,3,1,190.7178237,6039.371973,0,237.086051,23.951,214.4940507,137.1540614,1,47.7,1,1,0,0,0,0,0
1981557,0,0,0,0,4,0,527.9765963,18848.20541,0,517.911655,65.015,64.24617426,360.8932149,0,25.455,0,2,0,0,1,0,0
1521004,1,0,1,0,0,1,143.6827687,16509.65958,0,262.656544,39.956,180.5802644,1626.624039,1,34.27,0,3,0,0,1,0,0
5722086,0,0,3,3,0,1,707.6150894,5937.199533,1,196.899549,30.229,697.3918428,2016.908134,1,22.668,0,0,0,0,0,0,0
2032797,0,0,0,0,2,0,4352.536888,1234.546029,0,181.422295,8.68,109.3497041,970.408949,0,17.647,0,4,0,0,0,0,0
1385202,0,0,0,0,4,0,838.736152,5140.821438,0,108.169239,28.154,60.14323159,2551.324651,0,10.762,0,1,0,0,0,0,0
5724688,0,0,0,0,4,0,683.3238872,19970.45563,0,185.29983,36.274,110.55724,292.2021191,0,9.797,0,1,0,0,1,0,0
386964,1,1,0,0,0,0,2699.658443,10100.8748,0,733.869349,35.376,160.6859214,940.9435883,0,18.834,0,0,0,0,0,0,0
1385787,1,0,0,0,4,0,1478.981439,1426.001135,0,609.260113,10.789,89.96064738,442.237085,0,7.321,0,4,0,0,0,0,0
119913,0,0,0,0,4,0,90.48355132,20929.22768,0,318.672916,37.23,57.78572288,459.7198997,0,28.4,0,1,0,0,0,0,0
1627460,1,0,1,0,3,1,548.3967234,2993.741956,0,132.664242,54.538,31.47449134,237.6121224,1,9.719,0,2,0,0,0,0,0
2057514,0,1,0,0,3,0,1991.059252,8327.324937,1,574.499987,21.089,61.58392629,1288.927109,0,19.154,0,4,0,0,0,0,0
2058421,1,0,0,1,4,0,1407.743648,17860.22643,0,59.33335,22.491,72.61336542,1870.491096,0,33.895,0,3,0,0,1,0,0
2062100,2,0,3,3,1,0,1157.085031,16497.29862,0,48.4831536,35.617,29.84589351,516.5417175,1,22.295,0,3,0,0,0,0,0
2069358,1,0,1,2,2,0,4371.034988,5585.243623,0,338.68613,23.302,101.8977627,714.2943287,1,13.531,0,4,0,0,1,1,0
2070806,0,0,0,1,0,0,352.1401878,9667.008537,0,612.111201,46.246,109.350535,2073.849309,0,28.926,0,1,0,0,0,0,0
1708840,0,0,3,1,0,1,1132.760672,15802.25952,1,201.925649,36.365,292.7971955,1025.987115,1,33.319,1,0,0,0,0,0,1
5731350,1,0,1,0,0,0,412.1129002,7418.083695,0,433.264269,29.047,446.1876039,2973.064873,1,17.325,0,2,0,1,0,0,0
2112352,0,0,0,0,0,1,1046.4848,4858.180259,0,419.286881,31.52,54.68662238,6018.801964,0,26.529,0,4,0,0,0,0,0
3803936,1,0,0,0,4,0,310.8692868,11359.77054,0,291.878135,44.74,198.9269594,1390.57594,0,18.948,0,2,0,0,0,0,1
237745,0,0,0,0,3,0,116.2815354,14640.87742,0,393.312682,47.853,108.6039476,1913.215702,1,27.222,0,1,0,0,0,0,0
5748708,0,0,0,1,3,0,600.2565916,19927.47432,0,240.576064,36.599,118.8320889,743.5641465,0,24.564,0,0,0,0,0,0,0
1764029,0,0,0,1,2,1,1976.299803,9111.954539,0,354.606772,30.132,249.9074974,638.4929094,0,20.304,0,4,0,0,0,0,0
2156280,1,0,0,1,2,0,1270.282038,9275.440653,0,16.4411449,31.348,116.5992739,338.2864867,1,20.451,0,1,0,0,1,0,1
1810017,2,1,3,0,0,0,2228.612844,6993.395968,0,446.5262,19.329,222.5841643,338.7204068,1,18.23,0,1,0,0,0,0,1
1489065,1,1,1,1,4,1,447.0016702,18398.65703,0,90.0813466,36.588,355.0896672,263.8981634,1,39.897,0,1,0,0,0,0,0
5757220,1,1,2,2,0,0,536.2764565,12373.35205,0,294.17068,33.586,58.31305856,956.3163538,0,27.056,0,5,0,0,1,0,0
4484488,0,0,0,1,3,1,1215.17543,10689.41278,0,219.834915,34.125,119.9367572,2363.381034,1,35.069,0,1,0,0,0,0,0
505999,1,0,0,0,0,0,1420.124156,7035.350833,0,501.547833,28.824,221.7000017,560.1827781,0,9.497,0,2,0,0,0,0,0
2212649,1,0,3,2,1,0,1512.892967,12499.52782,0,489.174112,18.181,13.57858168,684.8669672,1,29.906,0,3,0,0,1,0,0
2215244,1,0,3,3,3,0,300.6441753,23737.83337,0,141.220863,37.255,86.67781766,297.3222828,1,24.876,0,1,0,0,0,0,0
1917069,1,1,3,0,0,1,305.4740084,16509.65958,0,273.329171,36.541,167.9697638,1214.027748,0,37.728,0,5,0,0,0,0,1
6177878,2,1,1,1,1,0,750.1051188,3611.155799,0,111.536073,29.548,99.41071407,5922.05055,1,23.784,0,2,0,0,0,0,1
2230285,0,0,0,0,4,0,128.1907953,7983.366768,0,247.558608,29.878,87.62436614,162.4874245,0,12.788,0,3,0,0,0,0,0
1963131,0,0,0,0,4,0,127.4817507,12612.41186,0,561.909988,33.367,98.17897135,161.9522832,0,17.524,0,1,0,0,0,0,0
1744027,1,0,0,1,4,1,825.3629292,2041.65792,0,388.918226,25.883,132.1681012,4906.890022,1,20.234,0,2,0,0,0,0,1
2282817,0,0,0,0,0,0,2458.656898,6993.395968,0,616.021885,31.229,62.7596967,540.6349295,0,14.405,0,0,0,0,1,0,0
2018279,1,0,1,0,1,0,617.6698797,7081.50832,0,579.255343,23.953,329.1518579,584.4265905,0,6.62,0,3,0,0,1,0,0
5772981,1,0,0,0,2,0,186.6642324,6703.806487,0,213.701906,34.788,57.26245975,899.2312855,0,24.068,1,1,0,0,0,0,1
1211852,1,0,0,0,0,0,329.2895154,18398.65703,0,212.245375,36.588,232.5324114,310.4547336,1,39.897,0,2,0,0,0,0,0
2328392,0,0,0,0,3,0,771.7523886,14113.88592,0,428.783217,50.857,185.8063748,2897.35515,0,28.427,0,2,0,0,0,0,0
346609,1,1,0,2,2,0,148.003778,5320.666437,0,575.204751,18.271,108.2776399,5435.216961,0,9.865,0,4,0,0,0,0,0
5792616,0,1,3,2,1,1,1319.568838,4680.851103,1,62.8136926,15.74,183.3279615,9579.590628,1,40.937,0,0,0,0,0,0,0
2395815,0,0,0,2,2,0,443.7874673,8969.946753,0,285.331333,39.972,126.3805302,682.0823177,0,25.375,0,2,0,0,0,0,0
2405030,2,0,3,2,1,0,418.6808661,19339.62084,1,304.5151,29.505,150.0309911,2443.670281,1,31.063,0,2,0,0,0,0,1
5794653,0,0,0,0,4,0,1374.158472,16497.29862,0,188.76128,34.293,162.4908014,253.2893683,0,32.249,0,1,0,0,0,0,0
5795450,1,0,0,1,0,0,685.3573702,25356.49718,0,175.410267,41.577,17.81981899,264.0712377,0,19.785,0,0,0,0,0,0,0
2446868,0,0,1,1,0,1,1227.763715,13629.51323,0,105.935155,37.041,53.47573379,710.6594723,1,18.411,1,2,0,0,0,0,0
5801738,2,0,3,1,0,1,914.7096623,5097.076868,1,203.382625,25.352,175.4016024,713.5564005,0,21.568,0,4,0,0,0,0,1
2244153,1,0,2,2,0,0,505.6840367,11033.26484,0,366.615325,20.864,125.3540822,5590.175768,0,40.913,0,2,0,0,1,0,1
2294340,1,0,0,0,4,0,793.3140194,17791.03704,0,183.257425,53.813,159.5146222,704.0151386,0,25.577,0,2,0,0,0,0,0
2298830,0,0,0,1,0,0,836.0543805,14488.19125,0,312.501156,28.901,8.267616771,705.4668048,1,31.553,0,0,0,0,1,0,0
538242,1,0,2,2,2,0,1.778429495,16046.72674,0,626.836902,39.943,38.02267145,2391.104092,1,30.151,0,1,0,0,0,0,0
2339863,0,0,0,0,2,0,474.7299606,9239.903644,0,172.785765,28.545,192.9754545,826.8007301,0,28.064,0,2,0,0,0,0,0
2535929,0,1,1,0,2,1,159.4304276,16090.15296,0,379.114174,44.139,83.62221164,816.5647721,0,27.789,0,1,0,0,0,0,0
2537317,0,0,0,0,2,0,550.8437386,10521.5496,0,258.72841,35.14,7.119315295,1542.441658,0,17.153,0,1,0,0,2,0,0
2543949,0,0,1,0,2,0,400.646471,22222.88999,0,435.127269,34.646,40.03201496,2449.544675,0,47.161,0,1,0,0,0,0,0
5824124,1,0,1,1,0,1,902.8637913,9481.743706,0,235.908893,26.811,93.66743602,1491.749659,0,28.995,0,2,0,1,0,1,1
2838312,0,0,0,0,2,0,962.6997987,14085.53698,0,316.070671,34.467,242.6129526,454.9385223,0,13.703,0,4,0,0,0,0,0
1727711,1,0,1,0,1,1,811.3892397,11077.24846,0,365.282171,41.216,251.0490208,3370.56259,0,23.433,0,4,0,0,0,0,0
6105030,1,0,3,2,3,1,367.0653554,13120.68296,0,383.776012,80.32,14.30443194,2213.908356,1,32.875,0,1,0,0,0,0,0
2095411,1,0,1,0,0,0,661.7682377,13354.04358,0,481.459145,63.287,47.24134337,187.208146,0,16.174,0,2,0,0,0,0,0
2572278,0,0,3,0,2,0,685.9713255,14769.23571,0,178.075978,42.088,171.8827933,727.2680276,1,36.815,0,1,0,0,1,0,0
2495586,1,1,1,1,1,1,1383.078811,4857.375904,0,86.3385994,14.226,187.3611761,4951.551091,1,16.556,0,3,0,0,0,0,0
2895288,0,0,0,0,4,0,325.1251019,5070.808078,0,183.523812,26.062,284.361687,3290.172064,0,4.513,0,4,0,0,0,0,0
2602568,1,0,0,0,2,0,633.3718344,5112.914254,0,67.451471,8.39,268.1827609,8220.697483,0,3.543,0,4,0,0,0,0,0
2948039,1,0,0,0,4,1,758.7693203,11402.39024,0,65.8374001,43.453,51.72376304,106.2282864,0,26.601,0,2,0,0,0,0,0
5852796,0,0,0,0,4,0,223.7941697,10827.98276,0,197.681112,29.217,168.5252399,1063.7388,0,26.568,0,1,0,0,0,0,0
2626320,1,0,2,1,0,1,530.067489,7349.727258,0,568.965259,22.803,116.8268696,6827.406671,0,30.061,0,5,0,0,0,0,0
2629305,2,1,0,0,1,0,1576.671097,8540.263444,0,492.268986,22.237,149.0273267,1265.004584,0,9.549,0,5,0,0,0,0,0
2634517,0,0,0,1,1,0,709.4185186,17400.59468,0,148.419533,48.066,163.289242,1851.52862,1,18.036,0,1,0,0,0,0,0
5183192,1,1,0,0,2,0,950.0314256,8950.167524,0,595.015097,43.571,26.62215586,3056.600032,0,17.357,0,1,0,0,0,0,1
5192471,1,0,0,0,3,1,1422.830603,11402.39024,0,186.630042,41.849,116.1157908,471.82,0,28.803,0,1,0,1,0,0,1
1389540,1,0,0,0,3,1,342.3227416,5783.629785,0,246.808244,32.984,39.13591993,2560.193352,1,56.261,0,2,0,0,0,0,0
2650629,1,0,0,0,2,0,1506.533902,8037.919068,0,447.64666,21.551,120.919926,1349.022013,0,14.155,0,3,0,0,0,0,0
5255572,0,0,0,0,4,0,354.353104,12941.03565,0,151.262034,33.419,141.6206021,1407.735059,0,21.567,0,3,0,0,0,0,0
2655004,1,1,0,0,1,0,406.28332,16156.90885,0,468.111364,32.805,42.7076476,1114.637538,0,13.879,0,2,0,0,0,0,1
2545012,1,0,2,2,1,0,388.1582203,18398.65703,0,142.512064,36.588,301.8856618,313.6054179,1,39.897,0,2,0,0,0,0,1
1989662,0,0,0,0,4,1,352.8493565,22222.88999,0,43.309538,32.31,117.6425483,2713.872827,0,28.934,0,1,0,0,0,0,0
2669579,0,0,2,1,1,1,771.3752267,9939.073269,0,159.613846,18.645,72.1641869,2904.486849,1,31.215,0,1,0,1,0,0,0
2670336,1,0,2,0,0,0,870.261529,2255.062651,1,532.336402,13.927,60.08608137,5067.422062,0,7.277,0,3,0,1,0,0,0
6682870,1,0,0,2,4,1,2277.370102,2945.679557,0,115.893686,29.206,33.06752671,1196.295944,0,7.764,0,1,0,0,0,0,0
6685052,1,0,0,0,4,0,503.6940856,8686.46086,0,529.259359,43.796,275.9803355,3080.579372,0,14.506,0,3,0,0,0,0,1
94192,1,0,0,0,4,0,993.6333849,6239.114397,0,254.240039,17.234,142.120657,1820.247425,0,10.395,0,1,0,0,0,0,0
4267062,1,0,2,0,0,1,284.5906948,18787.59912,1,103.723001,35.611,121.7789007,550.567509,1,38.451,0,1,0,0,0,0,1
2684262,1,0,1,0,2,0,581.448109,15087.1941,0,806.743524,37.672,107.0234508,1554.92335,0,31.722,0,0,0,0,0,0,1
5577754,1,0,0,0,4,0,1168.352087,9511.100166,0,223.971037,38.847,259.514428,745.2011993,0,9.832,0,2,0,0,0,0,1
2546750,1,0,2,2,0,0,2198.768715,18902.81753,0,91.7970285,36.339,236.2316458,1019.914807,1,30.073,0,1,0,0,0,1,0
3329256,1,0,2,2,0,1,1458.527993,5721.077249,0,198.936735,24.678,22.36509106,494.5230314,1,14.631,0,3,0,1,0,1,0
399785,0,0,0,0,4,0,515.3035401,3955.754995,0,216.116669,35.61,134.0235895,1548.049958,0,8.556,0,2,0,0,1,0,0
821607,1,1,0,0,0,0,700.1064758,25356.49718,0,164.303568,41.577,28.03025457,260.3319433,0,19.785,0,0,0,0,0,0,0
1168508,1,0,0,1,3,0,1411.975971,7973.646912,0,583.416553,31.57,327.4831717,970.4419278,1,19.417,0,3,0,0,0,0,0
2603046,1,0,2,0,1,0,932.6475902,14234.30532,0,418.836665,22.127,70.60748915,332.9363979,0,16.959,0,4,0,0,0,0,0
2736377,1,1,1,2,1,0,206.4543058,18539.87924,1,317.004119,26.258,209.3804615,1097.977265,1,30.868,0,3,0,1,0,0,1
1938130,0,0,0,1,4,0,705.4866424,3916.859274,0,430.546339,35.124,182.1482492,771.2070724,0,12.295,0,1,0,0,0,0,0
2758651,1,0,0,0,4,0,701.2411254,5217.798879,0,602.372931,40.766,378.2910708,3026.233757,0,24.743,0,3,0,0,0,0,1
807933,2,0,3,2,2,1,300.0416702,13437.45482,0,439.559001,39.067,232.0160323,948.752264,1,23.921,0,2,0,0,1,0,1
2768310,1,1,3,3,0,1,745.7561037,13820.06507,0,570.047989,31.307,331.0043618,829.6451607,1,29.031,0,0,1,0,1,0,1
2772193,1,1,3,2,3,1,493.5281668,6110.8409,0,452.321733,29.738,103.2938241,4171.029231,1,13.631,0,4,0,0,0,0,1
2774869,0,0,0,0,4,0,646.5837446,7657.778564,0,170.362239,53.31,586.675394,1354.134486,0,17.433,0,1,0,0,0,0,0
2011724,0,0,0,0,0,0,627.7821625,808.6555717,0,192.547368,21.126,116.9201607,11113.25075,0,25.428,0,5,0,0,0,0,0
4344944,2,0,0,0,2,0,1004.955334,10515.185,0,507.125188,42.053,94.73166616,2473.753116,0,25.046,0,2,0,0,0,1,0
3850172,1,0,0,0,4,0,611.6379694,11387.88483,0,174.906826,38.508,118.4501539,1019.614442,0,7.244,0,3,0,0,1,0,0
1506969,0,0,0,0,3,0,557.8166159,6997.08455,0,421.95073,42.834,132.7769833,1827.494182,0,37.455,0,4,0,0,1,0,0
5872024,0,0,0,0,4,0,372.9922996,6808.364285,0,239.175297,22.304,105.5055185,809.3077751,1,22.254,0,2,0,0,1,0,0
1456524,0,0,0,0,0,1,728.1383889,15063.78149,0,113.88525,33.971,312.7450711,865.3593856,1,29.812,0,2,0,0,2,0,0
2790743,1,0,1,0,2,0,834.5580134,14682.553,0,623.043682,34.046,109.3040554,97.56713819,0,19.977,0,2,0,0,1,0,0
2815246,0,0,0,0,4,0,1676.438615,8540.263444,0,656.559286,30.586,293.75431,952.1549255,0,6.169,0,4,0,0,0,0,0
4286631,2,0,0,0,4,0,1072.398678,19840.59675,0,400.826189,33.509,71.64142652,483.9410552,0,13.567,0,2,0,0,1,0,0
2815927,0,0,1,1,1,1,814.032311,10268.18314,0,352.576047,21.981,67.00323853,402.4609274,1,19.535,0,1,0,0,1,0,0
1835332,0,1,1,1,4,0,570.732437,13354.04358,0,203.623898,40.311,54.71120955,174.1373256,1,33.685,0,1,0,0,0,0,0
2313076,0,0,0,0,4,0,1330.051749,6239.114397,0,367.718917,35.101,285.2603968,830.3924823,0,7.15,0,3,0,0,0,0,0
2819172,0,0,0,1,2,1,912.6103236,10268.18314,0,397.833061,21.981,45.6967201,305.9482822,0,19.535,0,2,0,0,0,0,0
5887853,0,0,2,0,2,1,1309.476899,15667.46341,0,114.405023,38.757,49.76392678,546.8068042,0,27.129,0,1,0,0,0,0,0
1244022,1,0,0,0,3,0,1583.382231,16497.29862,0,60.711432,34.293,195.8453778,289.9295843,0,32.249,0,2,0,0,1,0,0
5890918,1,1,0,0,2,0,171.1715539,7741.913811,0,278.196135,38.902,63.56754764,1001.789398,1,30.562,0,2,0,0,1,0,1
2828449,0,1,3,2,2,0,1671.448153,4988.619499,0,148.971197,15.623,124.5404289,2910.400912,1,34.899,0,1,0,0,2,0,0
2630674,2,1,0,1,0,0,839.0938491,9332.258387,0,118.430487,33.487,140.1167424,442.4907901,0,5.652,0,5,1,0,2,0,1
1522267,1,0,0,0,0,0,1897.456545,9105.331262,0,156.517257,28.335,37.26260177,668.032402,0,11.874,0,3,0,0,2,0,0
2839385,0,0,0,0,0,0,1093.347497,12579.90284,0,194.226303,29.345,53.70447194,6781.564503,0,6.829,0,3,0,0,0,0,0
6654919,0,0,0,0,2,0,176.8134293,14769.23571,0,173.678125,38.39,67.71060883,193.5552518,0,39.632,0,0,0,0,1,0,0
2869184,1,0,3,2,1,0,777.1443625,4061.003389,0,244.4016,19.045,244.6003111,3202.804872,1,19.832,1,3,0,0,1,0,1
2689954,0,0,3,0,1,1,993.6948783,2993.741956,0,365.530971,45.73,39.00900918,199.1954839,1,35.28,0,1,0,0,0,0,0
2699973,2,0,2,1,0,1,392.9586735,4150.157786,1,560.162109,20.138,102.8889068,2761.577342,1,17.36,0,3,0,1,0,0,0
5899334,2,1,3,0,3,0,3408.74224,5863.624478,0,127.632507,19.586,60.87326053,348.2897591,0,15.206,0,3,0,0,0,0,1
2713000,0,0,0,0,0,0,365.2539007,3649.790428,0,118.016991,11.176,21.2414469,6902.677693,0,5.631,0,2,0,0,0,0,0
2877280,0,0,0,0,4,0,257.6625226,5351.15292,0,229.280991,39.591,203.1549506,1714.044725,0,11.58,0,3,0,0,0,0,0
1964980,0,0,0,0,3,0,199.2052444,10438.87172,0,125.468131,38.77,53.2385431,1449.150491,0,41.534,0,2,0,0,0,0,0
5901218,1,0,1,0,2,0,693.5239497,15294.76701,0,42.4763946,32.399,233.6806505,3033.647604,0,32.227,0,2,0,0,1,0,0
2899788,0,0,3,2,0,0,662.6148051,2988.043005,0,300.171068,25.328,569.209938,2954.475362,1,11.358,1,4,0,0,1,0,0
2756813,0,0,0,0,2,0,144.0993677,4452.576373,0,268.770167,19.418,123.5431298,787.1220158,0,6.803,0,4,0,0,0,0,0
5902538,1,0,0,0,3,0,341.3869371,6655.423296,0,244.814466,40.974,167.0914331,650.0555261,0,24.369,0,1,0,1,0,0,0
466543,0,0,0,0,4,0,716.5151031,21046.69205,0,145.053636,34.912,90.11810531,675.1430834,0,29.947,0,2,0,0,0,0,0
5905485,1,0,0,1,4,0,472.7141233,6196.876215,0,419.651795,39.126,116.8223875,2915.358091,1,22.889,0,2,0,0,1,0,0
2053742,0,0,0,0,4,0,679.0173374,11330.09126,0,189.961397,33.957,160.0367055,1675.587561,0,22.253,0,2,0,0,0,0,0
2067701,0,0,0,0,4,0,1145.958661,13354.04358,0,463.435723,21.429,99.21823008,43.75258251,0,18.527,0,1,0,0,0,0,0
1007667,1,0,0,0,4,0,511.8938729,16753.10098,0,104.450862,36.865,82.11574663,389.8791633,0,29.084,0,1,0,0,0,0,0
130122,0,0,0,0,4,0,225.1049908,4982.273931,0,226.68374,36.476,145.6426308,1244.839011,0,18.396,0,2,0,0,0,0,0
2358564,1,0,0,0,2,1,1220.36026,7693.240432,0,229.067274,31.044,35.90700034,356.3877207,0,20.032,0,4,0,0,0,0,0
3089615,0,0,0,0,1,0,3760.155222,5585.243623,0,266.690574,12.46,114.2523789,191.217041,0,6.805,0,2,0,0,0,0,0
3098460,0,0,0,0,2,1,778.0151482,6703.806487,0,619.154526,31.212,46.51670551,174.3793854,0,19.035,0,2,0,0,0,0,0
429336,1,0,0,0,4,0,816.39974,13437.45482,0,387.729885,36.806,132.3844169,748.3015187,0,25.213,0,3,0,0,0,1,1
891045,1,0,0,0,3,0,589.5645199,9239.903644,0,138.97423,32.612,147.1383173,854.2073935,0,42.145,0,3,0,0,0,1,0
5912446,2,0,1,2,0,0,625.1392215,17723.6284,1,50.7750949,29.337,229.0053075,604.5201171,1,33.576,0,2,0,1,0,1,0
1314614,0,0,0,0,0,0,489.0387441,7983.366768,0,348.374262,26.735,128.3626642,325.9249912,0,10.323,0,3,0,0,0,0,0
3170322,0,0,0,0,4,0,1190.912109,5085.711608,0,562.689932,29.413,110.5611383,4404.838322,0,16.45,0,1,0,0,0,0,0
3359718,1,1,3,2,1,1,376.5762832,10071.80128,1,7.14399971,31.716,28.23823349,375.8658307,1,36.32,0,1,0,0,0,0,1
3250401,1,0,0,1,3,1,173.3239283,11092.14226,0,43.688809,32.355,60.09616372,2288.025158,0,15.763,0,4,0,0,0,0,0
3371558,0,0,0,0,3,0,1149.244039,6179.824377,0,461.510294,19.858,8.270967034,4131.937525,0,7.762,0,1,0,0,2,0,0
5917361,1,1,1,2,0,0,903.7917293,2041.65792,0,437.034661,17.872,187.030158,4994.653054,0,8.775,0,5,1,0,0,0,1
1770892,1,0,0,0,4,0,306.5515783,14640.87742,0,162.082463,41.718,134.6176761,2595.711775,0,28.103,0,2,0,0,0,1,1
3421837,0,0,0,0,3,0,1163.05241,2157.89908,0,101.435006,20.436,186.2032559,1486.848826,0,10.313,0,2,0,1,0,0,0
3302886,1,0,1,0,3,1,1664.911991,3813.105758,0,175.208538,11.657,175.0997409,12516.19431,1,13.714,1,2,0,0,0,0,0
482572,1,0,0,0,4,0,1396.78234,4587.054117,0,267.476016,18.932,18.24572143,3185.54735,0,33.571,0,4,0,0,1,0,0
1535416,1,0,0,0,4,0,742.178637,5206.745461,0,283.182506,26.258,106.2333546,4828.884291,0,11.94,0,4,0,0,1,0,1
1862537,0,0,0,1,0,1,2513.749647,5681.227629,0,181.630171,40.17,37.83459942,382.1147769,1,14.111,0,3,0,0,0,0,0
5137929,1,0,3,1,4,0,726.6579732,9712.612706,0,350.227336,37.337,231.2634361,2268.309249,1,23.381,0,2,0,0,0,0,1
3656553,1,0,0,0,3,1,1042.706778,11595.22839,0,474.628791,43.357,398.7083734,695.3589531,0,25.305,0,1,0,0,1,0,0
2171186,2,0,0,0,0,0,939.0483925,8759.19276,0,176.673194,26.122,298.9137402,3075.303911,0,4.784,0,3,0,0,0,0,0
3709679,1,0,0,1,2,0,713.7311425,15294.76701,0,456.822469,31.819,111.9678026,2944.765356,0,27.673,0,2,0,0,0,0,1
5929336,0,0,1,0,0,1,1083.020582,17791.03704,1,27.5599477,39.45,82.59455606,442.1585285,1,20.785,0,0,0,0,0,0,0
3731582,1,0,1,0,3,1,361.4023859,10528.59788,1,201.892349,40.908,115.7154525,2076.462642,0,20.516,0,3,0,0,0,0,1
4007195,0,0,0,0,4,0,420.707816,20795.29081,0,221.377034,75.606,89.10193054,645.0098932,0,27.239,0,1,0,0,1,0,0
3744664,1,0,0,0,2,0,727.6944978,8954.127305,0,280.593745,51.95,61.53965679,477.7570235,1,31.45,0,3,0,0,0,0,0
5933859,1,0,0,0,3,0,1952.647054,7983.493777,0,725.078692,14.939,73.90866573,249.186139,1,14.683,0,2,0,0,0,0,0
3771421,1,0,3,2,0,1,450.1414631,22035.04657,0,367.232949,40.504,319.6432803,398.311786,1,11.301,1,2,0,0,0,0,0
3759947,0,0,0,0,4,0,961.0386831,16753.10098,0,250.444422,35.243,137.9883122,517.3735874,0,24.493,0,2,0,0,0,0,0
5943101,1,0,0,2,2,1,1351.29518,7657.778564,0,310.627775,29.071,51.31196273,1830.557794,1,12.262,0,1,0,0,0,0,1
3771742,1,1,0,1,3,1,1102.2533,6110.8409,0,352.922045,31.407,92.37492117,4715.597355,0,22.909,0,1,0,0,0,0,0
5944053,1,1,2,0,1,0,711.157743,24953.67213,1,261.362913,38.327,47.95205999,133.2707014,0,19.958,0,3,0,0,0,0,0
3829406,0,0,0,0,3,0,952.9655344,2182.914256,0,393.908662,19.457,139.0493149,1283.506908,0,13.521,0,2,0,0,1,0,1
1999203,1,0,2,2,0,0,634.1840531,8986.239604,0,272.3506,41.466,202.3664163,1978.361503,0,23.435,0,0,0,0,0,0,0
5944993,0,0,0,1,0,0,645.2725005,6721.806,0,9.52777666,31.27,36.27316532,918.8483648,0,9.924,0,5,0,0,0,0,0
1215450,0,1,2,1,1,0,1063.892448,8381.251999,0,196.186828,30.705,176.6992732,1690.390694,1,6.727,0,5,0,0,0,0,0
133019,2,1,3,3,0,1,420.30197,9061.565349,0,88.9192352,20.87,108.1155642,3829.405558,0,25.999,0,3,1,1,0,0,1
3867286,1,0,0,0,0,0,427.8449702,5379.178915,0,133.535853,35.12,119.5459937,815.6627792,0,18.476,0,2,0,0,0,0,0
3876551,1,0,1,0,0,1,1809.582639,1043.821165,0,191.689579,7.008,410.0799253,3234.157883,1,8.478,0,2,0,1,0,0,0
1922415,1,1,1,0,2,0,602.0732178,7741.913811,0,253.333277,28.293,124.3883783,1830.294317,1,33.971,0,3,0,0,0,0,1
3950006,1,0,0,1,2,0,729.697861,9061.565349,0,277.218588,20.87,102.3583862,4100.20132,0,25.999,0,2,0,1,0,0,1
2817847,0,0,3,1,0,1,1355.020859,7724.792426,1,54.8500848,18.292,65.17618632,550.8116747,0,33.059,0,0,0,0,0,1,0
1216391,1,1,0,0,1,0,1632.179958,9174.918203,0,420.659671,28.259,175.044021,4679.981643,0,27.465,0,2,0,0,0,0,1
2047189,0,0,0,0,3,1,1388.675898,3905.887803,0,779.846672,33.853,156.6364709,472.2446293,0,28.075,0,1,0,0,0,0,0
1159114,1,0,2,2,3,1,793.8551727,10150.51159,0,160.182005,25.188,154.5139005,1507.271899,1,11.93,0,1,0,0,0,0,0
1411541,0,0,2,0,0,0,902.5137418,14085.53698,0,216.459085,34.467,158.0028544,397.7131196,0,13.703,0,1,0,0,0,0,0
5959434,0,0,3,3,2,1,957.007067,2559.287668,1,99.5259845,18.01,181.2962975,5577.812498,1,5.625,0,1,0,0,0,0,1
1231745,0,0,0,0,0,1,546.1445651,10515.42454,0,292.378346,32.016,261.4502595,1535.276903,0,16.083,0,3,0,0,0,0,0
6460564,0,0,0,0,4,0,4255.212619,3821.78417,0,292.351286,10.391,396.0183145,441.948684,0,8.241,0,3,0,0,0,0,0
2738713,2,0,0,0,4,0,570.7406789,4061.003389,0,505.358012,26.101,111.7146409,4530.73097,0,16.333,0,4,0,0,1,1,1
73333,0,0,0,0,2,0,1056.722544,4694.628837,0,276.783281,26.9,311.8113121,917.936811,0,8.506,0,5,0,0,0,0,0
5963121,1,0,1,0,4,1,737.6594954,22573.91737,0,89.3650635,67.78,159.6864226,2112.156649,0,26.838,0,1,0,0,1,0,0
5965710,0,0,1,1,0,1,920.1782997,15802.25952,0,211.567205,47.215,61.5136632,1848.548156,0,19.316,0,1,0,1,0,1,0
3851172,0,0,0,0,4,0,1108.922786,10438.87172,0,374.325952,33.847,365.1139158,1017.887791,0,13.456,0,3,0,0,0,0,0
3938480,0,0,0,0,0,0,273.6248049,7760.734499,0,76.0134986,21.689,274.0106173,1318.962184,0,30.622,0,3,0,0,0,0,0
381367,0,0,0,0,4,0,869.5616533,8472.709381,0,326.556137,40.649,157.7048524,170.7287341,0,28.939,0,3,0,0,0,0,0
501752,0,0,0,0,3,0,1131.533455,17670.73181,0,278.935665,60.708,36.05763075,338.4488602,0,29.873,0,2,0,0,1,0,0
548050,1,0,0,1,2,0,262.6516578,8816.463843,0,337.279452,48.588,210.2857958,3330.731291,0,18.146,0,1,1,0,1,0,0
5983616,0,0,0,0,2,0,2106.581057,15023.1577,0,592.8361,44.36,66.53826379,125.9593566,1,10.933,0,2,0,0,0,0,0
1172910,0,0,1,0,2,0,536.4795256,22484.68524,0,133.478637,25.584,251.6300989,705.1576419,1,19.531,0,3,0,0,0,0,0
2825890,1,0,2,1,4,0,932.8880117,12373.35205,0,16.7951392,33.586,54.27212369,1238.230597,1,27.056,0,1,0,0,1,0,0
5985723,1,0,0,0,1,0,798.0877495,7693.240432,0,298.839299,32.505,241.9758539,759.7359212,0,14.074,0,3,0,1,0,0,0
4261455,1,1,2,2,0,1,443.8101308,4330.030715,1,238.034706,23.698,92.66116038,1709.932478,0,48.716,1,2,0,1,0,0,0
4279878,1,0,0,0,0,0,692.9573667,5070.808078,0,368.318651,21.087,199.7359902,2660.352086,0,4.599,0,3,0,0,0,0,0
5059000,1,0,1,2,4,0,231.9284764,6681.076597,0,399.723677,39.323,65.17773251,1363.916759,1,12.087,0,1,0,0,1,0,0
4327197,1,0,1,0,0,1,485.7093902,7209.42525,0,547.388205,40.331,99.06685563,2989.475311,1,31.619,0,1,0,0,0,0,0
2174077,1,0,3,2,0,1,237.8460278,4680.851103,1,660.436033,14.675,193.3020174,10803.45197,1,41.8,0,1,0,0,0,1,0
5989804,2,0,3,2,0,0,1201.46332,21416.04743,0,478.706824,43.709,113.206628,446.539306,0,22.192,1,1,0,0,0,0,1
4355357,0,0,0,1,4,0,287.4490689,11771.62591,0,277.609453,30.139,86.75258287,872.6164709,0,6.013,0,1,0,0,0,0,0
5135180,1,1,0,1,3,0,146.7276536,7760.734499,0,240.891629,30.531,47.22636666,1121.528871,1,17.032,0,3,0,0,0,0,1
5992394,0,0,0,0,0,0,1833.006826,8540.263444,0,1112.30089,26.067,179.1746177,525.4853147,0,8.929,0,3,0,0,0,0,0
6382866,0,0,0,0,3,0,340.2120623,14826.87413,0,513.943027,36.697,348.7642325,1654.495281,0,25.848,0,5,0,0,1,0,0
4394271,1,0,2,1,2,0,861.9454897,10211.41644,0,848.821199,36.077,104.6657966,2628.902239,1,11.428,0,3,0,0,0,0,0
5994769,1,0,2,1,0,1,1738.32857,4954.904975,0,114.392182,23.87,148.2445057,5536.623265,0,14.763,0,2,0,0,0,0,0
3696107,0,0,0,0,4,1,839.6825273,6415.640093,0,72.4319718,18.482,33.86052188,893.908696,0,21.764,0,2,0,0,0,1,0
3974231,1,0,3,1,4,1,545.6464079,16753.10098,0,119.990728,36.865,77.73976094,420.7417872,0,29.084,1,0,0,0,1,0,0
4295397,1,1,1,0,4,0,3026.127988,10949.20375,0,279.839512,37.424,115.7356332,343.4149023,1,8.01,0,3,0,0,1,0,1
4007168,0,0,0,1,2,1,800.1761654,18024.17272,0,288.438714,38.607,189.0313801,2359.176815,0,18.717,1,1,0,0,0,0,1
4536903,1,0,1,2,0,0,173.4552963,4917.830496,0,255.28477,35.805,52.44012542,379.4107962,0,16.332,0,2,0,0,0,0,0
6541088,1,0,2,0,1,0,560.1397306,10630.80933,0,322.343706,39.251,233.7443484,1134.361434,0,23.374,0,0,0,1,0,1,1
4597270,1,0,0,0,2,0,270.4110614,10384.81142,0,211.670225,61.194,183.4989552,107.2659787,1,28.631,0,2,0,0,0,0,0
6012444,1,0,1,0,0,1,108.5841827,10803.83209,0,373.627749,31.78,94.75503272,2007.477831,1,26.287,0,1,0,0,0,0,0
1770336,1,0,0,1,3,0,602.4467878,4149.916249,0,230.778922,21.187,243.0710592,2662.853242,1,18.198,0,1,0,0,0,0,0
2420910,2,0,1,1,0,0,2035.377677,12058.5806,1,458.045204,31.777,36.35220891,768.9094158,1,31.507,0,2,0,0,0,0,1
3581832,0,0,0,0,4,0,1038.765736,8839.80051,0,88.2652385,37.871,290.5114725,638.4904439,0,8.388,0,2,0,0,0,0,0
4609895,1,0,2,0,4,1,875.9399337,11747.95284,0,262.493658,34.981,91.39584461,592.2930166,0,30.644,1,3,0,0,0,0,1
5325387,1,1,0,2,0,1,403.5105593,9849.989867,0,225.603678,37.503,163.7019399,1207.255231,0,24.463,0,0,0,0,1,0,1
6016145,1,0,3,1,0,1,631.3875243,14877.00236,1,409.392071,27.524,172.7145096,661.0993708,0,33.943,1,0,0,1,0,0,0
6017699,1,0,1,0,4,0,1928.51589,6488.921034,0,312.644252,18.134,141.4834789,1682.304196,1,21.609,0,2,0,0,0,0,0
385306,0,0,0,0,0,0,1262.818665,15557.16177,0,429.949691,62.665,224.0840992,1188.433984,0,21.709,0,1,0,0,0,0,0
5616558,2,0,1,0,1,1,2244.066405,3034.354839,0,242.767653,16.54,44.7975199,1015.027392,0,18.625,0,5,0,0,1,0,0
2713926,0,0,0,0,3,0,1035.291251,19840.59675,0,530.122192,33.509,23.54753457,477.9161321,0,13.567,0,5,0,0,0,0,0
4723753,0,0,0,1,4,0,436.1354816,4330.030715,0,85.7327022,30.76,71.79800955,1750.35726,0,34.906,0,1,0,0,0,0,0
491019,1,0,0,0,4,0,1624.476349,20739.86385,0,440.876027,26.258,66.86378219,177.7556231,0,26.689,0,0,0,0,0,0,0
545411,0,0,0,0,4,0,639.6308313,6997.08455,0,113.310596,42.834,306.8231873,1580.409536,0,37.455,0,2,0,0,0,0,0
6037766,1,0,2,1,0,0,1625.05388,20739.86385,0,200.164437,26.551,79.89561952,318.7909464,0,36.941,0,3,1,0,0,0,0
4790971,0,0,2,0,2,1,379.6105064,8865.754399,0,298.590806,41.369,149.9317829,2688.81699,1,32.198,0,0,0,0,0,0,0
6038179,0,0,0,0,0,0,262.6086719,16926.93234,0,48.3162405,34.777,190.7576383,452.3001386,0,27.096,1,0,0,0,0,0,1
515682,1,0,0,0,2,1,1336.978546,7657.778564,0,244.254208,34.612,84.89322807,1863.862056,1,9.047,0,0,0,0,0,0,1
6044049,1,0,0,1,0,0,1084.377685,16753.10098,1,424.507832,50.036,103.052251,525.8222951,1,25.684,0,1,0,0,1,0,0
3442193,1,0,0,0,2,0,347.8354398,19176.12675,0,233.30507,47.262,13.51227813,575.5552471,0,22.434,0,1,0,0,0,0,0
5796741,0,1,0,0,2,0,1680.194075,3159.723853,0,455.319905,16.989,30.26181418,7504.195166,0,19.425,0,4,1,0,0,0,0
5076044,1,0,0,0,1,0,1929.01629,4857.375904,0,250.956893,22.688,181.3639089,4284.013393,0,26.698,0,5,0,0,0,0,0
1868590,0,0,0,0,0,0,384.9155242,4515.071727,0,738.216689,23.031,67.08817985,4090.312189,0,21.164,0,5,0,0,0,0,0
2635039,0,0,0,0,4,0,17.27730081,4169.928802,0,280.261984,23.373,29.46590936,7222.535151,0,7.292,0,2,0,0,0,0,1
3037140,1,1,2,2,0,1,805.3537785,4567.981081,0,122.346645,23.522,155.4273942,2308.659465,0,9.449,0,0,0,1,0,1,1
1059687,1,0,0,0,4,0,4554.569862,5681.227629,0,47.8642087,25.849,74.5573239,912.211323,0,11.372,0,3,0,0,1,0,0
73244,0,0,0,0,2,0,435.8620831,15288.59303,0,191.311961,77.565,83.12642152,139.3497779,0,26.944,0,2,0,0,0,1,0
6051877,0,0,0,0,3,0,948.416584,10911.69641,0,402.110068,31.049,209.7303542,925.3601205,0,18.644,0,3,0,0,0,0,0
4982893,0,0,2,2,3,1,1872.503792,3892.331492,0,640.912627,15.916,123.8028892,1853.15011,1,16.712,0,3,0,1,0,0,0
3975789,1,0,0,1,3,0,1057.25107,7486.825895,0,68.4454164,29.299,158.9214683,2054.5714,0,17.848,0,4,0,0,0,0,0
4779778,0,0,0,0,4,0,1113.989026,6721.806,0,253.095053,39.828,251.871988,531.7360687,0,21.257,0,2,0,0,0,1,0
5897060,2,0,3,1,0,1,908.9996831,15802.25952,1,219.511568,47.215,52.18361765,1856.638734,1,19.316,1,0,0,0,1,0,1
3935113,0,0,1,1,3,0,3112.983697,5692.983681,0,389.47211,13.636,327.2466184,1083.342611,0,4.958,0,3,0,0,0,0,0
6062394,1,0,3,0,3,0,602.0363692,8004.61168,0,163.796306,25.254,158.5803809,1116.968937,1,50.708,0,1,0,0,2,0,0
5917866,1,1,2,2,1,1,1071.62464,5008.35113,1,430.169619,19.229,152.7896681,7433.337,0,42.79,1,3,0,0,0,0,0
6480360,0,0,0,0,4,0,199.8705687,8705.403318,0,489.074506,30.514,177.187625,459.4953562,0,5.877,0,4,0,0,0,0,0
5020485,0,0,1,1,2,1,122.1037723,13968.65198,1,289.626186,38.352,194.5005944,582.792258,0,36.814,0,2,0,0,0,0,1
61657,0,0,0,0,4,0,909.9761462,12955.00099,0,179.056051,22.093,202.754627,773.8532342,0,8.615,0,2,0,0,0,1,0
5063284,0,0,0,0,4,0,1078.680911,14963.7193,0,319.9974,40.609,120.8197963,536.4640629,0,30.946,0,4,0,0,0,0,0
6073846,0,0,1,2,0,1,1213.786229,8426.607081,0,514.309436,31.617,50.46683627,3000.810174,1,17.489,0,1,0,1,0,0,0
6076358,0,1,0,0,3,0,1113.239288,6655.423296,0,215.503097,32.374,345.2158285,1003.765491,0,25.62,0,4,1,0,0,0,0
6077525,2,0,0,0,1,0,409.7868746,11424.44211,0,485.400486,28.001,257.5624589,784.1851135,1,21.851,0,1,0,0,1,0,1
5108526,1,0,0,0,3,0,1112.849454,11371.33638,0,142.842465,21.309,114.1183652,791.5098069,0,22.636,0,3,0,0,1,0,0
6079677,1,0,2,2,2,1,135.3039505,5432.141534,0,710.615671,35.588,73.35994705,2003.169184,1,15.24,0,1,0,0,0,0,1
91738,0,0,1,0,3,1,220.8561917,9204.05337,0,268.740193,31.071,152.9602482,7077.823213,1,15.232,0,1,0,0,0,0,0
6080472,2,0,3,2,0,0,674.5504261,13429.18637,0,145.280734,31.812,42.12567605,1185.620363,0,32.124,1,2,0,0,0,0,0
5121720,1,0,2,2,0,1,897.4069832,13429.18637,0,112.999494,31.142,50.74119737,752.1549619,1,39.67,0,0,0,0,0,0,0
1344308,1,0,0,0,4,0,1040.04862,11647.56237,0,169.191123,29.56,274.4014535,1044.151761,0,13.639,0,3,0,0,0,0,0
6080575,0,0,0,0,0,1,379.8537119,8886.964288,0,196.695971,27.758,283.274881,4010.585381,1,21.426,0,2,0,0,0,0,0
783722,0,1,1,1,3,0,602.0430659,4961.855548,0,323.85176,17.717,213.8362447,218.1270345,1,18.966,0,1,0,0,2,0,0
5942087,1,1,0,0,4,0,1137.439853,6110.8409,0,502.337632,14.198,11.88170676,4634.137784,0,5.938,0,4,0,0,0,0,0
555467,0,0,0,0,0,0,21.84196998,11747.95284,0,325.409778,34.242,36.07775795,12.45245519,0,17.721,0,2,0,0,0,0,0
60378,1,0,1,1,4,0,905.9662613,14031.35548,0,349.484891,58.437,172.7014319,350.3857571,0,47.473,0,2,0,0,0,0,0
1129882,0,1,1,0,0,0,102.4905057,7800.277592,0,412.674513,35.917,48.9147217,289.5031841,0,27.315,0,1,0,0,0,0,0
5162772,1,0,0,0,0,0,420.1074444,3354.570568,0,266.800663,23.084,58.47344505,273.597208,0,5.143,0,2,0,0,0,0,0
2203078,1,0,1,0,4,0,176.6368489,16926.93234,0,369.929257,34.988,206.7320663,206.7477415,0,20.581,0,2,0,0,0,0,0
1056200,2,0,0,0,4,1,566.2315286,8748.691759,0,645.889035,79.648,363.9689096,331.2483736,1,23.381,0,2,0,0,0,0,0
2626293,0,0,0,0,2,0,984.8924687,5912.17645,0,104.086871,20.049,131.3515904,1124.189137,0,39.593,0,1,0,0,0,0,0
2219400,1,1,3,2,0,1,2060.285937,4035.408368,0,44.5538814,13.333,132.9191889,191.2344632,0,6.662,0,2,1,1,0,0,0
6095919,1,1,3,2,0,1,989.9972965,7545.987755,1,274.880634,33.992,235.7701951,902.8070369,1,23.746,0,2,1,1,0,1,1
5397349,0,0,0,0,0,0,4152.07314,6815.710674,0,254.561951,22.92,63.54832964,53.36299116,0,12.284,0,3,0,0,1,0,0
2277211,1,0,2,0,0,0,1027.167054,9816.115066,0,282.521854,32.489,7.126774936,3140.969318,0,34,0,2,0,0,0,0,0
5212204,1,0,0,0,4,0,1323.303975,5041.227357,0,192.732207,11.235,69.06718182,1746.598744,0,19.599,1,4,0,0,1,0,0
6102594,0,0,0,1,4,0,1982.549827,4481.400482,0,349.459768,52.502,102.8870133,76.30520999,0,23.769,0,1,0,0,1,0,0
5224248,1,0,3,2,0,1,1227.467386,3953.230127,1,161.894909,23.868,311.9528584,1495.796539,1,23.875,0,1,0,1,0,0,0
6246179,0,0,3,2,1,1,2486.096536,6415.640093,0,258.971957,21.583,155.1036186,2384.594868,1,22.976,0,1,0,1,0,1,0
6106013,2,1,3,2,0,1,229.7906372,14970.86127,1,271.024895,22.962,63.80581384,563.2548209,1,26.077,0,1,1,0,0,0,1
5228719,1,0,0,0,2,0,1084.772234,12612.41186,0,53.3741726,27.895,51.51863722,261.6023578,1,13.593,0,2,0,0,0,0,0
6106928,1,0,2,2,1,1,1418.907455,11324.21876,0,234.337539,16.354,179.1920131,538.6731599,1,35.567,0,1,0,0,1,0,0
5235153,1,0,0,0,1,0,629.7594897,11326.63692,0,174.558777,39.142,53.35571004,930.1221434,0,13.307,0,2,1,0,0,0,1
6109305,1,0,2,2,1,0,1330.716156,11324.21876,1,330.532292,15.376,58.35623282,633.647887,1,14.112,0,4,0,0,0,0,0
2768654,0,0,1,0,3,0,3965.488437,2049.405608,0,754.462894,9.018,121.8380324,6995.193811,1,18.156,0,1,0,0,0,0,0
2841904,0,0,0,0,4,0,388.9852621,1956.760513,0,775.6088,21.424,103.5269067,5334.609385,0,3.466,0,2,0,0,0,0,0
5616172,0,0,0,0,3,0,751.7203737,14389.57353,0,153.330047,37.517,113.5603182,648.5125344,0,24,0,1,0,0,0,0,1
5368285,2,1,0,1,0,0,514.9437125,5389.134957,0,244.293515,31.038,119.3298966,6948.340813,0,31.854,1,4,0,0,0,0,0
2842048,0,0,0,0,4,0,977.3215576,11587.0911,0,526.33256,30.269,315.8645489,5473.291748,0,30.915,0,3,0,0,0,0,0
5293956,2,1,1,0,3,0,674.5320968,4145.351288,0,748.245521,22.678,199.4938075,6295.141309,0,8.236,0,4,1,0,0,0,0
5692826,0,0,2,0,0,0,1268.037463,5105.165093,0,133.618937,33.904,144.9944331,597.274932,1,42.578,0,0,0,0,0,0,1
5659424,0,1,1,0,4,0,864.6452149,15536.23889,1,168.974918,46.569,189.3423626,1038.320753,0,35.754,0,2,0,0,1,0,0
3158115,1,0,1,0,1,0,350.5918301,7512.389561,0,511.495663,24.842,114.8902001,2629.443828,1,26.957,0,4,0,0,0,0,0
2062046,0,1,2,1,0,1,1117.410034,4303.777492,0,180.496782,23.359,76.97552563,3357.347271,0,43.42,0,3,1,0,0,0,0
5341306,2,0,3,2,0,0,1029.094256,15882.41967,0,395.553324,50.915,207.1911356,937.815324,0,35.443,0,0,0,0,1,0,1
6122890,0,0,2,0,3,0,1666.22241,10763.84721,0,379.184294,29.844,59.59189164,593.447702,0,27.671,0,3,0,0,0,0,0
5386832,0,0,2,1,2,1,927.0273578,6681.076597,1,318.446461,23.295,62.39721904,2451.517672,1,26.437,0,2,0,0,0,1,0
5390266,1,0,2,1,0,0,177.5849799,7418.083695,0,844.506525,37.094,37.98673845,3429.670683,1,17.18,0,3,0,0,0,1,0
6124126,1,0,3,2,0,0,260.5791655,12640.33977,1,663.403443,21.785,238.319188,866.3492417,1,34.131,0,2,0,1,0,0,0
6125235,1,0,1,0,0,0,374.3704917,14572.59231,0,203.057674,32.624,137.1044277,1514.954373,0,40.391,0,2,0,0,0,1,0
5393464,0,0,0,0,4,0,302.460233,7800.277592,0,499.864451,35.917,99.13472286,403.6962162,0,27.315,0,2,0,0,0,0,0
6012485,0,0,1,1,1,1,127.4755577,8299.245255,0,403.890494,34.433,120.3595832,1092.373394,0,21.621,0,1,0,0,1,0,0
5411393,1,0,3,2,4,1,18.9646258,8954.127305,0,306.956864,53.012,5.56277208,37.98167146,1,35.775,0,1,0,0,0,0,1
5412858,0,0,1,1,0,0,336.3796578,17723.6284,0,95.1219327,24.564,38.2330313,506.8600644,1,41.111,0,1,0,0,0,0,0
5420660,0,0,2,1,1,0,1421.434514,5008.35113,0,216.946651,18.385,64.97859918,6875.603799,1,29.422,0,2,0,0,1,0,0
946962,0,0,0,0,4,0,823.551218,12073.29077,0,380.902446,33.899,278.8556485,520.6261767,0,18.917,0,2,0,0,0,0,0
1189976,1,0,0,0,0,0,948.0660196,5897.858608,0,96.348165,25.772,145.4820035,1614.036402,0,13.453,0,2,0,0,0,0,0
5461305,0,1,2,0,4,0,808.3621372,12955.00099,0,48.5573249,22.965,60.56226153,1031.329169,1,14.237,1,2,0,0,1,0,1
916130,0,0,0,0,4,0,144.2029129,15845.86521,0,236.957826,51.588,22.58394197,1434.304691,0,26.61,0,2,0,0,1,0,0
5467924,0,0,0,0,4,0,1286.094975,22000.42763,0,113.055578,41.661,177.9394686,290.4560153,0,29.288,0,2,0,0,0,0,0
6134422,1,0,3,2,0,0,673.8411197,17791.03704,0,391.906294,36.324,206.5544197,774.3113966,1,17.097,0,2,0,0,0,0,1
2792330,1,0,0,0,4,0,1086.45483,5441.753619,0,275.037548,22.189,165.6794362,256.569995,0,17.717,0,2,0,0,0,1,0
6143389,1,0,0,0,3,1,806.1599586,15434.02931,0,363.779821,32.514,175.0855901,3824.589988,0,20.481,0,2,0,0,0,0,1
6148432,1,1,2,0,3,0,1151.01614,7351.434123,0,237.72382,20.351,205.1317985,4108.999999,1,8.045,0,3,0,0,0,0,0
6149722,1,0,2,2,0,0,1544.780456,21912.76805,0,373.128868,26.259,121.3044248,1201.286199,1,9.375,1,1,0,0,0,0,0
5781089,0,1,3,2,2,1,444.9506746,18752.30452,1,140.889112,32.236,83.90649816,1223.509973,1,32.118,0,2,1,0,1,0,0
5154733,1,0,1,1,0,0,449.4419474,26295.25197,0,354.353779,23.928,114.6383486,571.5713408,1,48.003,0,1,0,0,0,0,0
6057693,0,1,0,0,0,0,1556.223191,13543.67146,0,291.704959,35.009,63.92621664,748.0470703,0,11.44,1,0,1,0,0,0,0
5572565,1,0,0,0,2,0,410.1078896,7303.140518,0,269.398215,32.062,143.7603285,1055.069802,0,18.491,0,4,0,0,0,0,1
6166409,0,0,1,1,0,1,1387.322313,4545.378126,0,204.375356,25.139,68.73614646,974.363887,1,33.462,0,3,0,0,0,0,0
6234718,1,1,0,1,2,0,1190.677174,7973.646912,0,97.8089165,31.8,85.71375234,1417.080971,0,15.506,0,3,0,0,0,0,1
5593492,2,0,3,2,1,1,2076.669825,15824.33121,0,315.652743,45.903,134.6068368,430.7731012,1,29.506,0,1,0,0,1,0,0
5603277,1,0,0,0,3,0,451.5136414,8298.229078,0,229.634482,29.179,421.7306784,641.01004,0,13.278,0,4,0,0,0,0,0
6167661,1,0,1,2,0,0,641.0463542,13354.04358,1,567.917007,63.287,94.2846475,630.917668,0,16.174,1,2,0,0,0,0,0
6168808,1,0,3,2,1,1,1879.160017,3872.848554,0,112.365048,29.51,50.78419188,2261.525928,0,29.904,0,4,0,1,0,0,0
5606298,0,0,3,2,1,0,828.2638915,8377.211846,0,345.773729,17.496,181.0471261,2122.869844,1,31.388,0,0,0,0,0,0,0
6170554,0,0,2,2,4,0,806.8565772,6355.894962,0,63.4477841,20.815,40.05370596,749.9801912,1,43.208,0,2,0,0,2,0,0
6175212,1,0,3,1,1,1,738.6988099,9481.743706,0,234.566628,28.043,248.5476312,1138.151648,1,29.992,0,1,0,0,0,0,0
6380798,1,0,1,1,3,0,1228.531816,8815.264433,0,92.0907796,57.98,37.10519798,145.5075151,0,16.656,0,1,0,0,0,0,0
2435545,0,0,0,0,2,0,1419.391044,6486.762488,0,172.27497,25.78,170.8998683,7182.468463,0,14.031,0,5,0,0,0,0,0
5668143,0,0,0,0,0,1,719.3283844,18690.3203,0,154.913153,39.922,167.2970979,757.4736916,0,16.067,0,2,0,0,0,0,0
6182792,1,0,1,2,0,0,1211.849585,10689.41278,0,355.455,34.125,28.18700586,2507.495123,1,35.069,1,2,0,0,0,0,0
5673885,1,0,1,2,1,0,351.6072015,17221.86628,1,116.65973,69.793,78.3037926,659.2220272,0,49.164,0,0,0,0,1,0,0
6184654,1,0,1,0,2,1,229.4582055,13342.86873,0,398.169166,41.556,77.8375036,3100.275849,1,23.406,0,2,0,0,0,0,0
5679005,1,0,2,2,0,1,704.520216,4982.273931,0,158.367918,21.045,251.4821388,2403.596081,1,8.051,0,3,0,0,0,0,0
5685410,2,0,3,2,0,1,1238.368014,15882.41967,1,548.770486,38.229,175.5554627,1184.830105,1,36.928,1,2,0,0,1,0,0
5703866,0,1,0,0,0,0,1060.679156,10912.20434,0,203.003235,29.988,209.9247305,361.7031889,0,8.241,0,2,1,0,1,0,0
6189507,0,0,0,0,4,0,682.6685425,8103.453215,0,342.987647,33.142,306.5223497,2022.18407,0,10.29,0,2,0,0,0,0,0
6448300,0,0,0,0,4,0,618.1367221,9541.46885,0,236.029847,49.212,120.9268171,120.4054643,0,33.034,1,3,0,0,0,0,0
6190020,1,0,1,2,0,1,378.2827723,13747.68423,1,648.081362,28.704,23.73350834,2121.503329,1,33.077,0,0,0,0,1,0,1
85183,0,0,0,0,1,0,1709.349026,8755.985616,0,405.952323,43.81,23.27683124,771.9618667,0,20.706,0,2,0,0,0,1,0
6193161,1,0,2,0,0,0,849.7659383,23971.94796,1,63.2465274,59.749,156.2370359,367.8554338,0,15.607,1,2,0,0,1,0,0
6499057,1,0,1,0,1,1,283.560589,2956.342115,0,272.105924,27.964,127.5489904,756.55968,1,33.598,0,2,0,0,0,0,0
6193909,1,1,0,2,4,0,731.696689,10438.87172,0,463.593102,32.788,65.23042204,1631.681463,1,37.117,0,3,0,0,1,0,1
5748652,1,0,0,1,0,0,768.9214893,6927.039869,0,24.1861747,32.23,53.32005539,1849.371028,0,8.329,0,5,0,0,0,0,0
984160,1,1,0,1,4,1,953.8861967,12941.03565,0,63.7752443,35.495,438.4880249,1820.730601,1,26.666,0,2,0,0,0,0,0
5757206,1,0,0,0,2,1,1382.0496,2845.384582,0,372.86898,28.286,62.97847476,662.7242395,0,23.89,0,2,0,0,2,0,0
6198143,1,0,3,2,0,0,495.0021015,28660.40981,1,680.066148,44.938,148.0085854,308.0379254,1,13.225,1,1,0,0,1,0,1
6202657,2,0,2,2,0,1,2142.763515,8936.149918,1,295.800693,24.596,234.2692564,983.8254455,1,22.452,0,2,0,0,1,0,1
5764474,1,0,0,1,4,0,564.9698503,7633.976569,0,615.823879,33.836,140.8966862,384.9826197,0,25.478,0,2,0,0,0,0,0
3916798,0,0,0,0,4,0,1187.507305,3825.484456,0,395.961004,34.633,180.9913176,1803.11426,0,5.944,0,5,0,0,1,0,0
996607,0,0,0,0,4,0,1199.245348,6569.610299,0,288.240075,27.58,253.448846,2291.790092,0,16.705,0,2,0,0,0,0,0
5788734,0,0,0,2,0,0,723.9484138,18848.20541,0,409.261182,65.015,79.36314983,472.2988843,0,25.455,0,0,0,0,1,0,0
6204568,1,0,2,2,0,1,300.8016909,8759.19276,0,542.853363,29.134,135.0412266,3179.318887,1,8.295,0,2,0,0,1,0,0
5799178,0,1,0,2,0,0,455.925411,6216.781221,0,507.348654,20.292,327.8496276,4110.831966,0,20.428,0,3,0,0,0,0,0
5800510,1,0,0,0,0,1,954.9578027,6672.11278,0,38.9284802,22.588,119.4742764,1307.065267,0,12.914,0,4,0,0,0,0,0
5800936,1,1,1,0,4,1,867.9981999,10389.00891,0,105.253569,28.078,347.4323876,1021.32775,0,24.619,0,1,0,0,0,0,0
6205881,0,0,0,0,4,0,273.0939004,8986.239604,0,360.193441,41.466,105.3696023,2342.675256,0,23.435,1,3,1,0,0,0,0
4125187,0,0,0,0,4,0,212.6295035,16046.72674,0,660.343725,46.51,97.47844349,3067.805839,0,23.435,0,2,0,0,0,0,1
6206957,0,1,1,0,0,0,724.3311419,8733.695088,0,186.560854,22.92,184.7792607,844.9281601,1,27.543,0,4,1,0,0,0,0
6207112,1,1,3,0,0,0,602.9873859,14970.86127,1,231.346973,32.095,236.3155351,302.0697415,0,18.648,1,3,0,0,1,0,1
6207651,1,1,1,0,0,0,475.2463018,10936.28932,0,183.985353,41.865,87.79901477,2006.842221,0,22.781,1,1,0,0,0,0,0
130586,1,0,2,1,0,0,1487.963863,4481.400482,0,128.46436,52.502,224.4176865,292.7707665,1,23.769,0,2,0,0,0,0,0
249155,2,0,1,2,1,0,861.4092017,15063.78149,0,45.7960377,33.971,316.9157229,995.6780676,1,29.812,0,1,0,0,1,0,0
264036,1,0,0,0,3,0,709.751906,9880.479106,0,191.26034,37.218,122.3930112,3082.842257,0,29.841,1,2,0,0,0,0,0
6209362,1,0,3,0,0,0,655.9855512,10949.43252,1,60.4407259,49.593,139.4618388,282.6547537,0,22.973,0,2,0,0,1,0,0
6209390,2,0,3,1,0,0,1088.711737,9098.707105,1,36.6914557,55.804,67.06013015,62.11000148,1,14.43,1,2,0,1,0,0,1
906299,0,0,0,0,3,0,333.3514188,9330.324313,0,439.452539,36.392,116.3425258,1936.201673,0,17.405,0,1,0,0,0,0,0
4794533,1,1,0,0,3,0,474.4350426,16432.44594,0,460.095478,36.212,32.80425829,1274.269396,0,38.255,0,2,0,0,0,0,0
441098,1,1,3,2,0,0,983.9457024,22000.42763,0,115.237598,49.045,68.63635579,947.860954,1,20.779,0,1,0,1,0,0,1
4245658,1,0,0,0,0,0,820.0123148,4557.618695,0,98.8089937,18.935,358.3423855,571.371512,1,10.46,0,3,0,0,0,0,0
532348,0,1,2,1,0,1,2408.281151,6415.640093,0,327.205343,21.583,186.3371153,2338.380421,0,22.976,0,2,0,0,1,0,0
566002,1,0,3,2,0,1,143.5698896,11978.70502,1,371.676514,33.191,146.4341185,232.4874523,1,37.205,1,1,0,0,0,1,0
589806,0,1,0,1,0,0,1988.305515,20739.86385,0,241.682814,26.525,192.4936089,208.5644208,0,34.358,0,2,0,0,0,1,0
623400,0,0,0,0,0,1,2764.809673,6200.269707,0,461.821542,35.683,79.49614882,1293.681453,1,15.478,0,1,0,1,0,0,0
684151,1,0,2,2,3,1,1680.76178,9632.271185,0,104.455735,52.187,55.77836268,895.1214531,0,24.249,0,2,0,0,0,0,0
707592,1,0,2,2,0,1,1173.318081,5495.518491,0,40.0835191,21.875,23.01522219,3600.015729,1,28.751,0,2,0,0,0,0,0
743391,1,0,0,0,3,0,132.0786015,8986.239604,0,500.589584,58.053,10.61365916,2632.897016,0,28.097,0,1,0,0,0,0,0
771907,0,1,0,0,4,1,180.0143581,17467.71733,0,604.671778,29.839,36.10032568,746.553602,1,26.952,1,1,0,0,0,0,0
772117,0,0,0,0,4,0,530.9743877,4567.981081,0,48.219059,33.249,139.252845,1960.269963,0,5.39,0,1,0,0,0,0,0
6302086,0,0,0,0,4,0,547.1918323,3475.136378,0,357.754703,22.749,281.8737807,1257.138578,0,18.853,0,2,0,0,0,0,0
834745,1,1,2,2,0,1,727.8650256,14963.7193,1,457.155048,29.836,66.26502981,1133.548889,1,36.106,0,3,1,0,0,1,1
124915,0,0,0,0,4,0,339.931759,9536.570779,0,280.066463,46.315,126.4046017,2009.904583,0,23.637,0,2,0,0,0,0,0
1935245,1,0,0,0,2,1,252.1540246,18787.59912,0,92.5837089,35.611,117.7560698,581.9444222,1,38.451,0,1,0,0,1,0,1
847727,0,0,0,0,4,1,496.3806891,18240.64627,0,312.819721,31.576,66.35786879,590.4784713,0,14.584,0,2,0,0,0,0,0
852063,0,0,0,0,3,0,1313.716794,4222.240288,0,381.588537,14.375,70.31206385,6985.962487,0,37.305,0,3,0,0,0,0,1
949445,2,0,3,2,0,0,336.7793467,9541.46885,0,296.716996,26.176,143.9902291,432.7985011,0,43.021,0,2,0,0,0,1,0
2813802,0,0,0,0,4,0,433.7238117,7657.778564,0,134.672146,40.904,152.2098963,931.0167042,0,11.738,0,3,0,0,0,0,0
1092567,0,0,0,2,3,0,537.7560371,9816.115066,0,294.979843,37.044,202.5285194,2656.274494,1,40.839,0,1,0,0,0,0,0
1122346,0,0,0,0,0,0,377.7106358,10515.42454,0,441.277206,31.013,164.0183938,1197.002817,0,14.111,0,2,0,0,0,1,0
1167090,1,0,1,0,0,0,479.0659038,8969.946753,0,193.29929,20.277,345.6173688,1238.903424,0,9.969,0,2,0,0,0,0,0
2929969,0,0,1,2,2,1,1295.049296,7615.217084,0,573.985305,35.022,218.5617089,633.604935,1,57.097,0,2,0,0,0,0,0
5901327,2,0,0,2,0,0,372.2670187,11003.00823,0,84.1340338,26.578,70.35437912,1115.169777,1,36.203,0,2,1,1,1,1,0
1278178,1,1,3,2,0,0,1285.860021,5646.830867,1,226.050996,27.644,132.9162131,5046.324545,0,29.351,0,1,0,1,0,1,1
1289172,1,1,2,2,0,0,699.5491809,7760.734499,0,60.6119408,44.706,142.7919507,1349.520751,1,18.848,0,2,1,0,0,0,0
1290964,0,0,0,0,3,1,485.0396741,17548.72222,0,307.805497,26.921,27.58857427,411.4908425,0,17.42,0,1,0,0,0,0,0
1294232,1,1,3,2,1,1,587.3419267,12941.03565,0,214.33058,21.286,284.8547485,971.8808671,1,41.863,0,3,1,1,0,0,1
1307906,1,0,1,0,4,1,1671.181412,13496.89675,0,75.7856997,30.679,60.56353114,408.4600497,0,46.457,0,2,0,0,0,0,1
1315835,1,0,1,0,2,1,665.8544827,808.6555717,0,68.4783036,17.088,40.8088914,11364.75791,0,43.217,0,1,0,0,0,0,1
6235646,2,1,2,0,3,0,774.0623577,14560.31422,0,161.526778,31.774,6.591361384,875.2550871,1,35.666,0,1,0,0,0,0,1
1372708,1,1,2,1,1,0,240.2013961,17467.71733,0,65.7742567,28.134,41.17167996,653.037435,1,33.321,1,3,0,0,0,0,0
1389142,1,0,0,0,4,1,1126.456892,9481.743706,0,308.670434,26.811,106.9525845,1731.517339,1,28.995,0,1,0,0,0,0,0
227913,0,0,0,0,4,0,1215.352866,5882.908588,0,537.321199,31.435,316.1017027,298.8995462,0,16.166,0,4,0,0,0,0,0
1477939,2,0,0,0,2,0,1693.699148,18155.10136,0,214.651578,39.844,40.20385527,866.3916954,0,25.552,0,1,0,0,0,1,0
1449909,0,0,0,1,3,1,1493.094828,11647.56237,0,381.978012,35.799,267.5845961,673.3707508,0,9.468,0,1,0,0,0,0,0
1550689,1,0,1,0,2,1,361.6862553,8802.092707,0,435.781572,27.563,184.7108613,1588.452464,0,19.475,0,2,0,0,0,1,0
6725459,1,0,3,2,1,0,502.3967,20795.29081,0,81.3692494,37.905,152.8798509,314.9748003,1,28.299,0,2,0,0,1,0,0
1569678,0,0,0,0,4,0,366.2569498,6071.356514,0,191.800813,32.256,75.58010042,681.4382767,0,26.384,0,2,0,0,0,0,0
1649861,0,0,0,0,4,0,667.7282356,6215.117464,0,932.696607,32.069,102.1470111,205.9656586,0,19.011,0,2,0,0,0,0,0
6237141,0,0,0,0,0,0,720.6960778,19176.12675,1,238.916749,25.117,79.79483673,1081.042463,0,17.412,0,3,0,1,0,0,0
1714159,0,0,3,2,0,1,116.987047,7081.50832,0,823.138452,40.603,116.0074249,148.4906354,1,10.551,0,2,0,1,0,0,0
384427,1,0,0,0,4,0,678.8331084,6482.866534,0,361.017072,35.318,220.5195878,1758.447769,0,14.801,0,2,0,0,0,0,0
1727229,0,0,2,0,0,1,2035.758595,16255.89271,1,289.641051,31.538,28.25183876,703.4031743,1,37.986,0,2,0,1,0,0,0
6237822,1,1,3,3,0,1,3009.379061,4615.4919,0,447.291956,25.407,135.3590586,492.5709554,0,38.85,0,3,1,0,1,0,1
1737814,1,0,0,1,0,1,290.9379586,6956.920627,0,412.261686,25.847,161.8653984,4207.045672,1,8.226,0,2,0,0,0,0,0
6240023,0,0,0,0,3,0,780.3345923,2161.527609,0,923.4307,11.678,252.4351548,7103.931414,1,3.171,0,3,0,0,1,0,0
1804934,1,0,1,0,0,0,517.0833019,1500.111374,0,86.4359254,21.167,185.4775019,5688.853615,0,4.594,0,4,0,0,0,1,1
1871102,1,0,1,0,0,0,193.7903455,10474.95621,0,322.398421,32.827,187.3213542,1996.027353,1,28.215,1,1,0,0,0,0,0
1914108,0,0,0,0,4,0,1148.394377,22000.42763,0,162.830462,49.045,183.063846,861.6801897,0,20.779,0,1,0,0,1,0,0
5928025,0,0,0,1,0,0,951.5565273,12941.03565,0,147.014019,35.495,348.0755772,1275.329787,0,26.666,0,4,0,0,1,0,0
1928842,1,1,0,1,2,1,266.1140572,5937.199533,0,671.802807,34.205,140.0448586,2423.067571,1,15.405,0,3,0,0,0,0,0
6243085,1,1,0,1,2,1,541.399654,13949.48944,0,291.011215,25.293,267.8862637,962.993439,1,22.29,0,2,0,0,1,0,0
2632570,1,1,0,1,4,1,675.8648839,6738.976905,0,249.012592,28.22,149.3750327,3164.999187,1,14.261,0,1,0,0,0,0,0
554109,1,0,0,0,4,0,807.9589023,8788.313314,0,339.722122,30.666,36.69139776,2879.620724,0,34.114,0,2,0,0,0,0,0
1998519,0,0,3,1,2,1,1449.301872,5804.0556,0,500.647834,15.912,26.03296011,2291.582352,0,8.602,0,2,0,1,0,0,1
2035710,0,0,2,2,1,0,400.7587454,13437.45482,0,314.226268,41.496,161.4749409,986.1206287,1,23.269,0,1,0,0,1,0,0
2038669,1,0,0,0,1,0,1262.797612,17860.22643,0,158.643151,22.491,165.7791047,2120.362172,0,33.895,0,2,0,0,1,0,0
2055580,0,0,1,2,1,0,603.5405545,10911.69641,0,384.071391,33.971,115.3976608,1304.150063,1,26.51,0,3,0,0,0,0,0
2068362,1,1,2,0,0,0,1301.261902,16255.89271,0,366.074249,23.103,84.57838122,531.9375833,0,38.797,1,3,1,1,0,0,0
2069501,1,0,2,0,0,0,1395.145512,8755.985616,0,208.589126,50.916,182.1556576,573.3029627,0,27.841,0,0,0,0,0,0,1
2105026,2,0,2,0,4,0,937.5496758,9846.049064,0,144.086359,40.286,278.0667243,1928.545547,0,16.179,0,1,0,0,0,0,0
2191855,0,0,0,0,4,0,841.6146254,12073.29077,0,81.8003945,34.042,215.2321641,892.078125,0,7.631,0,3,0,0,0,0,0
520032,0,0,0,0,4,0,979.6835439,5039.871123,0,114.105754,44.82,180.5883345,2817.202238,0,32.696,0,2,0,0,0,0,0
581590,1,1,3,3,3,0,1437.078822,7388.591081,0,80.254896,26.113,40.2300289,5073.673842,1,40.049,0,2,0,1,0,0,0
2213243,2,0,3,2,3,1,436.4291888,3953.230127,1,496.798502,25.576,78.76994315,1081.947895,1,19.225,0,2,0,0,1,0,1
1107782,1,0,2,2,2,1,182.8901405,14102.87952,0,378.399158,61.169,109.83595,1174.806501,1,17.108,0,2,0,1,0,0,1
2245936,2,1,2,2,0,1,1198.078862,8931.904674,0,295.893156,23.358,89.33536125,1311.885744,0,26.808,0,2,0,1,0,1,1
2249294,0,0,0,0,4,0,193.1499795,14710.35663,0,391.743461,25.236,102.2823774,2067.113797,0,33.531,0,2,0,0,0,0,0
2266702,1,0,0,0,0,0,230.0652977,7891.816147,0,207.95728,21.004,146.9826319,1750.824378,0,11.422,0,3,0,0,0,0,0
5969886,1,0,3,2,2,1,418.1552669,7418.083695,0,465.760766,37.094,106.6927911,3324.206789,1,17.18,0,1,0,0,1,0,0
2709026,1,0,0,0,4,0,649.3455184,6633.981714,0,119.055137,17.393,324.7932001,4207.778949,0,11.343,0,3,0,0,0,0,0
2299550,1,0,0,0,4,0,908.1885775,20277.09162,0,59.2812748,30.62,357.9327131,164.2295223,0,20.127,0,3,0,0,1,0,0
2347448,0,0,0,0,0,0,2458.324909,4895.678169,0,53.3986077,11.793,108.2497756,623.8367261,0,8.59,0,1,0,0,0,1,0
2367900,1,1,0,0,0,1,254.8433916,12369.03102,0,183.534736,34.325,239.6096014,2153.825699,0,37.972,0,0,0,0,0,0,1
2402152,1,0,3,1,0,1,286.8771215,13640.22071,0,546.115678,36.317,35.05008641,2789.20445,1,26.46,0,2,0,0,0,1,1
733312,1,1,3,1,0,0,336.6816259,10125.07357,1,95.6886539,24.924,185.7628626,1274.503457,1,33.853,0,2,0,0,1,0,1
2434067,1,0,2,2,1,1,1475.658045,7711.137594,1,456.266349,23.986,121.2142692,255.1767073,1,21.12,1,1,0,0,0,0,0
2446511,1,1,2,2,0,0,109.9907666,8865.754399,0,260.837902,59.903,130.0447556,2499.868294,1,28.027,0,5,0,0,0,0,0
6254040,2,0,3,2,0,1,189.604147,10534.66305,0,349.203141,46.206,165.331989,237.0762636,1,35.991,0,2,0,0,0,0,1
2458152,0,0,0,0,2,0,1436.542972,6215.117464,0,633.95327,43.409,107.3882201,932.2991956,1,23.288,0,3,0,0,1,0,1
2460265,0,1,0,0,2,0,28.18898588,12504.9203,0,119.119593,33.271,53.09306507,442.2713692,1,30.891,0,1,0,0,0,0,1
5632122,0,0,0,1,4,0,317.8449357,12150.01553,0,113.959082,31.59,77.84424379,715.4371071,1,27.067,0,1,0,0,0,0,0
6254137,0,0,2,0,0,1,777.6977913,14622.58798,0,389.34929,47.358,47.66987793,640.4296772,1,17.52,0,1,0,0,0,0,0
2502169,0,0,0,0,2,0,263.8647651,6997.08455,0,271.441725,36.175,173.8350499,1692.84564,0,28.381,0,0,0,0,0,0,0
2519484,0,0,0,1,0,0,2199.230829,13629.51323,0,277.535267,49.327,254.7082626,600.096457,0,40.084,0,0,0,0,1,0,0
2535455,2,1,0,1,3,0,821.4270202,4567.981081,0,84.2820921,23.522,116.9309704,2345.404841,0,9.449,0,3,0,0,0,0,1
6224709,1,0,1,0,1,0,349.8261434,13533.02404,0,227.123229,48.747,65.59337304,2868.300156,1,35.543,0,1,0,0,0,0,0
690182,0,0,2,1,3,0,359.4271719,1956.760513,0,722.002111,21.424,50.02026265,5385.514398,0,3.466,0,2,0,0,1,0,0
2535501,1,0,3,2,1,1,950.8031548,19364.66144,0,150.760118,49.628,58.30295843,395.8673083,0,18.74,0,1,0,0,0,1,0
2548229,1,0,1,0,1,0,875.6570279,9221.560721,0,303.016863,43.327,172.2055036,826.384218,0,18.031,0,2,0,0,0,0,0
6255479,0,0,0,0,4,0,2548.35562,3428.360424,0,126.683524,37.041,171.5996933,155.2521459,0,10.258,0,1,0,0,1,0,0
6256306,0,0,0,0,0,0,547.1685778,1500.111374,0,242.118123,17.784,236.6081522,5792.433566,0,3.249,0,1,0,0,2,0,0
1149635,1,0,3,2,0,1,836.4809827,7760.734499,1,32.0501965,44.706,106.3482963,1212.369888,1,18.848,0,2,0,0,0,0,0
6006714,1,1,3,2,2,1,676.2701021,15017.28117,1,218.263508,30.365,82.10329551,1100.193332,1,28.667,0,0,0,0,1,0,1
6257709,1,0,2,1,0,0,1058.399302,10612.33066,1,724.82545,32.039,26.70219509,894.9259005,0,16.868,1,1,0,1,0,1,0
2606093,0,0,0,0,4,1,402.4156089,7891.816147,0,217.278174,21.004,371.3670751,1217.501001,1,11.422,0,1,0,0,0,0,0
2671882,0,0,0,2,2,0,1612.398699,2817.067816,0,251.981497,16.898,67.22580484,4886.167117,0,26.724,0,2,0,0,1,0,0
6237398,0,1,0,0,3,0,340.4793456,5320.666437,0,370.56306,15.564,252.0199739,5189.915404,0,9.317,0,3,0,0,1,1,0
2679025,0,0,0,2,1,0,1697.825332,9532.869438,0,182.705682,36.153,156.1343089,419.7819777,0,30.447,0,0,0,0,0,0,0
6259802,1,0,2,2,3,0,3815.709212,6050.56449,0,107.878163,17.137,31.53258592,276.7676902,1,29.236,0,0,0,0,0,0,0
880431,0,0,0,0,4,0,501.7981026,10534.66305,0,153.820248,31.663,191.8634148,303.8405901,1,47.93,0,2,0,0,0,0,0
2755268,1,1,3,2,0,1,206.2777078,9239.903644,1,179.715684,28.513,118.241549,1353.555186,0,25.697,0,1,0,1,0,1,1
187671,1,0,0,0,4,0,110.0228316,11306.85311,0,495.472613,25.995,97.39258376,1508.812194,0,31.576,0,1,0,0,0,0,0
2793654,0,1,1,2,0,0,861.1659902,6968.7867,0,391.198302,16.659,102.8544824,230.5106993,1,19.767,0,4,1,0,1,0,1
6265379,2,0,3,2,0,1,1644.527481,12498.9665,1,274.201429,39.197,500.7092935,1067.617174,1,28.623,0,3,0,0,0,0,0
2825426,0,0,1,0,3,1,848.4236951,4961.855548,0,642.530291,14.778,422.6689852,271.7094672,1,8.919,0,1,0,0,0,0,0
2167276,1,0,0,0,4,1,377.6831558,21046.69205,0,302.271655,39.329,110.573453,517.8994221,0,34.596,0,1,0,0,0,0,0
2851054,0,0,0,0,3,0,892.8821138,10515.42454,0,127.115273,33.896,187.5927413,2205.602065,0,15.226,0,2,0,0,0,0,0
2851592,1,0,3,2,0,0,29.66903093,16074.12572,0,480.947777,39.811,43.07820231,256.6338761,1,21.801,0,0,0,0,0,0,0
2890805,1,0,0,1,3,0,1069.311496,8131.005891,0,244.963087,32.002,130.5951659,4208.492703,0,14.812,0,2,0,0,0,0,0
75222,0,0,0,0,4,1,503.3388241,2041.65792,0,113.223451,25.883,126.1600838,4581.348098,0,20.234,0,3,0,0,0,0,0
2895700,1,1,2,2,0,1,2128.504455,8327.324937,0,419.180353,29.665,145.1205397,733.2836328,0,24.116,0,3,0,0,1,0,1
1049053,1,0,0,0,4,1,638.0510639,6633.981714,0,509.394835,23.907,151.8256302,3977.33119,0,9.504,0,5,0,0,1,0,0
2898469,0,0,2,2,1,1,650.5294007,11771.62591,1,98.4215656,18.111,18.86985484,624.3724739,1,16.068,0,2,0,0,0,0,0
2899893,1,0,2,2,1,0,1785.527461,5721.077249,0,256.404615,22.131,595.1830757,921.0492045,1,14.247,0,1,0,0,2,0,0
6270429,0,0,2,0,2,0,720.541821,4776.711957,0,322.215809,29.587,95.87112051,4448.591338,1,35.196,0,4,0,1,0,0,0
2905977,0,0,0,0,0,0,945.9349153,7351.434123,0,212.298468,20.351,79.82935273,4427.923341,1,8.045,0,3,0,0,0,1,0
2910747,1,0,2,2,0,0,638.6867907,5432.141534,0,361.410533,27.297,386.0528196,1655.084005,1,22.183,0,2,0,1,0,0,0
6270910,0,0,0,0,1,0,132.4097795,16276.70462,0,382.469129,32.37,45.90950924,410.9244909,0,31.404,0,3,0,0,1,0,0
5560558,0,0,0,1,4,0,387.3164958,18398.65703,0,261.056941,41.603,381.594892,232.5154461,0,16.599,0,4,0,0,0,0,0
2941845,1,0,3,1,2,1,436.4877176,7741.913811,0,38.0094664,38.902,229.6670648,1081.137323,0,30.562,0,1,0,0,0,0,0
2941745,1,0,0,0,2,0,437.4234271,15242.7494,0,301.401343,35.223,207.2159722,1223.401079,0,29.027,0,2,0,0,0,0,0
2971988,2,0,2,1,0,1,299.703047,12799.8378,0,326.872597,47.787,175.2537939,755.632757,0,30.044,0,1,0,0,0,1,0
1102203,0,0,0,0,4,0,815.0289744,12073.29077,0,142.03176,34.042,213.3714235,864.3534348,0,7.631,0,1,0,0,0,0,0
6048624,0,0,0,0,3,0,1805.431899,8540.263444,0,276.981728,22.237,159.4889879,947.352601,0,9.549,0,3,0,0,0,0,0
1219554,1,0,0,1,4,1,456.2925676,3178.73769,0,213.592034,19.678,150.7168991,2562.351311,1,7.308,0,2,0,0,0,0,0
4867544,0,0,0,0,2,0,730.9459786,14113.88592,0,370.133497,53.677,310.3750621,3136.826066,0,26.492,0,1,0,1,0,0,0
3150125,1,0,2,2,0,0,1168.995017,7693.240432,0,110.222284,31.044,372.6718422,818.5360011,1,20.032,0,0,0,0,1,0,1
6278207,1,0,2,2,0,1,799.1316139,15281.33625,0,307.481713,35.137,179.5216488,258.1359953,1,34.369,0,2,0,1,0,0,0
3150880,1,0,0,0,0,0,366.7040407,14234.30532,0,734.548181,36.205,88.44174405,416.9802521,0,20.295,0,1,0,0,0,0,1
6433413,0,0,0,0,4,1,175.3190649,13640.22071,0,383.340603,36.317,88.50525648,2409.791463,0,26.46,0,3,0,0,1,0,0
6280900,1,0,1,1,4,1,710.8652891,10071.80128,0,182.834925,31.716,51.11850727,16.2033827,1,36.32,0,3,0,0,0,0,0
1171303,0,0,0,0,4,0,1527.909566,2842.566739,0,239.084686,23.759,142.3188365,240.9938671,0,10.721,0,2,0,0,1,0,0
6283235,1,0,3,2,1,1,1108.408461,4222.240288,0,334.049861,14.375,171.2433579,6834.159755,1,37.305,1,1,0,1,0,1,1
3713406,0,0,0,0,4,0,1121.804993,5112.914254,0,107.213819,13.32,121.2695707,7553.283552,0,4.327,0,2,0,0,0,0,0
3714619,1,0,0,0,4,0,209.7818844,14080.85822,0,667.932361,61.729,16.04771049,73.14198444,0,25.416,0,4,0,0,1,0,0
3713632,1,0,3,0,1,0,1770.972093,6810.961872,0,49.4592195,21.805,128.3156893,879.7574403,1,33.304,0,1,0,0,1,0,1
3726557,1,0,0,2,4,1,738.7167356,16030.51435,0,417.2341,33.546,23.61379191,1970.33471,0,18.304,0,4,0,0,0,0,0
1262676,1,0,2,2,0,0,2965.715202,6861.261385,1,609.027695,19.581,7.700492643,3519.485881,1,29.802,0,1,0,0,1,0,0
3774425,0,0,0,0,0,0,885.909117,20812.83644,0,206.228057,43.564,154.015184,653.922692,0,15.017,0,2,0,0,0,0,0
3787735,0,0,0,0,4,0,1060.74732,5521.586415,0,187.441129,12.115,176.8027877,1111.291563,0,10.158,0,2,0,0,0,0,0
3830152,1,0,0,0,4,0,1016.050401,7693.240432,0,124.284314,33.08,185.9369614,364.4493336,0,11.697,0,1,0,0,0,1,0
3860584,1,0,0,0,4,0,521.4949791,9849.989867,0,316.26514,37.503,55.81271784,1098.963077,0,24.463,0,2,0,0,0,0,0
3887876,0,0,0,0,3,0,799.3194464,9221.560721,0,231.875654,43.327,27.68492682,1161.073257,0,18.031,0,0,0,0,0,0,0
3973948,0,0,2,1,4,0,1387.040843,16330.10516,0,92.6318731,29.503,31.15208893,1159.003806,0,31.183,0,1,0,0,0,0,0
5234695,1,1,0,1,0,1,72.25628227,8292.5633,0,546.204741,41.429,52.75091421,3387.764075,0,17.513,1,3,0,0,1,0,1
1383441,0,0,0,0,4,0,2102.514917,2439.963318,0,388.97908,18.833,138.8397857,656.7212071,0,6.834,0,1,0,0,1,0,0
3982781,1,0,2,2,1,1,448.5951454,13533.02404,1,53.4609261,34.002,74.43459778,2695.678507,1,32.313,0,1,0,0,1,0,0
6429029,0,0,0,0,1,0,974.6478334,14963.7193,0,171.91876,40.609,98.05092365,600.7663975,1,30.946,0,2,0,1,0,0,0
6291294,2,0,1,0,0,0,843.8285294,5783.629785,0,11.6500393,27.992,60.67986106,1563.641126,0,46.735,1,2,0,1,0,0,0
5313956,0,0,0,0,4,0,412.7864781,19613.95635,0,209.740604,29.869,105.326499,262.5918216,0,35.605,0,2,0,0,0,0,0
4044612,0,0,0,0,0,0,584.9281794,8298.229078,0,258.350407,15.335,578.4712576,802.7459066,0,28.704,1,2,0,0,0,0,1
4111714,0,0,0,0,4,0,270.6044652,11424.44211,0,840.324009,26.522,91.43366444,729.1846057,0,30.894,0,1,0,0,0,0,0
6298077,1,0,0,0,0,0,553.7893648,7791.640058,0,507.477047,33.793,155.5728874,241.4832617,0,8.033,0,4,0,0,0,0,1
4168817,0,0,1,0,0,0,959.5499738,8103.453215,0,492.629672,23.364,29.33232172,1795.592326,0,13.363,0,0,0,0,2,0,0
1312383,0,0,0,0,4,0,431.7520733,14560.31422,0,180.075652,61.335,185.5680794,566.1473017,0,36.878,0,3,0,0,0,0,0
4201025,1,0,0,1,0,0,306.6194592,18787.59912,0,62.1625686,30.48,54.51242643,634.7636782,0,28.761,1,1,0,0,0,0,0
4229997,1,0,0,0,4,0,656.2316203,4973.721458,0,268.721059,19.042,225.8345869,4447.513976,0,6.434,0,4,0,0,0,0,0
4241644,1,0,2,2,2,0,359.1488058,21955.47306,0,339.717319,37.917,194.174791,305.7746085,0,16.762,0,1,0,0,0,0,0
6300764,1,0,1,2,3,0,1122.900686,12500.19895,0,450.781955,32.465,162.6087947,1327.067636,1,58.173,0,4,0,0,0,0,0
6301118,1,0,0,2,3,1,294.9085104,8759.19276,0,384.491072,29.134,183.8255985,3353.811842,0,8.295,0,2,0,0,0,0,1
4359392,0,0,2,1,3,1,428.5130591,25356.49718,0,295.006362,46.728,232.8286878,212.183197,1,11.859,0,2,0,0,0,0,0
4404888,1,0,0,0,4,0,1958.233624,1925.477146,0,152.559243,24.254,36.67231328,667.1889383,0,7.674,0,2,0,0,0,0,0
4527036,0,0,2,2,2,0,1887.542759,405.7280001,0,671.416314,28.307,178.9539938,2054.691592,1,21.888,0,1,0,0,1,0,1
4537455,0,0,0,0,3,0,98.99156623,15751.80462,0,410.343229,32.502,48.44551841,1007.823929,0,38.606,0,3,0,0,0,0,0
4548347,1,1,0,1,0,0,1401.024962,5473.607369,0,290.640788,9.212,77.23002361,2834.800774,0,35.547,0,5,0,0,0,0,0
6302750,1,0,0,2,3,0,3597.136188,5633.205071,0,307.906494,22.123,103.4078728,1578.055757,0,9.012,0,3,0,0,1,0,0
1375161,1,1,0,0,0,0,608.8101683,3528.764059,0,298.365355,12.133,179.6676264,3936.94626,0,5.021,0,4,0,0,0,0,1
4605059,1,0,0,0,0,1,1031.568487,15434.02931,0,598.198187,41.086,77.08127585,2953.719295,0,26.207,0,4,0,0,0,0,0
6118494,2,0,3,2,0,0,284.7754748,10036.93198,0,410.726461,23.99,403.1597578,1878.367584,1,25.704,1,0,0,0,1,0,0
4632733,0,0,0,0,0,1,817.9828728,10912.20434,0,462.157259,26.817,204.3260005,721.0185241,1,11.97,0,2,0,0,0,1,0
1402918,1,0,0,0,4,0,27.84910503,12150.01553,0,218.300438,31.59,73.25120532,1479.616876,0,27.067,0,1,0,0,0,0,0
1410942,0,0,0,0,4,0,1098.01528,11324.21876,0,233.868057,14.313,69.20589615,485.9425356,0,12.658,0,1,0,0,0,1,0
4659300,0,1,2,1,4,1,2051.39962,8540.263444,0,66.0573566,18.014,512.3141958,883.7893923,1,3.631,0,2,0,0,2,0,0
4720464,1,0,0,0,4,0,683.5720102,682.8609784,0,288.852637,13.504,46.14335999,8264.122026,0,7.29,0,2,0,0,1,0,0
5598734,1,1,3,3,0,1,955.7534946,6460.884933,1,265.321948,37.469,135.0732103,2905.509236,1,20.602,1,2,0,0,0,0,1
5610802,0,1,0,0,0,0,978.6021256,14113.88592,0,207.803518,50.857,71.23608542,3115.754512,0,28.427,0,0,0,0,0,0,0
4783599,1,0,0,0,2,0,1034.01721,11371.33638,0,193.153734,21.309,167.9706546,714.3986294,0,22.636,0,2,0,0,0,1,0
6312788,2,1,1,2,1,0,171.4484826,11978.70502,0,333.729433,47.171,155.56149,489.6672666,1,33.601,0,3,1,1,0,0,0
4887207,0,0,0,0,4,0,802.9476409,8088.881114,0,102.236341,25.141,73.9276721,881.7195833,0,20.796,0,2,0,0,1,0,0
4916989,0,0,0,0,2,0,1162.764875,17860.22643,0,155.597678,22.491,181.8332867,2162.448807,0,33.895,0,2,0,0,0,1,0
4935630,1,0,0,0,0,1,1170.614328,10912.20434,0,226.441133,24.414,151.3157201,517.5116056,0,8.54,0,2,0,0,0,1,0
4942298,1,0,1,1,1,1,952.6643086,12019.57028,0,204.221168,18.106,217.3510637,1033.197133,0,41.649,0,1,0,0,0,0,0
1794193,1,0,0,0,3,1,362.6280516,12087.15488,0,316.787235,44.184,140.1821116,239.9554751,0,38.967,0,1,0,0,0,0,0
6247879,0,0,0,0,3,0,561.3818005,20096.63077,0,364.702997,30.687,32.41861933,604.1989964,0,30.958,0,5,0,0,0,0,0
4983772,1,1,0,0,3,0,716.2336246,11509.67514,0,425.641376,34.334,262.4878741,240.4304281,1,10.864,0,2,0,0,1,0,0
4988978,1,0,2,2,4,1,355.1224375,6290.055949,0,163.131957,28.844,182.4431264,2912.912093,1,3.877,0,2,0,0,1,0,0
4993125,1,1,3,2,1,1,3459.57446,6038.98984,1,376.062639,27.757,112.0921543,1466.415925,1,14.568,0,3,1,0,1,0,1
5005725,1,0,1,0,1,0,1726.807957,7974.540136,0,291.844219,34.818,80.64900708,575.3763336,1,30.111,0,1,0,0,1,0,0
5719058,1,0,0,0,4,0,3324.875401,5633.205071,0,116.027033,22.123,394.5121846,1284.923597,0,9.012,0,2,0,0,0,1,0
5016394,1,0,3,2,1,0,2447.415457,4328.661349,1,376.484114,16.459,213.3802784,2806.838298,1,15.825,1,1,0,0,0,1,1
6319060,1,0,2,0,2,0,396.5075928,23737.83337,0,132.008451,37.255,51.25407196,87.20630764,0,24.876,0,1,0,0,0,0,1
3704178,0,0,0,0,4,0,2472.181639,6993.395968,0,695.666679,19.329,13.16396003,238.6206758,0,18.23,0,2,0,0,0,0,0
5040201,1,0,2,2,0,0,77.75008508,18079.67251,0,376.574127,40.716,76.25003546,512.7258143,0,27.495,0,1,0,0,0,1,0
5061212,0,0,0,0,3,0,894.165804,7427.106538,0,317.753561,41.52,109.618957,224.4934779,0,24.456,0,1,0,0,0,0,0
6320591,0,0,3,2,0,1,708.4830781,18320.14404,0,493.358999,33.207,104.6172327,977.838128,1,18.532,0,2,0,0,0,1,0
1600829,0,1,2,2,0,0,82.25992555,10827.98276,0,158.643154,35.599,24.3774154,1063.552244,1,14.033,0,1,1,0,0,0,0
5106373,1,0,2,0,0,0,1154.390851,16753.10098,0,511.634771,50.036,91.41653952,443.3101749,0,25.684,0,1,0,0,0,0,0
5116896,1,0,1,0,0,1,405.9414406,8954.127305,1,176.350475,53.012,190.6005033,428.3179538,0,35.775,1,1,0,1,0,0,1
5136996,1,1,2,2,0,0,295.5277285,13968.65198,0,221.332681,34.595,326.02648,435.193065,1,17.544,0,1,1,0,0,0,1
1617721,2,1,2,0,0,1,140.6812961,7388.591081,0,197.309927,36.817,169.9059754,3602.726161,0,48.205,1,4,0,0,1,0,1
5157576,1,0,0,1,3,0,2286.396371,6993.395968,0,504.952694,19.329,165.8484141,295.7604373,0,18.23,0,1,0,0,0,0,0
6325451,1,0,1,2,0,0,532.5101483,10461.29232,0,244.744775,57.811,311.7384757,418.0812635,1,10.268,0,5,0,1,0,0,0
5173066,0,0,1,1,0,0,102.0586333,14080.85822,0,664.850077,43.804,114.8246714,126.7398994,0,19.761,0,1,0,0,0,0,0
5197642,0,0,0,0,0,0,400.9328263,10384.81142,0,120.336996,61.194,119.8650746,308.3679817,0,28.631,0,1,0,0,1,0,0
5220087,0,0,2,1,3,1,801.4030962,6179.824377,0,502.688931,15.837,90.91986727,4060.539447,1,4.657,0,2,0,0,0,0,1
1950080,0,0,0,1,4,0,812.5678348,14622.58798,0,289.396986,47.358,63.43206021,439.9346262,0,17.52,0,0,0,0,0,0,0
5241705,0,0,0,0,4,0,728.7535989,6317.974533,0,223.144605,22.399,63.1816039,3395.117289,0,16.293,0,2,0,0,0,0,0
5248983,1,0,2,2,2,1,1149.89256,5473.607369,0,260.361067,16.192,241.1585804,2444.31694,0,15.277,0,3,0,1,0,0,0
6344092,1,0,1,1,2,0,364.2324051,7418.083695,0,994.376807,37.094,36.09734855,3567.252781,0,17.18,0,2,0,0,0,0,0
5253781,1,0,0,0,4,0,468.9004651,16609.09682,0,150.112472,23.633,61.18081834,399.1693273,0,38.826,0,3,0,0,0,0,0
5259373,1,0,0,0,0,0,662.8281652,18374.7828,0,61.1084075,36.002,79.06203894,609.4934625,0,22.51,0,2,0,0,0,0,0
5265128,1,0,1,0,3,1,1582.920004,3159.723853,0,361.218309,16.989,98.87589316,7596.168678,1,19.425,0,3,0,0,1,0,0
6344938,1,0,3,1,1,0,142.2566276,17467.71733,1,26.542583,30.743,125.8569982,556.0235325,0,31.444,1,2,0,0,1,0,1
1977955,1,1,3,2,2,1,738.8149882,5351.15292,0,174.623031,38.423,175.0189531,1213.228744,1,24.646,0,3,0,0,0,0,1
5292952,1,0,0,0,4,1,954.8134138,10535.88329,0,523.772242,27.947,88.86325604,1433.605833,1,8.41,0,1,0,0,0,0,1
6253499,0,0,1,1,3,1,3668.95671,2049.405608,0,522.53699,15.672,266.802608,6700.341751,1,18.365,0,2,0,0,0,0,0
5297137,1,0,0,1,2,0,1033.653978,16609.09682,0,303.311636,25.27,203.1834448,886.814026,0,24.102,0,2,0,0,0,1,0
5303489,1,0,3,2,1,1,1218.723375,6415.640093,0,300.369377,23.791,15.33190811,2228.723021,1,22.167,0,0,0,0,0,0,0
5319400,1,0,2,2,0,1,675.4938608,12755.95845,0,256.12136,22.887,100.4146438,2494.452494,1,14.846,0,0,0,0,0,0,1
6348531,1,0,2,0,0,0,870.2022813,14031.35548,0,146.275628,35.903,101.2883921,119.1199725,0,44.248,0,2,0,1,1,0,0
5352815,0,0,0,0,0,1,1014.636665,11541.47703,0,338.440041,44.395,178.5752694,1771.584133,0,22.777,0,5,0,0,0,0,0
5363562,0,0,0,0,1,1,1436.14114,20277.09162,0,402.322565,30.62,19.12863247,275.6785548,1,20.127,0,1,0,0,1,0,1
6162834,0,0,0,0,4,1,984.8093627,7351.434123,0,211.582287,20.351,66.75432584,4391.990179,0,8.045,0,3,0,0,1,0,0
5372007,1,0,0,0,4,0,485.1065913,4515.071727,0,138.160832,23.356,189.5535783,2807.642502,0,10.731,0,2,0,0,0,0,0
5392669,0,0,0,0,0,1,3987.474068,6038.98984,0,113.955647,23.489,73.45422586,1610.332901,1,7.725,0,3,0,0,0,0,0
6434139,1,0,2,2,0,0,1710.624078,6014.81076,0,241.813698,26.265,129.6026812,624.139309,1,43.523,0,2,0,0,1,0,0
5415501,1,0,0,0,0,1,596.3604036,12100.34106,0,908.928716,27.73,106.2235816,840.772275,1,26.806,0,2,0,0,0,1,1
6349524,1,0,0,0,0,0,554.3618505,8954.127305,0,168.748931,47.31,134.9852202,795.7814977,0,22.051,0,4,0,0,1,0,0
6355010,1,0,0,0,0,0,1147.499117,15882.41967,0,575.595586,50.915,182.8523485,1030.556824,0,35.443,0,1,0,0,0,1,0
6358360,1,1,1,2,0,1,1449.585524,13859.66817,0,406.595604,35.864,231.1620928,1099.036068,1,36.226,0,3,0,0,0,0,0
5483021,0,0,0,0,4,0,352.6335436,18269.0736,0,364.41292,31.415,68.29549437,546.099617,0,32.72,0,2,0,0,1,0,0
6359587,0,0,2,2,2,0,406.2460166,18998.51106,1,537.900505,26.471,237.2744133,259.3978671,0,29.94,0,1,0,0,0,0,0
5509910,0,0,1,0,0,0,1866.280431,13354.04358,0,296.127276,54.269,129.2646457,400.6571781,0,17.421,0,0,0,0,0,0,0
6360107,0,0,0,0,1,0,461.4519931,5911.079383,0,180.393275,24.339,198.7388307,4403.949432,0,24.743,0,2,0,0,0,1,0
5532239,1,0,3,1,3,1,1577.725184,3730.619713,0,290.132158,39.94,85.34610226,4631.669251,0,28.615,0,0,0,0,0,1,0
5537056,0,0,0,0,0,0,2846.5032,2977.602937,0,275.356845,31.33,91.83335503,1018.404696,0,7.583,0,5,0,0,1,0,0
6367590,1,0,1,1,1,1,444.8125381,10474.95621,0,377.022487,40.848,187.666324,1957.687394,1,28.48,0,1,0,1,0,0,0
5571420,1,0,1,1,0,0,670.0055177,13437.45482,0,507.846163,39.067,91.1037709,867.37233,1,23.921,0,1,0,0,0,0,0
6560074,1,0,0,1,3,0,878.1348672,6355.894962,0,109.522671,20.815,111.5188714,821.1127411,1,43.208,0,2,0,0,0,0,1
1348262,1,0,0,0,0,0,705.4822637,1956.760513,0,340.251459,21.424,136.2294986,4978.243077,0,3.466,0,3,0,0,0,0,0
6179731,0,0,2,3,2,1,51.76434992,7349.727258,0,238.149688,25.306,108.7041458,9726.908818,1,14.372,0,1,0,0,0,0,0
6563234,1,0,0,0,4,0,1054.489141,21416.04743,0,308.226291,39.314,322.297646,275.0082312,0,12.798,0,4,0,0,0,0,0
5602609,1,0,0,0,4,0,1233.325257,6255.728296,0,109.990811,16.255,331.3879948,707.6143009,0,23.873,0,2,0,0,1,0,0
5618741,0,0,2,2,3,0,478.0289645,19339.62084,1,125.03855,29.416,32.24504995,2147.15252,0,32.425,0,2,0,0,0,0,0
85739,0,0,2,0,4,0,263.1570761,12612.41186,0,842.743249,33.367,129.0831473,252.8306177,0,17.524,0,2,0,0,0,0,0
5644236,1,1,0,0,4,0,736.9638941,4515.071727,0,346.647934,23.031,213.3326699,3752.400722,0,21.164,0,3,0,0,0,0,0
5690219,1,0,3,1,1,1,257.2736796,12427.17957,1,559.422838,25.789,15.90406511,1204.806759,1,25.608,0,1,0,0,0,0,0
6373988,0,0,3,2,2,1,494.5096452,5379.178915,0,236.175648,39.576,144.7177329,1592.252772,0,28.091,0,1,0,0,0,0,0
5700580,0,0,0,0,3,0,536.8244933,24215.68766,0,11.615276,39.795,138.5429772,455.4848586,0,14.324,0,2,0,0,1,0,0
6185289,1,0,0,0,3,0,1468.605905,21912.76805,0,398.278296,23.234,194.6333113,415.4008882,0,8.22,0,1,0,0,0,0,0
5712319,0,0,0,0,4,0,925.411106,14681.90839,0,529.069613,48.496,253.7325131,242.8857673,0,16.852,0,2,0,0,0,0,0
5739691,1,1,0,1,4,1,347.4021227,5906.45502,0,189.534325,21.135,26.65048452,328.5371789,0,9.987,0,1,0,0,0,0,0
5741206,0,0,0,0,4,0,397.2447814,13120.68296,0,433.812737,45.37,118.1150676,2578.482607,0,18.954,0,1,0,0,0,0,0
85850,0,0,0,0,3,0,1902.8388,8580.489868,0,654.729099,32.447,232.9326369,359.4764869,0,30.752,0,2,0,0,0,1,0
5765551,1,0,0,0,3,1,586.7392482,9816.115066,0,147.731369,37.044,135.2066933,2651.292386,1,40.839,0,3,0,0,0,0,0
2305890,0,0,0,0,0,0,576.3071833,6453.702673,0,354.044897,22.463,30.42950558,1545.986494,0,14.99,0,3,0,0,0,0,0
6319561,1,0,3,2,0,1,403.8663542,9900.103649,0,474.639692,32.757,292.3698651,212.5221929,1,12.501,0,2,1,0,0,0,1
2137271,1,0,3,2,2,1,622.2226083,10689.41278,0,57.789801,51.597,224.2746587,1649.775006,1,34.133,0,1,0,1,0,0,0
5798355,1,0,0,0,0,0,384.8758136,9900.103649,0,525.836794,32.757,149.8073222,265.8293996,1,12.501,0,3,0,0,0,1,0
5810910,1,0,1,0,0,0,253.0699459,10521.5496,0,479.127649,53.895,182.7928148,1776.226239,0,21.316,0,3,0,0,1,0,0
6628975,0,0,0,0,1,0,175.7472723,11372.15016,0,425.813135,31.202,176.7339512,432.0046697,0,16.477,0,2,0,0,0,0,0
2141128,1,0,1,0,1,0,609.2175533,26846.69332,0,120.916393,30.175,201.3968108,677.8730802,1,22.942,0,1,0,0,0,0,0
5819698,0,0,0,1,2,0,783.227278,8488.616533,0,281.362315,27.762,205.4067701,3919.671594,1,8.235,0,1,0,0,0,0,0
5819855,0,0,0,0,4,0,571.5957245,25356.49718,0,150.231331,76.669,28.94734827,20.12404514,0,24.528,0,2,0,0,0,0,0
2160897,1,0,0,0,4,0,628.5253303,8088.881114,0,290.665511,31.802,38.21841523,307.2755614,0,36.269,0,2,0,0,0,0,1
5846096,0,0,0,1,2,1,1238.373452,1721.568825,0,91.2293362,32.594,46.82569104,1605.779847,0,24.975,0,1,0,0,0,0,0
5851216,0,1,0,1,1,1,535.8198376,7123.594227,1,374.543521,53.267,64.88773251,1724.015461,1,32.903,0,0,0,0,0,0,0
6387304,0,0,2,1,0,1,1732.856166,6415.640093,1,100.447358,19.008,75.47302425,1780.985203,0,18.179,0,2,0,0,0,1,0
2153282,1,0,1,1,1,0,322.6781818,3523.455826,0,695.858829,35.766,140.9124326,1733.870916,1,36.846,0,1,0,0,0,0,0
5870751,1,0,0,0,2,1,1533.143659,9481.743706,0,184.869107,32.03,126.5253702,800.6671896,1,15.695,0,1,0,0,0,0,1
5892088,1,0,2,2,0,0,914.0606082,4276.592356,0,126.514344,19.272,293.3693132,3189.158452,1,35.997,1,1,0,0,0,0,0
6665524,1,1,0,0,4,0,3015.873101,5585.243623,0,359.816915,13.428,145.1744053,709.1730232,1,4.061,0,3,0,0,0,0,1
5895776,1,1,1,0,1,0,820.4685034,14488.19125,0,323.782544,28.901,15.30876965,721.4209614,1,31.553,0,2,0,0,1,0,0
6389170,1,0,1,0,1,1,1353.928157,3378.870719,0,440.770822,13.369,133.1452549,5173.334027,0,33.762,0,2,0,0,1,0,0
6674588,1,0,0,0,1,1,1264.473656,9105.331262,0,373.075565,27.287,198.5242488,471.6498367,0,27.022,0,3,0,0,0,0,0
5912560,1,0,1,1,0,0,121.329968,17056.56889,1,275.817015,76.757,59.0986829,38.98491978,1,18.819,0,1,0,0,0,0,1
5924388,2,1,3,2,2,1,804.8288148,18848.20541,0,445.015377,41.532,157.1345835,415.4197849,1,33.26,0,3,0,0,0,0,1
5925962,1,0,3,2,1,1,392.3467064,19927.47432,0,171.981209,35.169,68.84061977,719.5203306,1,27.603,0,2,0,0,1,0,0
5944799,0,0,1,1,0,0,662.2801998,6721.806,0,9.27928764,31.27,34.98262979,906.1861127,0,9.924,0,5,0,0,1,0,0
6714351,1,0,2,2,2,1,1526.056041,5122.40781,0,202.010742,18.778,208.8374544,4891.982594,1,29.205,0,4,0,0,0,0,0
5954987,1,0,1,1,0,0,225.5521992,7209.42525,0,296.849648,29.96,35.06078533,2712.237779,1,16.79,0,0,0,0,0,0,0
5980766,0,0,0,0,4,0,715.4340588,3475.136378,0,161.126804,13.639,171.7593328,731.7299776,0,13.376,0,2,0,0,0,0,0
1674038,2,0,0,0,0,0,754.1872346,10735.92148,0,304.899707,27.596,134.266405,1521.785207,0,12.447,0,3,0,0,0,0,1
88326,0,0,0,0,0,0,2737.057028,6050.56449,0,598.055594,23.303,47.04883225,1382.827548,0,10.113,0,1,0,0,1,0,1
2137484,0,0,0,0,3,1,1020.388866,7362.78897,0,409.941683,26.57,51.55716663,342.7870599,0,29.074,0,1,0,0,0,0,0
2158685,0,0,1,0,1,0,720.0081617,18856.51351,0,374.33667,37.448,125.7915189,1008.983764,1,19.773,1,1,0,0,0,0,0
2176708,0,0,0,0,4,0,1170.487445,7461.765518,0,476.014048,28.117,244.3689116,513.5429778,0,19.223,0,2,0,0,0,0,1
2163745,0,0,0,0,4,0,3216.947665,6445.503703,0,327.640685,19.167,163.4706423,1075.06297,0,9.025,0,3,0,0,0,0,0
6101732,1,0,0,0,1,1,3725.543407,4422.558511,0,307.511118,24.706,97.16639228,404.7533658,1,21.577,0,3,0,0,0,1,0
6111833,0,0,1,1,2,0,201.7675388,3916.859274,0,250.500564,29.545,45.41006984,1481.20824,0,10.479,0,1,0,0,0,1,0
6117963,1,0,2,2,2,0,438.8948804,3611.155799,0,291.491458,17.527,91.31518135,6523.960462,1,30.082,0,3,0,1,1,0,1
6121354,1,1,0,0,2,0,209.6585078,8299.245255,0,291.661694,38.432,68.29540026,1454.120918,0,29.677,0,5,0,0,0,0,0
6231506,1,0,2,2,2,1,1613.344521,10734.87455,0,186.897857,20.222,194.1579441,488.1468253,0,20.325,0,1,0,0,0,0,1
2220835,1,0,3,0,2,1,548.4828481,15182.12813,0,351.381947,38.3,205.0424106,783.2109436,1,21.262,0,2,0,0,1,0,0
6144250,1,0,0,0,0,0,434.7039425,24953.67213,0,377.455224,35.34,58.82635467,442.5332705,0,32.394,0,3,0,0,2,0,0
6159113,1,0,0,0,4,0,747.6622547,4061.003389,0,314.697752,10.59,299.3993677,2943.643349,0,7.102,0,2,0,0,0,0,0
6395482,1,1,1,1,1,0,695.713117,6672.11278,0,255.035485,21.284,379.3110387,1056.2532,0,12.818,0,3,0,0,0,0,0
6175196,1,0,0,0,0,0,790.441557,6474.432691,0,123.805986,22.374,107.3308336,5488.182011,1,18.667,0,1,0,0,0,0,0
6189001,1,1,3,2,2,1,150.3509889,17674.45883,0,319.388899,24.352,86.72336452,1291.750682,1,28.936,0,4,0,0,0,0,0
6233124,1,0,1,0,3,1,342.6587358,16509.65958,0,226.302303,36.541,171.7740151,1219.178722,1,37.728,0,1,0,0,1,0,1
1902917,1,0,3,3,0,1,545.1821965,14122.29472,0,743.649767,30.686,4.720378876,858.6095573,1,10.456,0,0,0,0,0,0,1
5957935,0,0,1,0,0,0,247.9493942,12755.95845,0,370.842098,44.859,88.75178668,1705.465966,1,17.486,0,2,0,0,1,0,0
6004249,1,0,2,2,2,0,1254.072079,5366.881151,0,207.784405,26.956,180.3637729,753.1920522,1,7.673,0,3,0,0,0,0,0
6399906,0,1,3,3,0,1,503.2557795,5648.169236,0,251.430283,29.179,163.9079735,301.4716887,1,34.325,0,0,0,0,0,0,0
6293674,1,1,0,2,1,0,449.1287953,16156.90885,0,169.561733,26.837,144.6547941,1669.189995,0,40.041,0,2,1,0,1,0,0
6264192,0,0,2,0,0,0,463.1848623,10211.41644,0,528.959389,18.701,117.1460636,2237.179363,0,36.347,0,1,0,1,0,1,0
6401651,0,0,1,1,2,0,410.9178132,4587.939208,0,286.681082,18.385,84.70752501,1821.997972,0,8.436,0,0,0,0,1,0,0
2369357,0,0,1,0,0,0,445.7860386,12369.03102,0,98.063287,31.968,77.88389309,2100.450447,0,46.599,0,1,0,1,0,1,0
2372931,1,0,0,0,0,1,182.3329239,4682.686357,0,513.342512,38.847,56.7595322,2338.705241,0,15.526,0,3,0,0,2,1,0
6363482,1,0,1,1,0,0,1338.806679,8131.005891,1,201.6425,43.178,52.93414224,5002.802876,0,22.806,0,1,0,0,1,0,0
6268555,2,0,3,2,0,1,331.2465557,14969.07592,1,351.1176,34.962,59.49693442,889.2806894,1,37.906,1,2,0,0,1,0,1
6270303,1,0,1,1,4,0,660.3422914,6286.731249,0,7.11663687,25.481,225.8436836,1675.572268,0,7.581,0,2,0,0,1,0,0
1157001,2,1,3,2,1,1,107.9319737,9536.570779,0,273.556255,46.315,61.5988842,2235.473302,1,23.637,0,1,0,0,0,0,0
2382813,0,0,0,0,4,0,2824.160312,3414.068698,0,204.361913,8.196,642.3808117,1067.740528,0,4.074,0,2,0,0,0,0,0
6270940,1,0,2,0,0,0,349.7222625,3638.630291,0,373.182206,16.52,187.8799079,7798.918933,0,5.127,0,3,0,1,0,0,1
6407835,0,0,0,0,4,0,928.0930307,17976.74884,0,341.815973,26.485,212.4451386,217.0842452,0,10.732,0,1,0,0,0,0,0
6272634,1,0,0,0,2,0,688.2597229,18320.14404,0,56.2094393,39.097,56.28847526,401.2435252,0,30.4,0,3,0,0,0,0,0
6410189,1,0,0,1,2,1,1047.857007,22234.95085,0,197.657185,24.375,169.6558044,711.4129371,1,25.118,0,1,0,0,1,0,0
6411170,0,0,1,0,0,0,399.3780609,9767.353895,0,454.351138,22.345,280.6497008,4329.39275,0,14.853,0,3,1,0,0,0,1
6411408,1,0,0,0,4,0,733.6091073,13120.68296,0,284.428598,45.37,187.7692551,2631.798665,0,18.954,0,3,0,0,0,1,0
6412566,1,1,3,2,0,1,3577.600682,6388.054356,1,515.159547,28.871,153.7450273,156.4969512,1,20.6,1,3,0,0,1,0,1
6472725,0,0,0,0,4,0,422.8648475,10515.42454,0,516.009275,31.013,88.77176145,1175.399686,0,14.111,0,2,0,0,0,0,0
6413686,1,0,2,2,4,0,491.0474448,16276.70462,0,293.143778,24.057,127.9473461,445.0165843,0,24.531,0,2,0,0,0,0,0
6414450,1,0,2,2,1,0,3206.682004,10949.20375,0,202.553926,37.424,43.52412748,165.672798,1,8.01,0,2,0,0,1,0,0
6414992,2,1,3,3,0,1,416.4066755,12975.57901,1,158.360313,51.493,48.35940382,1670.13636,1,22.616,0,5,0,0,1,0,0
2402736,0,0,0,0,4,0,166.013522,12150.01553,0,46.6290944,39.938,102.7761619,793.8631496,0,25.963,0,2,0,0,0,0,0
6292285,0,0,1,0,4,0,667.2497711,7693.240432,0,276.085339,32.505,251.4633938,699.522433,0,14.074,0,2,0,0,1,0,0
6417091,2,1,3,2,0,1,1319.22932,4961.855548,0,907.402164,16.028,49.13724765,107.8639261,1,23.035,0,1,1,0,0,0,1
6298427,2,0,3,3,1,1,1631.660613,5142.287189,0,173.375621,38.444,43.8259319,449.1354227,1,23.054,0,1,0,0,0,0,1
6298978,1,0,3,0,0,0,310.9533914,15746.71073,0,251.021091,37.008,88.55418463,2027.372703,1,22.12,0,4,0,0,1,0,0
2433721,2,1,3,2,1,0,360.5512709,8176.231093,0,205.747024,49.227,9.83068697,3319.756955,0,24.037,0,2,1,0,0,0,1
6418787,1,0,1,0,0,0,1426.417151,3905.887803,0,530.220358,33.853,186.0554656,498.5397657,0,28.075,0,2,0,0,1,0,0
6419369,2,0,2,0,0,1,1289.936483,13354.04358,0,546.12772,54.269,135.0896847,225.2374178,0,17.421,0,3,0,0,0,0,0
6419587,2,0,3,2,2,0,1029.890272,5643.741236,0,225.423238,23.776,152.9548619,1706.527151,0,14.808,0,4,0,0,1,0,0
6310725,0,0,0,0,4,0,1395.154251,15412.69587,0,247.453624,34.892,68.59216295,1020.9503,0,29.514,0,1,0,0,0,0,0
5687810,0,0,0,0,1,0,1821.507108,10734.87455,0,337.677925,20.392,307.1414324,261.489854,1,22.007,0,1,0,0,0,0,1
6424009,1,0,1,0,0,0,1626.667195,10363.94058,0,172.047542,16.524,202.2293801,94.14011773,0,33.12,1,1,0,0,1,0,0
6425746,2,1,1,0,2,0,832.1185829,14963.7193,0,513.858247,31.146,82.00058611,855.9582939,0,46.454,0,4,1,0,0,0,0
6426249,1,0,1,1,3,0,1066.032662,6681.076597,0,61.3316587,19.644,41.24037835,2211.949142,0,15.455,0,0,0,0,0,0,0
6427045,0,0,0,0,0,0,804.5005794,5335.999656,0,214.469055,20.578,71.59122787,4003.157678,0,10.594,0,2,0,0,0,0,0
6428511,0,0,2,2,0,0,1138.352602,15667.46341,0,78.3644043,33.585,98.7754313,385.52041,1,29.949,0,1,0,1,0,0,0
6314886,1,0,3,2,0,1,1216.432448,8869.438915,1,5.62051576,24.751,14.76121617,1368.700365,1,64.677,0,2,0,0,0,1,0
6275647,0,0,0,0,4,0,1024.942364,15294.76701,0,249.713042,31.819,135.2993764,3240.838558,0,27.673,0,1,0,0,0,0,0
6321867,0,0,0,0,4,0,1145.725359,7973.646912,0,375.246327,31.8,194.9694188,1085.127821,0,15.506,0,1,0,0,1,0,0
6430735,1,0,1,0,0,1,460.1747728,13820.06507,0,406.103847,26.247,400.9673557,596.0724635,1,22.792,0,1,0,0,2,0,0
91771,1,0,1,1,3,1,586.9960278,14969.07592,0,377.191186,34.265,263.8115142,1563.020616,0,42.602,0,1,0,0,0,0,0
6331864,0,0,3,1,1,0,886.8030144,4222.240288,0,452.386248,20.129,219.2347803,7418.633832,1,31.622,0,1,0,0,0,1,0
6432914,1,0,3,2,1,1,1229.477485,21912.76805,0,359.170959,22.819,80.06487894,373.3382678,1,13.794,1,2,0,1,0,1,0
2620974,1,0,3,2,0,1,521.6068826,15817.30187,0,111.23619,62.351,126.6864254,1098.828716,1,30.857,1,1,0,0,1,0,0
6678720,0,1,1,2,0,1,495.3328895,14389.57353,0,290.10206,54.378,147.5228942,450.9767687,0,27.883,0,1,0,0,0,0,1
6435551,1,0,3,3,0,0,1314.938637,8554.837844,1,501.84232,19.208,169.5342458,615.7013487,1,28.641,1,2,1,0,1,0,0
2304616,0,0,1,0,0,1,672.9758157,7740.302677,0,296.928149,30.699,83.9864308,850.151296,1,17.805,0,1,0,0,0,0,1
106571,0,0,0,0,2,0,966.0442107,7574.42319,0,593.103882,23.819,63.10629555,8777.050603,0,12.957,0,5,0,0,1,0,0
2480606,1,0,1,0,1,0,1901.871805,10734.87455,0,371.412955,20.392,144.8221274,158.9514383,1,22.007,0,1,1,1,0,1,0
116461,1,1,0,0,1,0,747.0131466,3097.181935,0,220.357982,17.92,196.5408678,3877.588529,0,13.454,0,5,0,0,0,0,0
3410881,2,0,3,2,0,1,1097.174857,10515.42454,0,321.053561,31.013,134.8737291,1956.760595,1,14.111,1,3,0,0,0,0,0
6439093,1,0,0,0,3,0,1751.223499,8916.907867,0,56.5459572,35.395,105.818454,1335.169681,0,34.377,0,2,0,0,0,0,0
20931,0,0,0,0,3,0,525.6655065,5049.259456,0,49.108302,31.302,405.289892,2519.419381,0,13.342,0,2,0,0,0,0,0
2601923,1,0,0,0,4,0,587.652829,18484.10268,0,493.864455,40.493,257.5296614,409.9591869,0,17.986,0,1,0,0,1,0,0
108638,1,1,3,2,0,0,270.0183932,546.5536138,1,186.870246,35.879,110.9939289,3413.553339,1,42.821,0,1,0,1,0,0,0
6441166,1,0,1,0,4,0,749.997064,6172.223823,0,105.839495,32.468,191.3340501,294.3089993,0,15.502,0,3,0,0,0,0,0
124033,1,0,0,0,4,0,602.5838623,10278.41835,0,523.156707,31.184,127.2607899,146.8633336,0,8.65,0,1,0,0,0,0,0
6443580,0,0,0,0,0,0,824.3469499,1533.307959,0,97.4001572,8.491,173.0751204,7386.613165,0,5.448,0,4,0,0,1,0,0
2619546,0,1,0,0,0,0,1022.413868,6672.11278,0,417.08714,15.973,127.1962365,1398.269869,0,13.645,0,5,0,0,0,0,0
6277547,1,0,3,0,1,0,1774.383945,3059.864722,0,255.645844,22.467,287.4527263,7575.017969,1,6.716,0,3,0,1,0,0,0
6441016,1,0,0,2,0,0,1373.592604,13629.51323,0,246.43272,31.674,165.0360917,812.2919268,1,27.358,0,0,0,0,2,0,0
445875,0,0,0,0,2,0,1068.645663,18848.20541,0,380.570312,41.532,39.23707795,115.7745804,1,33.26,0,0,0,0,1,0,0
6449344,1,1,3,3,0,1,242.314952,10268.18314,0,474.289115,22.412,58.19042376,8.968538674,1,24.708,1,4,1,0,1,0,0
6449516,0,0,0,0,1,1,424.7288962,9656.80364,0,127.009888,37.378,108.0403219,275.3160252,1,21.989,0,3,0,0,0,0,0
6449923,1,0,2,1,2,1,665.4585732,10100.37423,0,580.646884,40.179,101.710857,3858.828548,1,20.479,0,1,0,0,0,0,0
136057,0,0,0,1,2,0,625.7665869,18856.51351,0,165.551067,41.005,168.8872596,378.0954406,0,28.349,0,1,0,0,0,0,0
5605193,1,1,3,0,0,1,216.9441957,16309.74734,1,462.601073,36.103,57.73391212,965.1333407,1,45.491,0,4,1,0,0,0,1
975881,1,0,2,1,0,0,626.9992987,20597.95032,0,87.2386066,33.173,95.26939026,1499.993119,1,44.66,0,2,0,0,0,0,1
2661131,1,0,0,1,0,1,668.3811362,16074.12572,0,250.774802,34.132,117.757452,514.2227048,1,22.394,0,0,0,0,0,0,0
6455463,2,1,3,1,0,1,509.8012205,14572.59231,0,558.143912,41.177,36.74681408,1167.199844,1,37.877,1,1,0,0,0,0,1
6457946,2,0,3,1,0,1,1734.466302,9632.271185,1,103.798215,27.091,250.3861585,342.5620695,0,21.888,1,0,0,0,0,0,0
2544397,0,0,0,0,2,0,888.3545524,19364.66144,0,23.0606896,29.211,128.0992331,306.1431717,0,34.736,0,1,0,0,0,0,0
2387591,1,0,3,3,0,0,1783.008204,5142.287189,0,158.840225,38.444,125.8772459,595.0651546,1,23.054,0,0,0,0,2,0,0
1956251,1,0,0,0,0,0,543.3644182,13640.22071,0,409.897846,37.404,115.5496319,2834.31139,0,23.297,0,4,0,0,0,0,0
6405143,2,1,3,2,0,1,654.4691402,7740.302677,0,338.725711,20.185,100.4759037,1175.833912,1,12.446,0,3,1,0,0,0,1
148560,0,0,0,1,3,0,1253.94317,14928.75175,0,333.956579,54.143,71.28017709,267.0851803,0,19.621,0,3,0,0,0,0,0
6458285,2,1,2,2,0,1,1273.800529,9179.768172,0,238.678914,29.995,232.0022169,679.7246676,0,9.196,0,4,1,0,1,0,1
148990,1,0,0,1,4,0,670.6580175,9098.707105,0,186.617773,33.881,376.578898,522.4777297,0,12.515,0,2,0,0,0,0,0
2572957,0,1,2,0,3,1,1397.966579,3776.140461,0,633.985246,24.006,13.27367749,1425.589547,1,20.534,0,1,0,0,0,0,0
1996208,1,0,3,0,3,1,620.8804715,21584.08517,0,170.284156,29.832,128.4182442,497.4809933,1,47.055,1,1,0,0,0,0,1
152538,1,0,1,1,4,0,1011.444606,5097.076868,0,95.5911846,25.352,201.7511796,811.5172863,0,21.568,0,1,0,0,0,0,0
6414606,2,0,0,1,4,0,938.9967052,7351.434123,0,583.726872,20.012,256.3073222,4294.689175,1,8.188,0,3,0,0,1,0,0
2086797,0,0,0,1,4,0,721.5404988,5020.3057,0,594.179257,36.813,312.7515272,3341.3111,0,17.855,0,3,0,0,1,0,0
6461524,1,0,2,2,0,0,245.1279026,1256.816216,1,369.566812,24.553,224.3684087,8850.600524,1,18.071,0,2,0,0,0,1,1
6462145,0,0,2,2,1,0,1107.78894,6920.966754,0,119.450307,31.157,250.0663694,917.814432,1,5.764,0,1,0,0,1,0,0
155520,0,0,3,1,2,0,195.0377618,10630.80933,0,584.41431,39.472,8.528014329,1446.993606,1,26.267,0,3,0,0,0,0,0
6464529,2,1,2,2,0,1,982.4155145,7349.727258,0,198.739841,39.361,449.0245581,6585.232235,1,11.459,1,4,0,0,0,0,0
6419332,0,0,3,2,0,1,789.7941572,10689.41278,1,337.332061,62.745,16.92912446,1736.952689,1,36.329,0,3,0,0,1,0,1
2684095,1,0,0,1,4,0,495.8311902,4853.405158,0,54.2046272,33.385,82.51954974,4097.971611,0,6.098,0,0,0,0,1,0,0
6424606,1,0,3,2,0,1,1679.520043,5473.607369,0,206.962382,7.956,252.4511778,2831.565322,0,44.327,0,1,0,0,0,1,1
6424993,1,0,0,0,0,0,989.0752291,5572.392265,0,58.8313209,15.85,187.5833919,2833.863984,0,9.428,0,3,0,0,0,1,0
6465344,1,0,3,2,1,0,1062.106773,17791.03704,1,292.948342,36.324,78.55930737,566.1293019,1,17.097,0,2,0,0,0,1,0
160488,0,0,0,0,2,1,856.7723781,19364.66144,0,36.2948949,29.211,162.4910512,274.1380904,0,34.736,0,2,0,0,0,0,1
6465605,1,1,0,1,1,0,279.2102299,10901.24896,0,698.752122,40.244,173.8344897,293.9554887,1,16.136,0,1,0,0,0,0,0
161518,1,0,0,0,4,0,182.9630139,7081.50832,0,980.461892,40.603,69.13597738,87.93682943,1,10.551,0,1,0,0,0,0,0
164027,1,0,2,1,2,0,795.1088568,14113.88592,0,369.949026,50.857,94.23069762,2989.403462,0,28.427,0,2,0,1,0,0,1
6466781,1,0,0,0,0,0,2592.658456,3452.809345,0,522.22246,19.31,497.1160032,822.6060182,0,5.743,0,4,0,0,0,0,0
175401,0,0,0,0,4,0,461.4308787,11320.53476,0,206.395044,28.221,73.14352483,2316.971862,0,18.227,0,1,0,0,0,0,0
177295,1,0,3,2,1,0,686.4304843,15412.69587,1,46.7564641,33.767,89.22050713,313.5092176,1,31.171,0,2,0,1,0,0,0
2537293,0,0,0,0,2,0,677.1482553,13354.04358,0,341.621512,40.311,24.18530268,31.42048709,1,33.685,0,0,0,0,0,0,0
2649745,1,0,0,0,1,1,849.3200238,8554.837844,0,296.423183,32.212,24.18567227,997.5110009,1,35.516,0,1,0,0,0,0,0
2590413,0,0,0,0,0,0,957.5688942,6563.33255,0,112.63997,20.695,131.4686842,637.6050322,0,7.607,0,3,0,0,1,0,0
179664,0,0,0,0,4,0,1012.730669,3722.649498,0,208.837571,26.547,269.5086581,840.9596914,0,10.954,0,3,0,0,0,0,0
5691750,0,0,0,0,4,0,410.132386,7209.42525,0,570.17538,40.331,68.5552654,2434.791036,0,31.619,0,1,0,0,0,0,0
213719,1,1,2,1,2,1,1821.296151,20739.86385,0,339.567058,45.232,60.01586301,94.09583899,1,32.998,0,2,0,0,0,0,0
215244,1,0,1,0,0,0,30.32682491,16926.93234,0,383.774528,34.988,53.40419009,48.16204751,0,20.581,0,1,0,0,0,0,1
2610433,1,0,2,1,1,1,288.8518528,2993.741956,0,377.413392,50.109,87.95320902,131.7554011,1,30.2,1,0,0,0,0,0,1
225917,1,0,0,0,2,1,912.4217143,5049.259456,0,427.520824,15.881,31.52318901,3407.165724,1,5.899,0,2,0,0,0,0,0
225660,1,1,0,0,4,1,442.4436057,7476.415052,0,100.183197,43.131,25.90098067,604.1566026,0,36.268,0,3,0,0,2,0,0
241194,1,1,2,1,0,1,1117.114839,5558.78623,0,154.341866,18.248,109.2486791,1735.864201,1,7.79,0,3,1,0,0,0,1
254372,0,0,0,0,4,0,889.4080182,16497.29862,0,47.1862894,24.867,125.2191337,868.1049282,0,36.777,0,1,0,0,0,0,0
6482905,0,0,1,0,0,1,821.0226528,5412.914164,1,103.322142,21.426,245.1795359,1606.455976,0,24.927,1,2,0,1,0,0,0
268595,0,0,0,1,4,1,463.0520705,10735.92148,0,336.9809,40.456,150.5693306,1154.226366,1,15.762,0,1,0,0,0,0,0
316093,1,0,0,0,3,1,445.6381773,13533.02404,0,98.0472556,48.747,131.4603135,2875.0294,0,35.543,0,2,0,0,0,0,0
2625395,0,0,0,0,4,0,611.6508429,9221.560721,0,218.443121,34.286,269.4796979,532.8955249,0,8.237,0,3,0,0,1,0,0
6290289,0,0,0,0,4,0,921.8175177,17976.74884,0,484.184129,35.645,100.7511987,296.8719316,1,20.717,0,1,0,0,0,0,0
6352285,0,0,0,0,3,0,3476.403578,2977.602937,0,353.744492,27.164,162.1190814,1148.692974,0,6.585,0,2,0,0,0,0,0
6464857,1,0,2,1,0,1,3380.795765,4615.4919,0,248.625375,22.877,73.89830167,971.0881478,1,32.404,0,0,0,0,1,0,0
358658,0,0,0,0,0,1,1228.414344,6172.223823,0,269.21145,32.468,151.4033296,557.3365746,0,15.502,0,4,0,0,0,0,0
2632229,0,0,0,0,4,0,94.11872784,16046.72674,0,560.775528,39.943,154.9410453,2299.837891,0,30.151,0,1,0,0,0,0,0
403468,1,0,1,0,0,0,500.0047076,16609.09682,0,306.993593,22.93,111.7617476,210.8946854,0,16.43,0,2,0,0,0,0,0
777296,0,0,0,0,2,0,1291.819455,16255.89271,0,6.94722798,31.538,36.82002229,822.4665147,1,37.986,0,1,0,0,0,0,0
414713,1,0,0,0,4,0,473.7328316,19364.66144,0,213.063666,39.084,310.7863804,370.9175496,0,21.968,0,2,0,0,0,0,0
6498399,1,0,0,0,4,0,1301.393971,10911.69641,0,233.762327,28.709,138.0430305,367.4098729,0,13.993,0,2,0,0,0,0,1
433859,0,0,0,0,4,0,856.5104767,14681.90839,0,230.138993,47.584,146.083296,480.7728647,0,20.191,0,2,0,0,0,0,0
436643,0,0,1,2,1,0,1142.135144,11647.56237,0,136.843847,29.56,264.8251381,1038.778325,1,13.639,0,1,0,0,0,0,0
472684,0,0,0,0,1,0,370.3738947,14771.1909,0,517.601445,41.193,42.0984523,479.431759,0,14.104,0,0,0,0,2,0,0
363665,1,0,0,0,0,0,683.0159566,6927.039869,0,200.647877,32.23,185.424457,1872.78635,0,8.329,0,0,0,0,0,0,1
2561925,0,0,0,0,2,0,715.9159662,3245.117822,0,506.769493,24.156,330.8553158,358.215669,1,9.773,0,4,0,0,0,0,0
492095,0,0,0,0,4,0,662.5715871,17221.86628,0,156.887985,73.995,167.2495698,231.5267829,0,24.291,0,1,0,0,1,0,0
4477038,0,0,0,0,4,0,511.1725281,4917.830496,0,434.930794,38.75,57.23878511,495.2197198,0,17.25,0,1,0,0,0,0,0
6506298,0,0,3,2,0,1,770.7331346,16062.88105,0,438.777283,46.555,289.2402466,1729.119405,1,35.995,0,0,0,0,0,0,0
544889,1,1,3,2,0,1,392.8516287,6657.329062,1,662.656535,24.584,194.4289628,4132.541511,1,33.222,0,0,1,0,0,0,1
6506503,1,1,3,1,0,0,1022.860208,8554.837844,0,425.421498,23.771,147.9630903,1078.949218,1,37.724,0,4,1,0,0,0,0
549195,0,0,2,2,1,0,1434.243042,6486.762488,0,113.130248,16.685,237.4887888,7242.807864,0,13.671,0,1,0,0,0,0,0
6360141,0,0,0,0,3,1,2359.140718,1307.03718,0,356.211759,15.829,32.8670556,1750.942866,0,6.864,0,2,0,0,0,0,0
6506915,1,1,1,0,0,1,1390.711135,21912.76805,0,538.612303,24.037,85.47188256,697.7290558,0,17.654,0,2,0,0,1,0,1
560965,0,0,0,0,4,0,1400.526567,6786.073876,0,345.293428,15.171,68.73033887,3643.533424,0,18.048,0,2,0,0,0,0,0
2770006,0,0,0,0,4,0,1750.946103,9559.769001,0,156.476894,43.493,60.40322274,107.3538076,0,25.92,0,3,0,0,0,0,0
6512157,2,1,1,1,0,0,392.103917,17487.03123,0,224.395418,44.237,76.88794788,1686.774082,1,32.142,0,0,1,0,2,0,1
4967529,1,0,0,0,0,0,3322.282771,6038.98984,0,407.819371,22.769,218.33516,1564.001407,0,7.058,0,4,0,0,1,0,0
604560,0,1,1,0,1,0,703.9701292,8022.5848,0,158.026686,55.455,203.3317981,343.0470398,0,14.66,0,0,0,0,0,0,0
2580048,1,0,0,0,0,0,545.8012487,9175.515166,0,550.75847,40.599,40.40871225,295.6294615,0,19.565,0,0,0,0,0,0,0
6516691,0,1,2,0,0,1,1806.062346,4293.374675,0,598.695126,13.298,99.63845949,4831.835934,1,39.544,0,2,0,0,0,0,0
638842,0,1,0,0,4,0,1099.855212,21416.04743,0,448.618146,39.314,204.5570313,400.7604023,0,12.798,0,4,1,0,0,0,0
2786234,0,0,0,0,4,0,594.8784129,8605.106347,0,603.157768,21.106,367.1584411,5120.227839,0,7.905,0,2,0,0,0,0,0
646244,1,0,2,1,0,0,196.5641631,9125.661789,1,433.67396,28.869,61.58629063,624.2871521,0,20.094,0,3,0,1,0,0,0
651104,0,0,0,0,4,0,413.9393852,20685.50572,0,111.941092,37.131,82.47079621,1130.771371,0,38.758,0,1,0,0,0,0,0
2701580,2,0,0,1,4,0,879.2083971,18690.3203,0,147.671989,56.668,27.51090438,737.6520243,1,9.755,0,0,0,0,0,0,1
6298034,1,0,0,0,1,0,2573.620712,5646.830867,0,413.848925,31.112,175.7221188,5160.694231,0,15.897,0,4,0,0,0,0,0
714231,0,1,2,3,0,0,717.4210886,8088.881114,0,96.5813903,26.52,39.24575724,864.5807392,1,13.477,0,3,1,1,0,0,1
5500529,0,0,3,0,0,0,947.1847351,10080.93765,1,216.221103,26.611,57.07696321,1691.48324,0,28.863,0,0,0,0,0,0,0
980803,0,1,3,2,3,1,1239.477062,6309.100315,0,272.529152,28.698,67.96626978,1766.724993,1,25.331,0,1,0,1,0,0,0
722518,0,0,3,2,1,0,393.7782916,15024.96191,0,146.408017,44.607,50.36531765,108.3215134,1,31.539,1,2,0,0,0,0,0
2811035,1,1,1,2,3,1,629.2214518,16030.51435,0,652.7789,24.467,84.83519026,1865.822695,1,14.927,0,2,0,1,0,0,1
723763,0,0,0,0,4,0,1977.39608,20739.86385,0,581.310845,21.887,125.7782043,215.7360758,0,31.696,0,1,0,0,0,0,0
724791,0,0,0,0,0,0,1089.939893,5013.714104,0,462.013178,17.66,59.70752811,2346.154806,0,9.642,0,0,0,0,1,0,0
2821315,1,1,0,0,2,0,466.4737509,14292.86418,0,281.188857,36.372,197.0753528,347.5385625,0,39.957,0,2,0,0,0,0,1
735450,0,0,0,1,2,0,1534.064521,5142.287189,0,83.198728,38.444,69.72057312,391.2053623,1,23.054,0,1,0,0,0,0,0
2112560,1,1,2,1,0,1,834.8131464,16259.38155,0,573.229904,36.317,137.8023152,1655.566175,0,25.647,0,2,0,1,0,1,1
751953,2,0,1,2,0,1,1045.977808,7973.646912,0,74.432679,31.8,65.7772525,1382.891552,1,15.506,0,2,0,0,0,1,0
781305,1,0,0,1,3,1,629.36458,7476.415052,0,485.678599,39.594,26.15906065,740.8491334,1,23.727,0,1,0,0,0,0,0
794112,0,0,0,0,4,0,3093.089498,6815.710674,0,513.842225,32.502,180.5941131,1131.195071,0,7.184,0,3,0,0,0,0,0
802652,1,0,0,0,2,0,422.4675373,10125.07357,0,236.073762,28.193,99.14991308,193.6533576,0,36.046,0,2,0,0,0,0,1
2666028,0,0,1,2,1,0,719.7711467,11424.44211,1,307.123389,26.522,291.9076634,682.0038197,0,30.894,0,2,0,0,0,0,0
837734,1,0,2,2,3,0,458.2907472,9541.46885,0,34.4831806,49.212,59.87938931,123.0012804,1,33.034,0,1,0,0,0,0,0
2826018,1,0,0,0,0,0,1527.143252,18040.94673,0,388.352442,28.559,156.8808516,510.9778166,0,24.045,0,3,0,0,0,0,0
877736,0,1,0,0,3,1,1874.922922,15818.35866,0,267.143355,31.979,17.48800629,311.7342496,0,25.746,0,0,0,0,0,0,0
2792027,0,0,0,0,4,0,659.2247734,12941.03565,0,64.6215487,26.748,41.60036724,1445.097541,0,26.278,0,2,0,0,1,0,0
2816296,1,0,1,1,3,0,439.3854907,9332.258387,0,300.144807,29.942,39.83591727,1265.006096,1,15.768,0,2,0,0,0,0,0
928418,0,0,0,0,3,0,1299.834131,7724.792426,0,202.5467,25.2,146.0623293,341.0181267,0,17.998,0,2,0,0,0,0,0
6179403,1,1,0,0,0,0,492.6678877,7800.277592,0,252.888139,35.917,83.54780606,472.2347793,0,27.315,0,4,0,0,1,0,0
2819563,0,0,1,2,1,0,361.2338921,10528.59788,0,151.10076,22.143,103.3449456,3104.750163,1,27.322,0,3,0,0,0,0,0
6565979,1,0,0,0,4,0,1275.96225,2276.022388,0,409.954367,13.522,167.8602691,7910.457769,0,8.041,0,3,0,0,0,1,0
6301700,1,0,3,2,1,1,1562.480467,9632.271185,0,29.2767287,44.937,70.24286796,225.6589505,1,20.727,0,2,0,1,0,0,0
950819,1,0,0,0,0,0,418.6769337,9332.258387,0,320.765963,45.217,105.5524869,150.2608402,0,9.577,0,5,0,0,0,0,0
962731,1,1,2,1,1,0,1734.215771,20739.86385,0,340.30023,45.232,59.02035667,99.30266738,1,32.998,0,1,0,0,0,0,0
5692757,1,0,0,1,3,0,1025.749765,15017.28117,0,521.904554,38.572,20.63277107,76.86322205,0,21.561,0,1,0,0,0,0,0
6574621,1,0,0,0,2,1,1533.827003,12072.63517,0,132.368545,32.808,51.28641191,558.4665028,0,25.598,0,1,0,0,1,0,0
2165550,1,0,0,0,1,0,1819.563911,14928.75175,0,245.471701,41.17,43.59011167,476.9323706,0,17.09,0,2,0,0,0,1,0
6576698,0,1,2,1,4,0,260.0259708,13642.22145,0,126.618351,27.058,188.3062491,615.0825188,1,15.807,0,1,0,0,1,0,0
1057699,0,0,0,0,0,0,3559.894901,5633.205071,0,152.541279,22.123,167.060104,1508.728445,0,9.012,0,1,0,0,1,0,0
2828733,1,1,3,2,1,1,623.154866,10803.83209,0,38.3029111,46.505,50.16082818,1982.491533,0,24.816,0,1,1,0,0,0,0
2833066,0,0,0,0,4,0,487.765728,5387.993695,0,327.280245,23.784,125.4341532,661.2135244,0,4.046,0,3,0,0,0,0,0
1068263,1,0,0,0,4,0,464.7352447,16772.60693,0,354.407181,32.311,101.8729684,1421.222251,1,41.027,0,2,0,0,0,0,0
1068745,2,1,3,2,0,0,693.3596392,6703.806487,0,582.891685,31.212,69.32409138,258.9421377,1,19.035,0,2,1,1,0,0,0
6584487,1,0,0,0,4,1,505.4136198,6286.731249,0,546.109138,25.611,136.1685126,2187.169027,0,6.907,0,2,0,0,0,1,0
6586037,0,0,0,0,4,0,1204.238626,17976.74884,0,688.72216,35.645,238.4425297,579.1610787,0,20.717,0,3,0,0,0,0,0
1120140,0,0,1,0,2,0,582.076045,15818.35866,0,380.738487,30.682,136.5071407,1156.999021,1,22.225,0,0,0,0,0,0,0
3188279,1,0,0,0,4,0,290.7600797,20685.50572,0,197.39136,37.131,80.06926952,1285.78433,0,38.758,0,2,0,0,0,0,0
6589410,1,0,2,0,0,0,64.1576722,18690.3203,0,144.858744,37.333,38.4596242,35.34249447,1,19.542,0,1,0,0,1,0,0
1181990,0,0,0,0,2,0,1936.919502,8296.969608,0,192.912542,18.095,626.8722983,973.7068733,0,7.437,0,5,0,0,0,0,0
6591386,1,0,2,1,2,1,614.5658283,7760.734499,0,155.34475,44.706,100.4416108,1738.125146,1,18.848,0,4,0,0,1,0,1
1184377,0,0,0,0,4,0,343.6186444,9923.038077,0,134.041493,40.594,45.75220215,3204.510772,0,30.785,0,1,0,0,0,0,0
2943529,1,0,1,2,2,1,875.02771,11332.24707,0,517.846797,36.497,54.27067221,621.5236835,1,28.32,0,1,0,0,0,0,0
1187970,0,0,0,0,4,0,737.9893746,8816.463843,0,531.395128,25.833,115.1774016,3781.309447,0,32.515,0,1,0,0,0,0,0
6304067,0,0,0,0,0,0,691.5113602,8088.881114,0,418.491302,26.52,296.4716476,635.642211,0,13.477,0,3,0,0,0,0,0
1234107,2,1,3,3,0,1,747.0921581,11402.39024,0,152.543555,43.453,27.91850489,41.87875496,1,26.601,0,3,1,0,0,0,1
6599420,2,0,3,2,1,1,815.0818443,4678.274228,1,373.400794,24.985,98.17969431,1861.573419,1,21.842,0,1,0,1,0,0,0
1513650,1,0,1,1,2,0,858.1030607,12500.19895,1,259.322402,23.374,96.46538114,1514.17248,0,26.942,0,1,0,0,0,0,0
6599915,1,0,0,0,2,0,1331.84761,1633.539518,0,207.183859,26.329,64.17980457,1007.878826,0,11.412,0,1,0,0,0,0,0
6600969,1,0,1,0,3,0,456.3822451,10384.81142,0,202.601254,61.194,196.3317552,375.619431,0,28.631,0,1,0,0,1,0,0
6603748,1,0,3,2,2,0,726.3340327,13695.51118,0,228.034771,20.376,99.59726798,275.0047546,1,39.451,0,1,0,0,0,0,0
3017791,1,0,0,2,0,0,1062.173212,16235.77496,0,65.9011797,32.899,67.91408959,483.2228144,1,39.386,0,0,0,0,0,0,0
5649010,1,0,0,0,0,0,968.9873799,7693.240432,0,78.7813534,31.044,353.5373924,852.0303362,0,20.032,0,3,0,0,0,0,0
1318243,0,0,0,0,4,0,254.2584137,14389.57353,0,5.049453,45.176,230.5076523,165.8686628,0,34.093,0,4,0,0,0,0,0
5649948,1,0,0,0,2,0,561.0972167,12955.00099,0,814.360476,35.741,202.2559023,837.3975871,0,24.312,0,1,0,0,0,0,0
8859,0,1,1,1,0,0,753.8101017,4886.950915,0,94.6360722,20.399,127.6473296,2937.614357,1,20.001,0,5,0,0,0,0,0
2878191,0,0,0,0,2,0,395.1899025,4518.431442,0,410.771381,31.707,122.646071,5930.278522,0,18.89,0,4,0,0,1,0,0
1413328,0,0,0,0,3,0,675.8114645,10735.92148,0,500.469008,42.087,174.0260963,1331.235615,1,16.053,0,1,0,0,0,0,0
2738868,1,0,0,0,4,0,1545.676662,4694.628837,0,160.355826,21.602,503.0341127,578.9408009,0,7.078,0,4,0,0,0,1,1
385123,2,0,2,1,2,1,2955.068493,5019.812067,0,75.7338369,23.328,176.5585604,2041.677586,1,39.944,0,3,0,0,0,0,1
1444777,1,0,0,1,2,0,768.1666629,13437.45482,0,254.380057,27.22,246.1106293,997.4784858,1,18.696,0,1,0,0,0,0,0
6623969,0,0,0,0,0,0,1351.34273,1291.060736,0,554.872287,9.538,954.8827774,5907.399684,0,8.211,0,5,0,0,0,0,0
1452108,1,0,0,2,3,0,525.9801993,16348.38898,0,209.501902,43.686,49.62785815,674.6877943,0,25.958,0,0,0,0,0,0,1
1487349,1,1,3,2,0,1,656.3881853,7303.140518,0,564.788163,47.76,242.0526019,258.5569345,1,29.861,1,2,0,1,0,0,0
694718,1,0,3,0,0,0,1011.279543,14963.7193,1,879.041477,29.836,110.5201624,859.2202287,0,36.106,1,3,0,0,1,0,1
1552399,1,0,0,0,4,0,456.429695,18398.65703,0,203.672495,36.041,345.1730624,196.1363976,0,11.735,0,1,0,0,0,0,1
1608847,1,0,3,2,1,1,1558.383272,5804.0556,0,453.225168,16.104,132.0180465,1484.207337,1,34.857,0,0,0,0,0,0,0
6636566,1,1,3,2,0,1,435.9748287,12369.03102,1,169.08005,42.882,153.402009,2682.829057,1,51.421,0,3,0,1,0,0,1
1615074,0,0,0,0,4,0,617.2042893,19965.78899,0,510.893734,24.431,70.47075282,102.5446165,0,10.421,0,3,0,0,1,0,0
6639613,1,0,1,1,0,0,305.2467596,10515.42454,0,342.353145,31.013,258.783808,1198.256295,1,14.111,0,1,0,0,0,0,0
6434451,2,1,3,3,1,1,412.1467262,8088.881114,1,366.524247,33.12,142.0317232,407.710464,1,14.285,0,2,1,0,1,0,0
3171521,0,0,0,0,4,0,1153.125559,12499.52782,0,510.986587,21.544,135.0217295,1000.202046,0,23.386,0,2,0,0,0,0,0
1744416,0,0,1,0,4,0,264.178011,16480.32824,0,672.773858,37.811,5.644962955,93.07320212,0,30.857,0,1,0,0,1,0,0
1755432,1,0,0,0,4,1,830.7399493,3081.974693,0,403.105354,18.547,101.5871156,475.2964013,0,33.796,0,4,0,0,0,0,0
1772599,1,1,1,2,4,1,1431.263613,4452.576373,0,23.5484272,18.006,187.4173573,2429.06713,1,5.943,0,1,0,0,0,0,0
1793326,0,0,0,0,4,1,650.1235711,9332.258387,0,62.8188902,49.992,113.6219966,497.8386499,0,12.511,0,1,0,0,0,0,0
6657174,0,0,0,0,3,0,61.33324193,7081.50832,0,879.732063,40.603,60.11483761,93.58553502,0,10.551,0,2,0,0,0,0,0
1826251,0,0,0,0,4,0,1219.513717,8815.264433,0,77.8767674,57.98,86.22734289,100.3321022,0,16.656,0,1,0,0,0,0,0
1832681,1,0,0,0,4,0,1504.832416,13896.49639,0,47.9477416,30.445,37.50181174,472.8526231,0,28.38,0,1,0,0,0,0,0
6662455,0,0,2,1,0,1,1672.522956,6513.728097,0,487.70943,21.96,91.53280503,1357.152223,0,13.755,1,2,0,0,0,1,0
1857277,0,0,0,0,4,0,764.528445,10268.18314,0,1024.79502,22.412,347.814858,430.6973153,0,24.708,0,3,0,0,0,0,0
1865477,0,1,1,1,1,0,1637.624179,16249.82582,0,774.297567,39.438,135.4551182,515.6335758,1,27.298,0,2,0,0,0,0,0
1889089,1,0,1,0,1,0,600.614348,14292.86418,0,556.415947,44.298,62.87304634,615.3708021,0,26.2,1,2,1,0,1,0,0
1898983,1,0,0,0,2,0,278.9793842,18079.67251,0,326.518422,40.716,229.5712854,512.3535493,0,27.495,0,1,0,0,0,0,0
1901100,0,0,0,0,4,0,593.8202135,20096.63077,0,208.195427,33.269,211.3932088,693.204292,0,35.167,0,2,0,0,1,0,0
1911014,1,0,0,0,3,0,595.8994655,8954.127305,0,153.241715,51.95,64.15306835,387.6250118,0,31.45,0,2,0,0,0,0,0
1972461,0,0,0,1,4,0,280.6441468,13838.7836,0,98.6812074,48.184,172.5946211,339.392384,0,14.633,0,0,0,0,0,0,0
1911227,1,0,0,1,3,1,598.1378398,18856.51351,0,249.257446,41.005,174.5603655,472.6251566,1,28.349,0,1,0,0,0,0,0
6314230,1,0,0,0,0,0,1812.871352,16249.82582,0,604.026234,32.484,316.4926033,573.1826534,0,23.342,0,2,0,0,0,0,0
1915869,0,0,0,0,4,0,343.2164225,6290.055949,0,191.783216,28.844,154.4694069,2890.510192,0,3.877,0,5,0,0,0,0,0
3243088,1,0,0,0,4,0,593.6409941,8986.717444,0,226.575426,31.357,294.9471355,779.799299,0,25.639,0,2,0,0,0,0,0
2410530,1,0,1,2,4,0,806.7104566,14555.79984,0,152.220696,29.803,53.05215181,75.89012205,0,44.248,0,3,0,0,0,0,1
562828,1,1,2,2,1,0,1003.170792,3898.965998,0,350.164955,26.207,181.8065927,2907.182297,1,20.574,0,3,0,0,1,0,0
1977258,1,0,0,1,0,1,510.6441162,6703.806487,0,260.804558,28.805,169.9653505,559.288784,0,14.225,0,2,0,0,0,0,0
6681399,1,1,3,2,1,1,846.8107063,5041.227357,0,609.593372,11.235,73.309951,1847.0743,1,19.599,0,2,1,1,0,0,1
6681794,2,0,2,0,2,0,887.7965837,7317.193892,0,281.310075,31.509,179.3745692,4920.483295,1,5.515,0,3,0,0,0,0,0
1987103,1,0,1,2,0,1,874.2107501,18240.64627,0,356.617106,31.053,108.1462948,357.9396126,1,18.925,0,2,1,0,2,0,1
6683781,1,0,1,0,1,0,710.1296084,6474.432691,0,98.3610979,22.374,100.6724166,5680.685296,0,18.667,0,2,0,0,0,0,0
6685163,1,0,2,2,0,1,798.4513008,10735.92148,0,269.807965,27.596,176.0688879,1563.162099,0,12.447,0,2,1,0,1,0,0
2055137,0,0,0,0,4,0,229.9046866,18752.30452,0,308.117417,32.236,92.05017941,1032.489615,0,32.118,0,2,0,1,0,0,0
2557036,0,0,0,0,3,0,619.1395107,9541.46885,0,246.71523,49.212,109.4614064,110.4151199,0,33.034,0,0,0,0,1,0,0
2069382,1,0,3,2,2,0,1091.690397,13354.04358,0,30.4273838,29.333,41.29229289,327.5491455,1,17.411,0,1,0,1,1,0,0
2072185,0,0,0,0,0,0,655.5023925,14329.53119,0,294.765112,33.543,82.88757706,597.5648617,0,13.267,0,2,0,0,0,0,0
5667655,0,0,0,0,2,1,1177.488895,17400.59468,0,33.1417767,19.37,311.8579292,1069.896761,0,24.548,0,1,0,0,0,0,0
2117297,1,0,0,0,4,0,992.198511,9332.258387,0,242.902148,36.202,239.2844754,531.2988027,0,8.087,0,2,0,0,0,0,0
6728156,0,0,3,0,0,0,2159.035431,5633.205071,0,745.370021,21.916,69.7366468,638.3295781,0,10.273,0,1,0,0,0,1,0
2142947,1,0,0,0,4,1,232.3577006,2404.491254,0,424.377174,11.29,16.06978645,7110.091496,0,4.188,0,3,0,0,0,0,0
2163784,1,0,0,2,3,1,3456.598181,10100.8748,0,267.820072,21.911,99.23873547,406.3985452,1,10.85,0,1,0,0,0,0,0
2165222,0,0,0,0,4,0,698.3573115,18398.65703,0,437.207741,30.233,38.9189554,525.7798924,0,13.325,0,2,0,0,0,0,0
3271823,0,1,0,0,4,0,1130.353125,10556.70268,0,508.214855,15.211,410.1496515,2375.490448,0,18.867,0,4,0,0,0,0,0
1496052,0,0,0,0,4,0,706.074427,11771.62591,0,153.572252,18.111,206.411242,449.1413302,0,16.068,0,2,0,0,0,0,0
2537762,1,1,3,2,0,0,410.552918,9061.565349,1,75.2997667,20.87,60.48158576,4315.049448,1,25.999,0,1,1,0,0,0,1
2177298,1,0,0,0,3,0,1483.50808,8024.301682,0,535.354357,16.332,167.2033401,1855.165849,0,10.429,0,1,0,0,0,0,0
1313349,1,0,0,0,0,0,222.1078452,15281.33625,0,285.026729,48.514,34.831029,836.667314,1,31.444,0,1,0,0,0,0,0
2192990,0,0,0,0,4,0,550.8152682,16609.09682,0,225.569731,25.586,168.0187391,292.6571116,0,20.645,0,1,0,0,0,0,0
6323548,1,0,0,0,3,0,2345.658729,4328.661349,0,460.343116,14.154,386.0671509,2301.124784,1,13.287,0,1,0,0,0,0,0
3356442,1,0,0,0,2,0,873.8804568,4973.721458,0,512.459534,19.837,63.47564079,3742.285274,0,8.685,0,1,0,0,1,0,1
2231441,0,0,2,1,1,1,969.0618678,19613.95635,0,38.8936233,22.928,97.10823262,439.5325845,1,28.245,0,2,0,0,2,0,0
5709506,0,1,1,0,1,1,126.8356672,8030.350212,0,146.36188,26.822,202.4514404,278.3982493,1,11.694,0,0,0,0,1,0,0
2254587,1,0,0,0,3,0,426.2109595,6738.976905,0,210.857348,12.434,100.4784964,2966.763816,0,23.277,0,0,0,0,0,0,0
2254830,1,0,3,2,2,1,1349.01115,13496.89675,0,293.997915,30.002,210.9625361,535.0364351,1,43.123,0,2,0,0,0,0,1
2304952,1,0,2,1,0,0,742.8189056,6411.749684,0,211.157282,27.71,349.2216588,851.2421026,1,23.257,0,0,0,0,2,0,0
2566501,1,0,1,2,0,1,749.8826614,6721.806,0,277.79382,36.875,217.5720272,677.5289835,1,17.023,1,2,0,0,0,0,0
2322493,1,0,0,0,4,0,577.41691,19364.66144,0,49.2301177,49.628,280.6803895,442.9075495,0,18.74,0,1,0,0,0,0,0
2356906,1,0,0,0,3,0,778.1676757,8488.616533,0,190.517041,27.762,143.9197062,3394.789053,0,8.235,0,3,0,0,0,0,0
2404623,1,0,3,0,1,1,881.4496578,5279.33638,0,761.890434,30.393,301.8291581,3174.295383,0,18.934,0,4,0,0,0,0,0
2429801,1,0,0,0,2,0,582.2470006,5802.350787,0,701.259635,33.166,356.2396805,4129.332415,1,6.841,0,3,0,0,0,0,0
2614844,1,0,0,0,3,0,285.9433668,11777.31759,0,412.388063,60.375,122.2750761,239.7381212,1,25.946,0,3,0,0,0,0,0
2477587,1,0,0,0,4,0,514.4042268,7839.923526,0,541.67771,26.678,102.8491641,2386.701555,0,20.417,0,1,0,0,0,0,0
3436288,0,0,2,2,1,1,478.6303978,14622.58798,0,108.274326,60.094,182.4257071,489.7565231,1,27.59,0,2,0,0,1,0,0
2486446,1,0,0,0,4,0,265.9570784,13342.86873,0,361.274651,41.556,103.0905036,3071.453194,0,23.406,0,1,0,0,0,0,0
2521192,1,0,0,0,4,0,544.2949124,10630.80933,0,44.7351293,84.098,96.9342885,102.6310018,0,19.826,0,3,0,0,0,0,0
6380176,0,0,0,0,3,0,1141.61099,8554.837844,0,580.11011,23.771,282.6523774,739.3422431,0,37.724,0,2,0,0,0,0,0
2526090,0,0,1,1,1,0,613.8647376,18398.65703,0,296.796906,30.233,193.5160224,388.9083733,1,13.325,0,1,0,0,0,0,0
2544245,1,0,0,0,4,0,342.5423407,11978.70502,0,210.275691,33.191,186.3771924,409.7338882,0,37.205,0,1,0,0,0,0,1
2592744,0,0,1,0,2,1,1716.312174,10734.87455,0,232.747273,20.392,196.7955052,286.0882872,0,22.007,0,2,0,0,0,0,0
2598461,1,0,3,2,0,1,701.4491389,16916.73464,1,112.732694,36.017,16.07469852,2165.642751,0,29.823,0,0,0,0,0,1,1
3479188,2,0,0,0,4,1,1711.881476,10763.84721,0,104.297474,47.35,60.06808735,137.968226,0,20.797,0,2,0,0,0,0,0
2597649,1,0,0,0,4,0,3267.910238,1432.772276,0,379.039931,14.302,41.20894506,6190.117926,0,31.035,0,3,0,0,0,0,1
2613806,0,0,0,0,4,0,263.7957038,8103.453215,0,251.704359,46.085,90.90674599,1447.401722,0,21.852,0,1,0,0,1,0,0
2630665,0,1,1,0,2,0,672.0210389,3178.73769,0,232.906932,17.421,209.9815025,2813.089914,1,4.549,0,2,0,0,0,0,0
2631325,1,0,2,0,0,0,1677.096317,5366.881151,0,367.95489,28.03,154.3489521,149.7585584,0,8.007,0,3,0,0,0,0,0
2636667,0,0,1,1,0,1,945.3641173,15557.16177,0,118.46921,62.774,207.8792406,844.5764293,0,22.512,0,1,0,0,0,0,0
5783493,0,0,0,0,4,0,1222.449624,5521.586415,0,100.814109,16.007,110.5734662,670.6607915,0,17.439,0,3,0,0,0,0,0
2699523,1,0,0,0,0,0,1170.927302,13429.18637,0,310.470273,40.248,417.0620607,330.4732456,0,19.373,0,1,0,0,0,0,0
2719182,1,0,0,1,4,0,387.5644369,9275.440653,0,330.514578,31.886,309.5237981,1254.538051,0,26.914,0,3,0,0,0,0,0
2770680,0,0,0,0,4,0,901.0869904,11857.15143,0,432.769672,27.763,280.8536671,3910.981476,0,41.077,0,2,0,0,0,0,0
2774149,0,0,0,0,3,0,1234.82671,26299.27626,0,302.454313,35.671,77.22983689,505.849789,0,30.923,0,1,0,0,1,0,0
2779844,0,0,0,0,4,0,155.1579463,11131.97235,0,761.359797,28.94,68.22207229,158.6550209,0,28.921,0,1,0,0,0,0,1
4732006,2,1,3,3,1,1,2118.145806,17375.2345,1,167.166435,20.11,208.4545247,254.956054,1,38.698,0,0,1,0,0,0,1
2824868,1,0,0,0,0,1,548.8104992,5809.764964,0,428.275068,24.336,428.4382501,798.8937397,1,31.82,0,0,0,0,0,0,0
2889760,0,0,0,0,2,1,538.4166282,10937.12289,0,86.9980273,31.197,108.4688315,1113.650832,0,23.443,0,2,0,0,1,0,1
6365123,1,0,0,0,3,0,118.8667752,7839.923526,0,466.737742,26.678,38.47513087,2197.97807,0,20.417,0,5,0,0,0,0,0
3481495,2,0,0,0,4,1,764.0317674,4515.071727,0,202.830582,23.356,168.2151722,3262.079388,1,10.731,0,2,0,0,0,0,1
2836441,1,0,0,0,0,0,282.3058062,18787.59912,0,73.6837673,35.611,87.90494606,563.0451227,1,38.451,0,0,0,0,0,0,0
5704486,1,0,0,0,3,1,376.5473765,5610.483649,0,335.642372,33.967,220.5161838,1195.477476,0,24.261,0,2,0,0,0,1,0
2945422,1,1,0,0,2,0,49.19419784,12150.01553,0,131.758197,39.938,16.91829603,1229.15066,0,25.963,0,2,0,0,0,0,0
2871418,1,1,2,2,1,1,1941.349502,4481.400482,0,218.812833,52.502,76.91019203,53.28135923,1,23.769,0,1,0,0,0,0,1
3513965,1,1,1,2,1,0,884.7142233,6309.100315,0,210.374394,21.987,305.2327019,1319.843543,1,28.541,0,3,1,0,0,0,0
3562373,0,0,0,0,3,1,1072.322008,17791.03704,0,206.425812,44.289,85.55957389,464.4220304,1,22.168,0,1,0,0,1,0,0
6492796,2,0,3,3,1,1,803.5912854,14164.20831,1,306.107517,39.147,13.56368076,344.6095292,0,26.096,0,3,0,0,1,0,1
1476400,1,0,0,0,2,0,611.7914504,11516.61282,0,244.702089,18.987,305.8226425,2570.393837,0,26.574,0,1,0,0,0,0,1
6531204,0,0,0,0,0,0,1213.109096,9105.331262,0,517.444462,27.287,211.34751,320.5492547,0,27.022,0,2,0,0,0,0,0
3564010,1,0,0,1,0,0,647.1783032,16090.15296,0,265.244988,34.606,37.3026743,535.4542304,1,27.328,0,4,0,0,2,0,0
2939879,1,1,0,0,4,1,3473.093114,2977.602937,0,378.563206,22.502,230.001373,489.0003929,1,6.612,0,3,0,0,0,0,0
3796813,0,0,0,0,4,0,1854.680667,633.8708221,0,463.736337,15.478,276.3889792,708.3643515,0,3.958,0,2,0,0,0,1,0
2942701,1,0,0,0,0,0,725.5416728,1776.871808,0,209.13549,12.181,446.8788189,7852.830668,0,7.762,0,4,0,0,0,0,1
2965732,1,0,2,1,1,1,226.974536,18752.30452,0,127.73481,41.053,139.28248,912.0843345,0,32.282,0,1,0,0,0,0,1
2476906,0,1,0,1,3,1,1046.034656,5112.914254,0,343.78442,18.692,98.44306283,7894.359779,0,12.312,0,3,0,0,0,0,1
21186,0,0,0,1,1,0,1789.010902,4539.8404,0,724.916298,24.978,333.825495,810.5940302,0,11.775,0,2,0,0,0,0,0
6443172,0,0,0,0,4,0,1808.787602,5366.881151,0,99.5339687,24.092,70.26077308,338.2394361,0,17.386,0,3,0,0,1,0,0
3083147,0,0,0,0,4,0,529.1184548,19917.38943,0,378.323362,29.233,127.2187703,1885.328682,0,39.137,0,2,0,0,0,0,0
3498492,1,0,2,0,1,0,1100.812499,3049.415718,0,187.144194,24.57,83.97319976,919.526931,0,14.607,0,5,0,0,0,0,0
3552431,1,0,0,0,0,0,537.5620344,19339.62084,0,256.439978,33.092,128.1711393,2357.927316,0,21.313,0,4,0,0,1,0,0
3172521,0,0,0,1,4,0,693.0445289,7317.193892,0,604.211391,30.25,15.4611636,4987.713418,0,6.593,0,2,0,0,0,0,0
3247142,1,0,3,0,0,1,1783.306579,3771.582545,0,437.049525,23.832,39.54591704,2746.10209,1,24.659,0,4,0,0,0,0,1
4046226,1,0,0,0,0,1,630.3945047,12364.10659,0,347.447247,35.605,99.47324597,3622.552095,0,27.404,0,3,0,0,0,1,1
3721129,1,0,1,0,4,0,351.4813112,682.8609784,0,419.956674,9.988,165.8376207,8714.700452,0,12.631,0,2,0,0,0,0,0
3308486,1,0,3,2,0,1,121.7174666,8950.167524,0,639.156725,31.264,114.8051368,3351.189948,1,29.569,0,2,1,0,1,0,0
4048709,1,0,0,1,4,0,284.8252573,3354.570568,0,93.2960158,40.535,82.45044378,136.0269563,0,19.402,0,1,0,0,0,0,0
902315,0,0,0,0,2,1,344.8991663,12941.03565,0,163.801121,43.872,136.5461357,975.1746195,1,28.414,0,1,0,0,1,0,0
3352524,1,0,0,0,0,0,952.5494602,6657.329062,0,252.797714,46.321,258.9747885,3199.342052,0,37.163,0,2,0,0,1,0,1
4132371,0,0,0,0,0,0,205.0006014,18539.87924,0,280.253807,31.657,244.5310674,881.1724693,0,21.717,0,3,0,0,0,0,0
3417534,1,0,0,0,4,0,515.0285118,9332.258387,0,159.911748,45.217,98.3082095,305.1407802,0,9.577,0,3,0,1,0,0,0
4059164,1,0,0,0,0,0,559.0620878,14488.19125,0,75.5527892,27.971,74.88583819,183.2813449,0,28.236,0,3,0,0,0,0,0
3450371,0,0,0,0,2,1,604.6877383,8802.092707,0,102.939325,28.903,241.8072172,2453.097283,1,23.275,0,2,0,0,0,1,0
4080796,0,0,0,1,3,1,331.4820951,10912.20434,0,302.53213,36.164,234.7485639,986.4744555,1,8.252,0,3,0,0,0,0,0
3461365,0,1,0,0,4,0,1665.523903,6255.728296,0,169.15533,30.955,229.2467834,571.874628,0,14.112,0,3,0,0,0,0,0
5186222,0,0,0,0,4,1,428.5332091,19965.78899,0,260.438758,31.98,77.30433235,448.3525584,0,26.042,0,1,0,0,0,0,0
5174297,0,0,0,0,4,0,2961.04326,10949.20375,0,444.536397,29.674,88.68113705,418.4052894,0,8.204,0,3,0,0,1,0,0
4325693,0,0,1,0,0,1,975.959627,26846.69332,0,446.371494,32.767,83.6771975,714.0745042,0,33.045,0,1,0,0,0,0,0
3825364,0,0,0,0,4,0,774.8103658,1500.111374,0,385.445779,17.784,174.0228231,5686.668304,0,3.249,0,3,0,0,0,0,0
4370909,0,0,0,0,4,0,847.1841654,7429.689656,0,37.5529612,50.201,294.8618513,262.9845311,1,11.061,0,2,0,0,0,0,0
5205561,0,0,0,0,2,0,339.2787687,4917.830496,0,416.64707,35.508,185.4666992,488.0390658,0,11.497,0,2,0,0,0,0,0
5764636,0,0,0,0,4,0,1216.313974,9221.560721,0,315.407928,34.286,18.01666112,378.2065143,0,8.237,0,1,0,0,0,0,0
4405347,1,0,0,1,3,0,1143.467676,8037.919068,0,139.681529,22.239,140.8613161,1872.749251,0,18.38,0,2,0,0,1,0,0
5208466,0,0,0,0,3,0,440.875916,23368.38971,0,300.916167,55.663,188.4787089,491.1264019,0,22.737,0,3,0,0,1,0,0
3847871,2,0,1,0,0,0,4568.425526,7863.910564,0,130.94402,34.534,53.06228655,589.1597635,0,12.516,0,1,0,0,0,0,1
4107382,2,1,3,2,0,1,1148.69852,15882.41967,1,440.60124,50.171,34.00081149,1108.2649,1,33.98,0,1,0,0,0,0,1
940672,0,0,1,0,3,0,807.6469023,8022.5848,0,117.413861,49.784,66.60006445,286.1130297,0,13.106,0,0,0,0,0,0,0
4680992,1,1,1,1,0,1,1584.363801,7973.646912,0,562.234728,22.902,191.8828417,1172.100867,1,20.597,0,4,0,0,1,0,1
6448419,0,0,0,0,4,0,1417.980656,19713.74609,0,502.22562,44.809,114.9701197,137.9595803,0,36.708,0,1,0,0,1,0,0
5659128,1,0,0,1,3,0,699.8298791,3428.741294,0,366.695514,17.73,235.8769116,1442.779586,0,12.679,0,2,0,0,1,0,0
6396476,1,0,0,1,4,0,687.2812466,11033.26484,0,237.566295,36.896,160.4546058,5989.036833,1,13.608,0,1,0,0,1,0,0
4827385,1,0,2,0,0,1,96.43246573,10125.07357,1,150.696289,49.793,344.1896061,592.4699072,0,35.961,0,1,0,0,0,0,1
6458807,0,0,0,0,0,0,607.850751,10211.41644,0,454.594902,18.701,177.4604057,2386.795901,0,36.347,0,5,0,0,1,0,0
4835451,0,0,0,0,0,0,695.3534913,9330.324313,0,130.072863,30.85,308.0570997,2696.831233,0,12.544,0,2,0,0,0,0,0
2901999,1,1,3,2,0,1,1121.584871,3020.033128,0,155.508764,18.657,229.1199,1182.780487,0,32.254,0,2,0,0,1,0,0
4925479,1,0,2,0,3,0,2070.408037,17375.2345,0,234.79354,20.11,242.6159837,290.7196601,1,38.698,0,0,0,0,0,0,0
4957967,1,0,0,0,3,1,1188.717282,14096.34699,0,639.116127,46.513,191.1249552,979.650731,0,13.905,0,1,0,0,0,0,0
5250158,0,0,0,2,0,0,218.4326559,9175.515166,0,478.488181,13.687,235.3411172,146.6312087,1,7.917,0,1,0,0,0,0,0
1469349,1,0,0,0,4,0,395.1858225,18539.87924,0,354.297176,31.657,373.8742308,894.3081529,0,21.717,0,1,0,0,0,0,0
4987118,0,0,0,2,0,0,1083.34537,16767.02606,0,198.819656,32.002,202.9247791,431.3896154,0,32.679,0,1,0,0,0,0,0
4993759,1,0,3,3,1,1,266.1610757,18079.67251,0,129.883861,33.528,149.6415818,463.9422503,1,43.877,0,1,0,1,1,0,0
5855001,0,0,0,0,2,1,617.955682,10949.43252,0,218.58867,43.891,233.1554488,333.4866226,1,16.421,0,3,0,0,0,0,0
4997345,0,0,2,0,3,0,590.6652635,6738.976905,0,504.580216,28.22,11.46516492,3607.049643,0,14.261,0,2,0,0,0,0,0
6412321,0,0,0,0,4,0,469.0766235,13007.95697,0,795.679626,36.402,112.1019718,420.5526171,0,17.492,0,1,0,0,0,0,0
5005261,0,0,0,0,4,0,309.4694575,8298.229078,0,519.033535,26.397,130.839997,987.8091053,0,14.665,0,1,0,0,1,0,0
1127712,2,0,1,1,2,0,1138.278263,9317.814793,0,193.509608,31.354,299.5043041,1689.542479,1,30.754,0,0,0,0,0,0,1
5798517,1,0,3,2,1,1,891.5192966,8554.837844,0,403.327909,29.203,51.44344936,907.0406695,1,31.203,0,0,0,0,1,0,0
5011085,0,0,2,0,0,1,1242.830437,10556.70268,0,277.091729,20.408,191.5496892,2636.458673,0,19.699,0,2,0,0,0,0,0
4140354,1,0,0,0,2,0,807.952391,14231.24046,0,425.938676,31.339,125.2677855,1997.855786,0,36.013,0,1,0,1,0,1,0
5256306,0,0,0,0,4,0,429.9930318,13437.45482,0,283.539888,41.496,155.9850648,980.3801163,0,23.269,0,2,0,0,0,0,0
5016075,0,0,0,0,3,0,630.0628054,9667.008537,0,225.135955,35.757,426.5671486,2753.886931,0,19.749,0,4,0,0,0,0,0
3705088,0,0,0,0,4,0,1038.884177,10735.92148,0,543.102238,54.718,97.78504499,1547.709239,0,15.635,0,2,0,0,0,0,0
5737238,0,1,2,2,2,0,607.8453786,6633.981714,0,453.247582,17.707,202.9883166,4255.299756,1,8.307,0,1,0,0,0,1,0
5029801,0,0,0,0,3,0,226.2393698,11372.15016,0,377.42229,27.573,172.363311,228.9462516,0,22.612,0,2,0,0,0,0,0
1098303,1,0,0,0,3,0,544.6889952,10936.28932,0,300.869909,46.832,162.7561273,2110.946204,0,19.058,0,1,0,0,1,0,0
3704764,0,0,0,0,2,0,920.3785238,9031.885262,0,458.221822,15.948,100.0459781,2339.018981,0,22.427,0,4,0,0,0,0,0
5263443,1,0,2,2,2,0,234.9736088,8748.691759,0,808.2041,79.648,218.3806502,304.5566293,0,23.381,0,1,0,0,0,0,0
1844220,0,1,0,1,4,0,1610.569234,3059.864722,0,98.3985195,22.467,106.7957528,8058.840209,0,6.716,0,1,0,0,0,0,0
6451714,0,0,0,0,4,0,703.298355,11840.62048,0,345.098665,53.881,279.2881736,580.929836,0,14.932,0,3,0,0,0,0,0
5281715,1,0,3,2,3,1,413.6662222,16509.65958,0,189.220974,70.822,32.38412027,1349.170791,1,22.212,0,1,0,0,1,0,1
5060730,0,0,0,0,4,0,562.4602881,17674.45883,0,323.596015,28.816,62.55552484,1259.454556,0,18.595,0,2,0,0,0,0,0
5809206,1,0,0,0,2,0,1523.946989,19180.45933,0,296.845424,29.712,186.2204869,554.6931175,0,22.8,1,2,0,0,0,0,0
6451807,1,0,0,0,4,0,1099.209138,8969.946753,0,280.33983,43.08,136.9540542,488.535283,0,21.183,0,2,0,0,1,0,0
1955993,0,0,0,0,4,0,534.517056,7476.415052,0,398.304578,45.143,120.8063751,835.0892647,0,16.108,0,2,0,0,1,0,1
3897212,0,1,0,0,4,0,770.4540199,12579.90284,0,394.658889,17.903,209.4844255,7240.344857,0,3.665,0,3,0,0,0,0,0
5080502,1,0,2,2,1,0,444.310751,6095.688413,0,874.292607,27.618,516.4863725,4100.943362,1,9.886,0,0,0,0,0,0,0
5861420,1,0,2,1,0,0,3819.919216,2049.405608,0,592.687717,15.672,148.409989,6829.487838,0,18.365,0,1,0,1,0,0,0
5096670,1,0,0,0,0,1,607.6806212,10278.41835,0,562.129299,35.955,163.3691563,174.9802426,0,18.546,0,1,0,0,0,0,0
5810919,0,0,1,0,4,0,318.6075973,20597.95032,0,431.133852,38.969,3.643896027,980.3039006,0,30.639,0,1,0,0,0,0,0
3709568,0,0,0,1,2,1,470.4686861,6997.08455,0,377.042961,42.834,210.8196522,1834.302513,0,37.455,0,1,0,0,0,0,0
5110130,0,0,0,0,4,0,3593.905721,7863.910564,0,151.91561,27.123,31.25412053,236.8277282,0,11.827,0,2,0,0,1,0,0
5297804,0,0,0,0,4,0,410.9381194,4917.830496,0,327.754655,38.75,153.4171769,471.6860232,0,17.25,0,1,0,0,0,0,0
5815295,0,0,0,0,4,1,108.4750077,6482.866534,0,190.540116,42.568,124.5226148,2069.418608,0,29.626,0,2,0,0,0,0,0
5135777,0,0,1,0,4,0,527.5510866,14560.31422,0,56.8673093,61.335,141.577577,672.7175772,0,36.878,0,1,0,0,0,0,0
5822995,0,0,0,0,4,0,1235.533358,18969.74134,0,153.851782,21.203,75.88869508,311.5828188,0,39.575,0,1,0,0,0,0,0
5141980,1,0,3,1,0,0,688.5973639,5217.798879,1,246.162658,38.369,129.7285834,3479.873734,1,29.958,0,0,0,0,0,0,0
5312850,0,0,0,0,4,0,3174.697644,2490.780458,0,382.723845,16.963,144.934283,1301.272397,0,6.813,0,2,0,0,1,0,0
5826396,1,0,1,2,0,0,145.9782998,2956.342115,0,133.713794,28.3,114.5826404,1782.300836,1,16.109,1,2,0,0,0,1,0
5316500,0,0,0,1,4,1,1208.049873,10515.185,0,429.465141,46.628,99.14087356,2606.800226,1,20.989,0,3,0,0,0,0,0
5154558,2,1,3,3,0,1,1037.134028,14555.79984,1,36.7614231,29.803,102.7696204,167.7870942,1,44.248,0,2,1,0,0,0,1
5158929,0,0,0,0,4,0,376.2083267,7983.366768,0,46.5274436,29.878,295.3581269,406.2702,0,12.788,0,2,0,0,0,0,0
5323414,0,0,0,0,3,0,1190.957395,16916.73464,0,218.900858,41.484,108.4514973,2121.075825,0,24.749,0,3,0,0,1,0,0
6407127,2,0,3,3,0,1,155.1650224,10100.37423,1,391.929744,31.16,178.900611,3235.31977,1,43.799,1,1,0,1,0,0,1
5323899,1,0,0,0,4,0,690.7081998,3178.73769,0,260.204023,17.421,386.026924,2922.59573,0,4.549,0,2,0,0,0,0,0
5165547,1,1,3,0,1,1,639.5683933,12427.17957,0,149.597343,39.492,111.7442446,1761.004695,1,36.797,1,1,0,0,1,0,0
5327890,0,0,0,0,4,0,651.9958206,7740.302677,0,635.720901,20.185,250.8065573,1195.534848,0,12.446,0,3,0,0,0,0,0
5369900,1,1,3,2,1,1,966.9984894,4587.054117,0,327.476999,26.801,217.5392349,3380.740486,1,39.916,0,1,1,0,1,0,1
5373008,0,0,0,1,4,0,1142.786219,5469.139365,0,229.000242,12.96,238.122215,2139.592481,1,5.481,0,3,0,0,0,0,0
3928251,1,0,0,0,4,0,397.2260962,7081.50832,0,530.35854,40.603,306.2136657,271.2151508,0,10.551,0,2,0,0,0,0,0
5392683,1,0,0,0,4,0,809.7782404,9031.885262,0,341.329439,25.515,151.5506632,2226.682747,0,19.148,0,1,0,0,1,0,0
5413905,2,0,0,1,4,0,236.2330401,6681.076597,0,331.080549,19.644,9.45306275,1327.312355,1,15.455,0,1,0,0,0,0,0
5869869,1,0,0,0,4,0,206.3093494,12364.10659,0,183.459853,35.605,26.58257371,3281.472555,0,27.404,0,2,0,0,1,0,0
5425038,1,0,0,0,4,0,212.4841559,9239.903644,0,99.2368942,22.414,97.2217484,1258.940575,0,34.812,0,2,0,0,0,0,0
5459505,1,0,1,0,2,0,554.4649353,9520.405507,0,1.66170497,46.557,157.1327027,1768.899498,0,32.981,0,2,0,0,1,0,1
5459677,1,1,0,0,2,0,1547.617612,4352.775378,0,371.428009,13.728,168.7926514,6771.253169,0,12.987,0,5,0,0,0,0,0
4217131,0,0,0,0,3,0,809.1990211,12612.41186,0,320.779209,25.822,153.4542313,440.5497112,0,9.879,0,1,0,0,0,0,0
3959384,0,0,0,0,0,1,490.6248541,2276.022388,0,147.334784,13.522,254.4652741,7138.176112,0,8.041,0,3,0,0,0,0,0
4885078,1,1,3,2,0,1,1067.790235,9275.440653,1,370.702146,34.669,74.77826117,1133.874501,1,15.441,0,2,1,1,0,0,1
4230361,0,0,1,0,4,0,649.2224104,11402.39024,0,215.021939,43.453,151.0308816,281.8241774,0,26.601,0,1,0,0,0,0,0
6420405,1,0,2,3,1,1,309.4246466,10100.37423,0,205.044639,31.16,273.7128871,3418.702766,1,43.799,0,1,0,0,1,0,0
5481593,1,0,0,2,4,1,622.4984184,18856.51351,0,296.335435,41.005,155.4004733,499.9530571,1,28.349,0,1,0,0,0,0,0
6389886,1,0,1,0,4,0,467.8163044,11359.77054,0,283.510441,33.187,157.8872115,2625.536841,0,34.64,0,1,0,0,1,0,0
5500374,0,0,0,0,4,1,176.520448,5432.141534,0,506.62326,35.588,158.9433928,2115.909565,1,15.24,0,2,0,0,0,0,0
6422506,1,1,3,0,0,1,159.8582267,8361.889061,0,286.060957,33.263,208.9749996,3312.773364,1,5.583,0,5,0,0,0,0,1
5914716,0,0,0,0,4,0,146.3261536,3078.132771,0,518.381179,25.689,112.5960339,3124.865768,0,17.282,0,3,1,0,0,0,0
5506759,1,0,0,1,3,0,441.2704882,6482.866534,0,447.128089,32.632,378.0452313,2021.394779,1,18.448,0,2,0,0,1,0,0
5918143,1,1,0,0,2,1,2034.566247,21416.04743,0,630.781571,40.894,123.103985,563.6446847,0,10.84,0,3,1,0,0,0,0
5532800,1,0,0,0,2,0,1194.426936,10009.27579,0,606.996902,37.921,227.3280219,902.0720752,0,16.075,0,1,0,0,0,0,0
5534453,0,0,1,1,2,1,1482.377789,15818.35866,0,83.6297126,77.145,152.3154949,333.7970998,1,20.839,0,1,0,0,2,0,0
5537633,1,0,0,0,4,0,372.434377,6703.806487,0,261.744851,39.465,307.5499721,842.6540081,0,21.713,0,2,0,0,0,1,0
6426235,1,0,0,0,0,0,2488.363269,6214.546151,0,171.663168,42.085,221.997725,1567.733933,0,14.98,0,3,0,0,0,0,0
6387348,0,0,0,0,1,0,1039.934846,12039.20995,0,320.172516,42.329,132.816711,517.8444648,0,20.025,0,5,0,0,0,0,0
5548728,0,0,3,0,2,1,257.3252,9204.05337,0,177.626178,28.293,104.8213061,9585.871702,0,18.608,0,1,0,0,0,0,0
6426389,1,0,0,0,1,0,1133.077793,2559.287668,0,232.820052,18.01,160.7669564,5401.673733,0,5.625,0,0,0,0,0,0,1
5550827,1,1,3,2,1,1,342.7344396,7081.50832,0,859.689622,40.603,74.56832822,273.3516177,1,10.551,0,0,0,0,0,0,1
5552625,0,0,2,2,2,0,996.7699186,12499.52782,0,532.683807,21.544,65.41046026,714.7361116,1,23.386,0,3,0,0,2,0,0
3796131,0,0,2,0,3,1,1678.808304,7035.350833,0,258.164526,32.635,142.9610909,1507.824829,0,10.007,0,0,0,0,0,0,0
5554158,0,0,0,0,0,0,790.3616854,11092.14226,0,27.9639799,43.693,20.84414306,2252.771098,0,21.514,0,1,0,0,0,0,0
4258214,0,0,0,0,3,1,314.3228236,15370.40709,0,206.466774,35.312,122.1354036,2146.954631,1,31.157,0,1,0,0,0,0,0
6475018,1,1,1,2,0,0,1036.917301,26846.69332,1,540.713606,32.767,95.8372853,603.46238,0,33.045,1,1,0,0,1,0,0
5951999,1,0,0,0,0,0,606.9491645,10080.93765,0,530.797171,26.611,163.0417653,1453.916963,0,28.863,0,2,0,0,0,0,1
5312342,0,0,0,0,4,0,476.5478524,5324.40209,0,229.383677,17.969,289.8012835,8440.059067,0,11.364,0,1,0,0,1,0,0
5199261,1,0,2,0,2,0,846.9150697,7620.909979,1,42.3208331,37.52,78.22787198,3976.233004,0,43.347,0,1,0,0,0,0,0
5966135,0,0,0,0,4,0,981.9679888,10438.87172,0,494.406121,29.019,436.0201253,1131.009743,0,11.57,0,2,0,0,1,0,0
5794480,1,1,3,2,2,1,320.6049666,14488.19125,0,275.008366,34.33,197.6260573,679.1229555,1,29.96,0,1,0,0,1,0,0
5989029,0,0,0,1,4,1,339.6393861,8023.109657,0,130.73716,31.813,158.346613,712.5406469,1,12.785,0,1,0,0,0,0,0
5241785,0,0,0,0,4,0,536.1958206,5379.178915,0,230.503477,39.576,94.85010686,1648.91252,0,28.091,0,2,0,0,1,0,0
5990274,0,0,2,2,0,1,1194.677857,8969.263058,0,307.213859,43.711,165.6933686,291.2101394,0,16.243,0,0,0,0,0,0,0
6382886,1,0,1,1,2,0,1032.648621,7868.904676,0,228.297175,16.17,188.3096673,335.1597176,0,11.152,0,4,0,0,1,0,0
5992451,1,1,0,0,4,0,853.4604996,9137.229659,0,166.775193,38.531,112.1923577,852.0821984,0,6.039,0,2,1,0,0,1,0
4707376,0,0,0,0,2,0,393.5301155,15746.71073,0,356.227791,50.4,18.57733415,2102.641873,0,31.098,0,4,0,0,1,0,0
6485900,1,0,1,1,0,0,749.1160138,15412.69587,0,91.5339931,29.572,118.22732,432.7121097,1,33.392,0,0,0,0,0,0,0
4010352,1,0,0,0,3,0,1017.931041,18374.7828,0,428.082888,37.449,103.3910422,193.5263738,0,17.008,0,1,0,0,0,0,0
5852767,0,0,0,0,0,0,578.5704413,17467.71733,1,842.451464,27.294,326.0926727,435.9408674,1,22.828,0,0,0,0,0,0,0
6489752,1,0,3,2,2,1,695.9755188,13354.40242,1,256.326454,20.77,55.59725248,989.611985,1,8.683,0,2,0,0,0,0,0
6041986,1,0,0,1,3,0,627.5592398,25356.49718,0,206.177411,76.669,72.37106816,237.0632471,1,24.528,0,1,0,0,0,0,1
1750421,1,0,1,0,3,0,680.2862352,11131.97235,0,535.802616,51.675,85.29151367,570.614618,0,43.021,0,1,0,0,2,0,0
2132798,1,0,1,1,0,0,373.1515265,7418.083695,0,397.255189,29.047,473.9526671,2956.792379,0,17.325,1,0,0,0,0,0,1
2729507,0,0,1,0,0,0,82.81574351,6956.920627,0,156.512043,36.472,134.8318116,3415.963445,0,17.786,0,4,0,0,0,0,0
3053970,1,0,0,0,2,1,1138.735434,18374.7828,0,320.051055,36.002,256.5723175,336.5394252,0,22.51,0,1,0,0,0,0,0
3980000,1,0,0,0,0,0,638.9204254,13259.94682,0,237.927757,31.865,243.1666954,1646.738776,0,15.596,0,4,0,0,1,0,0
4319274,1,0,0,0,3,0,1759.720175,6672.11278,0,501.883398,20.315,425.7530858,807.0940394,1,11.431,0,2,0,0,0,0,0
4734104,1,1,0,1,0,0,1106.121636,13896.49639,0,293.541164,48.16,34.09244166,885.7553923,1,24.1,0,0,0,0,0,0,1
5035532,1,0,0,0,1,0,880.8390061,19686.08449,0,230.16517,32.803,102.3595285,96.63874051,0,28.547,0,5,0,0,1,0,0
5056630,1,0,0,0,1,0,1334.128659,1960.343355,0,324.521489,11.795,112.5043767,1404.371454,0,7.115,0,4,0,0,0,0,0
5166399,0,0,3,0,1,0,437.1355919,14389.57353,1,75.461244,49.463,140.8125742,516.0217816,0,40.689,1,0,0,0,2,0,0
5301284,1,0,3,0,0,1,591.993184,11424.44211,0,369.401834,28.001,174.7498689,800.9985619,1,21.851,1,3,0,0,1,0,0
5534954,1,0,0,0,0,0,259.5444286,8954.127305,0,402.805964,53.012,59.98282397,59.06808172,1,35.775,0,1,0,0,0,0,0
5807493,1,0,0,0,3,0,406.0325164,6095.688413,0,64.9598247,34.618,255.5201449,3559.679069,0,11.45,0,3,0,0,0,0,1
6028871,2,0,1,2,0,1,257.068026,18269.0736,0,421.775299,39.175,181.9927227,392.7652494,1,30.368,0,4,0,0,0,0,0
6254483,0,0,0,0,4,0,874.6554829,11498.79078,0,391.126469,29.857,167.2341136,616.0328152,0,5.093,0,2,0,0,1,0,0
6336007,2,0,0,0,0,1,475.8881513,14085.53698,0,156.488839,36.401,246.7258457,497.8926086,0,20.118,0,3,0,0,0,0,0
6454770,0,0,1,1,4,1,760.3485057,5070.808078,0,216.405658,21.829,104.9683433,2184.37806,1,7.121,0,3,0,0,0,0,0
6053001,1,0,1,0,3,1,1466.342105,5646.830867,0,189.263743,33.76,77.31601446,4457.612842,0,25.765,0,1,0,0,0,0,0
6494120,1,0,0,1,0,0,1542.09665,10515.185,0,529.28955,40.44,240.2809649,3067.509955,0,22.103,0,2,0,0,0,0,1
6076911,0,0,0,0,0,0,704.1850264,6745.859445,0,239.953018,18.196,219.1613513,2468.174288,0,6.369,0,4,0,0,0,0,0
5128091,2,0,0,0,4,0,1386.885196,8540.263444,0,861.916103,30.586,101.7533188,1240.157515,0,6.169,0,3,0,0,1,0,0
6498535,0,0,0,0,4,0,729.2626425,5911.079383,0,296.639335,25.275,56.04071224,3628.29219,0,25.331,0,2,0,0,0,1,0
6089891,0,0,0,0,4,1,530.143814,12755.95845,0,374.145258,37.444,98.45884523,2475.863065,0,10.753,0,2,0,0,0,0,0
5258825,1,0,0,0,4,0,46.98075683,9204.05337,0,238.093013,28.293,95.72951154,9720.384059,0,18.608,0,2,0,0,1,0,0
5519669,1,0,0,0,4,0,374.627017,13342.86873,0,346.067382,33.984,293.8243368,2861.769251,0,34.282,0,2,0,0,0,0,0
6094786,0,0,0,0,4,1,2309.492713,6993.395968,0,275.356214,14.371,211.7319267,343.9322347,1,13.504,0,2,0,0,0,0,0
6101363,1,0,0,0,4,0,818.0755437,4515.071727,0,279.394508,31.044,67.01301856,3273.883725,0,7.887,0,2,0,0,1,0,0
6104458,0,0,0,0,3,0,521.7023124,7741.913811,0,468.227895,38.458,208.8442759,1004.411638,0,34.316,0,2,0,0,0,0,0
6108416,0,0,0,0,3,0,526.3134224,6110.8409,0,536.377846,31.407,19.26307135,4177.188888,0,22.909,0,1,0,0,0,1,0
5362332,1,0,0,0,2,0,1106.200602,2845.384582,0,310.656452,33.709,11.96541099,281.0762388,0,33.544,0,4,0,0,1,0,0
6416426,0,0,1,0,4,1,329.3532443,16509.65958,0,269.35246,70.822,116.3459812,1285.9801,0,22.212,0,1,0,0,0,0,0
6133190,1,0,0,0,0,0,643.3741351,25356.49718,0,63.1350428,76.669,73.13378358,68.75999222,0,24.528,0,1,0,0,1,0,1
5406726,1,0,0,0,3,0,54.62446082,15845.86521,0,195.117795,51.588,148.8688021,1429.480371,0,26.61,0,1,0,0,0,0,0
5465880,0,0,0,0,3,0,601.2874019,5387.993695,0,227.511002,32.63,167.232832,218.7748345,0,10.223,0,1,0,0,1,0,0
5940626,0,0,0,1,4,0,1036.43307,22000.42763,0,77.2001185,49.045,119.6336024,950.0574913,1,20.779,0,1,0,0,0,0,0
6154577,2,1,3,3,1,1,448.3363835,10125.07357,1,87.0517872,24.924,42.68316067,1123.870871,1,33.853,0,1,1,0,2,0,1
6514944,1,0,3,0,0,0,965.0505636,26846.69332,0,154.51332,44.142,45.14128167,553.4874448,1,32.133,1,2,0,0,0,0,0
6595739,0,0,0,0,3,0,606.1486279,18856.51351,0,372.042567,23.44,215.6550358,588.5407262,0,27.475,0,1,0,0,0,0,0
6619515,1,1,0,1,1,0,1591.056086,546.5536138,0,81.2383642,26.137,257.7384033,4171.639833,1,13.411,0,1,0,0,0,0,1
6720977,1,1,2,0,0,1,2020.869925,11049.37144,0,56.1564186,41.698,112.0987625,1506.619078,1,33.346,0,3,0,0,0,0,0
6030767,0,0,0,2,0,1,1062.710833,12039.20995,0,155.082351,42.329,213.9118401,346.0048735,0,20.025,0,3,0,0,0,0,0
6163041,0,1,0,0,4,0,1475.508993,13859.66817,0,407.4037,35.864,42.39685896,1253.65009,1,36.226,0,2,0,0,0,0,0
6169233,0,0,0,0,4,0,1446.011144,4857.375904,0,346.997032,14.348,359.2193316,5312.543676,0,37.019,0,1,0,0,0,1,0
6518593,1,0,0,0,2,1,990.0969751,10535.88329,1,265.47107,19.329,25.71774565,1514.245721,0,21.669,0,1,0,0,1,0,0
5942182,0,1,0,0,4,0,557.4162882,13747.68423,0,166.880249,48.228,144.9609377,1632.9831,0,10.639,0,2,0,0,0,0,0
6176508,0,0,0,0,4,0,890.0686253,7891.816147,0,419.61348,22.949,619.3276023,1314.003594,0,12.129,0,1,0,0,0,0,0
5128982,1,1,0,0,3,1,598.2194657,14560.31422,0,85.5554131,54.416,138.1257406,846.2416617,1,27.356,0,1,0,0,0,0,1
6428526,1,0,0,0,0,0,3378.774603,4184.76647,0,288.57154,21.44,163.6220487,3059.225936,0,13.456,0,4,0,0,0,1,0
6464166,0,0,1,1,4,0,358.1930727,3649.654429,0,712.136943,40.473,120.2378198,785.9778552,1,38.041,0,0,0,0,0,0,0
6532889,0,0,0,0,4,0,473.8676052,6253.352597,0,252.478555,18.531,182.5340308,2476.450197,0,12.232,0,2,0,0,0,0,0
6540883,0,0,0,0,3,1,589.105833,14771.1909,0,767.070707,34.831,290.6273827,390.5032422,1,16.892,0,1,0,0,0,0,0
6541924,1,0,2,2,0,0,189.2923725,13439.20535,0,629.808634,35.623,160.9663456,2597.239323,0,33.95,0,4,0,0,1,0,0
6543294,0,0,0,0,0,0,661.1419369,8788.313314,0,232.972553,23.091,132.8327282,2810.721207,0,26.871,0,5,0,0,1,0,0
6552773,0,0,0,0,4,1,922.8311863,2559.287668,0,390.348682,10.748,279.7884628,5763.460927,0,5.418,0,2,0,0,0,0,1
6134635,1,0,0,0,3,0,1463.480837,3480.177325,0,438.643071,17.919,269.6577844,2951.503623,0,21.816,0,2,0,0,0,1,0
6556211,0,0,0,0,3,0,2536.739893,1433.674451,0,231.798762,6.778,133.0063416,2119.407195,0,7.244,0,4,0,0,0,0,0
6135025,1,0,0,1,1,0,164.1380861,8023.109657,0,229.927026,31.813,12.9302891,518.7730448,1,12.785,0,2,0,0,0,0,0
6167683,1,0,0,1,1,0,1437.568406,3490.823836,0,182.061654,14.972,79.85267731,3253.132432,0,12.203,0,1,0,0,1,0,1
6560947,1,0,0,0,3,0,760.4554716,3825.484456,0,300.897946,34.633,258.7483809,2030.691116,0,5.944,1,1,0,0,0,0,0
5489851,0,0,0,0,2,0,611.3342143,14622.58798,0,102.097626,60.094,48.32884391,622.0510599,0,27.59,0,0,0,0,0,0,0
6564221,0,0,0,0,4,0,707.4600568,14970.86127,0,246.577191,23.48,130.024928,684.3622682,0,7.73,0,1,0,0,0,0,0
6566846,0,0,0,0,4,1,1976.617467,8817.100144,0,249.33394,17.219,15.59144499,858.0018274,1,14.919,0,3,0,0,0,0,0
6569267,0,0,0,0,4,0,544.2708737,11747.95284,0,609.425495,34.305,223.3634111,313.5327454,0,17.568,0,2,0,0,0,0,0
6569420,0,0,0,0,4,0,215.860439,19927.47432,0,198.617607,35.169,124.6266817,847.3854388,0,27.603,0,1,0,0,0,0,0
6577735,1,0,1,0,3,0,836.2514575,26299.27626,0,265.892544,38.574,68.79545524,45.70015744,1,20.616,0,1,0,0,0,0,0
6579575,1,0,1,2,2,1,198.8083524,7114.771968,0,450.861839,21.453,193.5957033,1117.214807,1,17.31,1,1,0,0,0,0,0
6559123,1,0,3,2,2,1,291.4740552,5906.45502,0,234.736678,15.273,75.65421398,634.6919687,1,11.785,0,1,0,0,0,0,1
5662172,0,0,0,0,4,0,349.5986786,5902.179657,0,300.376797,28.863,68.41322079,4633.857492,0,4.823,0,1,0,0,0,0,0
6581890,0,0,0,2,4,1,625.8461442,6086.166549,0,245.688711,29.524,108.7515789,1797.907521,0,27.748,0,1,0,0,1,0,0
6474938,1,0,2,1,0,1,456.53798,16622.35305,0,411.310876,46.01,136.9871509,461.6194998,1,17.446,0,4,0,0,0,0,0
6582984,0,0,0,0,2,0,326.2578304,14640.87742,0,41.4172992,41.718,118.7458728,2718.051797,0,28.103,0,3,0,0,0,0,0
6591060,1,0,1,1,4,1,766.0586923,12436.82647,1,63.8281976,38.75,141.7238753,990.5706097,1,33.786,0,2,0,1,0,0,0
6559342,0,0,0,0,2,0,561.4001293,22484.68524,0,275.943253,25.584,150.570541,521.168016,0,19.531,0,3,0,0,0,0,0
6606264,2,0,3,2,0,1,1796.628649,4988.619499,0,625.056296,18.56,82.40807657,2582.103564,0,23.695,0,0,0,1,0,1,0
6614254,1,0,0,0,4,0,473.5317965,10150.51159,0,274.688454,27.976,172.0461567,1104.730921,0,21.589,0,3,0,0,0,0,0
6560925,0,0,0,0,3,1,782.5529946,4102.305206,0,213.125092,13.264,89.39565249,764.5003598,0,4.052,0,4,0,0,0,0,0
6618932,2,1,3,2,0,1,1809.352257,8361.34581,0,574.940482,9.139,99.36391296,4873.22336,1,40.727,0,2,1,0,1,0,0
6528374,0,0,1,1,4,0,692.176419,14970.86127,0,163.775876,32.095,110.7041498,391.6834243,1,18.648,0,1,0,0,0,0,0
6623789,0,0,0,0,0,0,975.9978419,11595.22839,0,423.240978,43.357,239.7995004,331.2068087,0,25.305,0,0,0,0,0,0,0
6625064,0,0,0,0,4,0,1288.767065,11324.21876,0,29.4673222,18.466,165.5037892,168.8032385,0,22.505,0,1,0,0,1,0,0
6632906,1,0,0,0,4,0,730.0266302,5229.977457,0,489.026461,33.354,134.7362697,7110.218926,0,21.859,0,2,0,0,0,1,0
6646935,1,0,3,2,2,1,587.7180792,8176.231093,0,154.279941,60.352,45.98338097,2914.254932,1,23.589,0,3,0,0,0,0,0
6656160,1,0,1,0,4,0,930.1022026,4587.939208,0,331.942963,14.228,228.7555349,2087.799581,0,7.586,0,2,0,0,0,0,0
6657404,0,1,0,1,0,0,405.1654417,20096.63077,0,368.35497,30.687,97.7370208,408.1963866,0,30.958,0,2,1,0,0,0,0
6661366,1,0,0,0,2,0,967.7131223,6968.7867,0,337.231198,16.659,137.1452105,109.2541411,0,19.767,0,0,0,0,1,0,0
6665300,1,0,0,0,2,0,320.2933364,7429.689656,0,483.009205,30.629,9.983520766,426.1197036,0,7.589,0,3,0,0,0,0,0
6666732,2,0,2,1,0,0,2666.829724,8327.324937,0,341.491236,21.089,235.1266727,1240.149942,1,19.154,0,0,0,0,1,0,0
6674227,0,0,3,0,2,1,380.2736342,11313.78891,0,112.532137,24.154,187.986956,2417.498228,1,33.273,0,2,0,1,0,0,0
6589150,0,1,0,0,0,0,772.4800065,16348.38898,0,438.876611,37.514,84.43527363,411.302629,0,14.937,0,4,0,0,0,0,0
6617369,1,0,0,0,3,1,564.0457745,18787.59912,0,318.76732,35.611,218.0671287,356.4602067,0,38.451,0,2,0,0,0,1,0
6651448,1,1,0,0,0,0,1588.315937,4891.595672,0,252.15459,24.005,271.6417616,5091.283007,0,8.918,0,1,0,0,0,0,0
6681950,0,0,0,0,0,0,1739.163274,16439.85416,0,207.391907,40.796,155.208066,1409.759232,1,32.853,0,0,0,0,0,0,0
6681930,2,0,1,1,2,1,533.995638,18634.95398,0,321.23293,42.275,296.0447644,411.5385727,0,36.494,0,3,0,0,0,0,1
6687385,2,0,2,2,0,1,785.4168474,7633.976569,0,60.8226336,54.183,287.5604286,250.349517,0,10.008,0,2,0,1,2,0,1
6691559,0,0,1,0,4,1,747.8679249,16030.51435,0,193.6165,22.484,27.42538113,1714.399369,0,35.049,0,3,0,0,0,0,0
6719834,1,1,3,2,1,0,439.864075,5906.45502,0,421.995487,16.767,163.0897526,534.0371735,1,10.333,0,1,1,0,0,0,0
6723160,0,0,2,0,0,0,457.9803895,17056.56889,0,229.852387,50.85,56.32122635,324.4353793,1,38.088,0,0,0,0,0,0,0
6725888,0,1,3,1,0,0,1213.32214,11587.0911,0,633.304301,35.409,341.3108696,5679.952093,0,38.527,0,3,1,0,1,0,1
6728271,0,0,0,0,0,0,548.6769523,16330.10516,0,574.684773,39.486,124.3338979,1995.147276,0,30.64,0,2,0,0,0,0,0
6731242,1,0,0,0,4,0,462.2421257,16156.90885,0,225.440943,32.805,104.3445748,1126.446737,0,13.879,0,2,0,0,0,0,1
6731283,1,0,3,1,0,0,653.3401018,5085.711608,0,72.0534962,16.84,79.50656525,4148.520792,1,12.514,0,2,0,0,1,0,1
5554352,0,0,0,1,4,0,403.0567338,16046.72674,0,337.167374,42.372,302.8393247,2180.858646,0,36.039,0,1,0,0,0,0,0
6310219,1,1,3,2,0,1,848.698865,9673.266075,0,336.425331,26.204,116.8276323,1558.182686,1,37.117,0,4,1,0,0,0,1
6643680,1,0,0,0,1,0,609.9845874,18848.20541,0,530.929091,37.496,34.02678832,599.6813092,0,30.432,0,4,0,0,0,0,1
5945439,0,0,0,0,4,0,605.8409827,4853.405158,0,621.291207,23.381,183.160471,3992.968729,0,6.094,0,2,0,0,0,0,0
2868139,0,0,0,0,3,0,424.462578,18626.24874,0,258.797975,27.221,109.8746767,2254.635626,0,33.441,0,1,0,0,0,0,0
1337683,1,1,3,3,0,1,685.2417233,10384.81142,1,538.552025,36.885,103.8091591,560.4589497,0,30.802,0,2,1,0,0,0,1
2165398,2,1,1,1,0,0,374.3767721,13342.86873,0,438.780027,33.984,113.8500045,2976.62626,1,34.282,1,4,0,0,0,0,1
6705296,1,0,2,1,2,0,375.3611775,12063.97015,0,491.037589,38.329,58.9703984,685.0429005,1,26.623,0,3,0,0,0,0,0
2261994,0,1,0,0,0,1,1843.152874,12072.63517,0,228.229917,32.808,229.4950686,790.7714574,0,25.598,0,2,0,0,0,0,0
6295426,1,0,1,0,0,0,238.0193563,4376.11469,0,625.363993,20.333,96.68149967,5386.871384,0,9.478,0,3,0,0,0,0,0
6192098,1,1,3,2,1,1,1386.367256,5097.076868,0,361.477398,25.352,55.29005088,1231.424951,1,21.568,0,3,1,1,0,0,1
4250443,1,0,0,2,0,1,1139.40486,9031.885262,0,62.3454541,15.948,266.9399576,2745.378086,0,22.427,1,3,0,0,0,0,0
726859,1,1,2,3,1,1,625.291267,10735.92148,0,514.548449,42.087,98.03455527,1358.976269,1,16.053,0,4,0,0,0,0,0
2830306,0,0,0,0,0,0,1793.625204,1043.821165,0,144.901459,7.008,418.330649,3189.874495,0,8.478,0,4,0,0,0,0,0
4231235,1,0,0,2,4,0,90.62283177,8063.637997,0,316.988507,29.429,66.84679999,305.9814414,0,24.049,0,1,0,0,0,0,0
1755786,0,0,0,0,4,0,815.4552885,4973.721458,0,718.205382,11.051,125.9155104,4428.326578,0,9.788,0,2,0,0,0,0,0
3990342,1,0,3,2,1,1,298.851607,11092.14226,1,357.526308,29.106,89.55369263,2174.780908,1,19.198,0,2,0,1,0,1,0
5249368,1,1,2,0,0,0,846.8290036,11077.24846,0,381.557969,41.216,222.9820076,3354.851396,1,23.433,0,4,0,0,2,0,0